{"train_acc":[65.71748389210441,32.41509227913072,25.155618652397067,22.949656000873645,21.11772414546249,19.834552801135743,19.37588729933384,18.859888609806703,18.44490553674784,18.092715955007094,18.05722398165338,17.7159550070984,17.77874849841652,17.724145462487712,17.025226602599105,17.115321611881626,17.131702522660262,16.940591896909467,16.648465654690398,16.749481271158672,16.58567216337228,16.918750682537947,16.604783225947358,17.074369334935028,16.692148083433437,16.552910341815007,16.962433111280987,16.664846565469034,16.40548214480725,16.59932292235449,16.528338975647046,16.44643442175385,16.46827563612537,16.432783662771655,16.421863055585888,16.59932292235449,16.602053074150916,16.708528994212074,17.1480834334389,16.918750682537947,16.96789341487387,17.093480397510106,17.2163372283499,17.65043136398384,18.032652615485418,18.474937206508685,18.769793600524196,19.253030468494046,20.066615703833136,20.844708965818498],"train_loss":[1.8501860294798205,0.9609312743381393,0.7632018986182584,0.6939105720606983,0.651597998321115,0.6131051900254804,0.5988342801699462,0.5868634638749083,0.5769236308720951,0.562561832766248,0.564714818441075,0.5550981913186245,0.5545771351688044,0.5512924842325715,0.5425475039661249,0.5405100110096092,0.5430800541983143,0.5394069623567007,0.5334217485345137,0.5325370433615118,0.5329331957976267,0.540514143137246,0.5323783811281456,0.5401750494197842,0.5323531613790456,0.5338274681328607,0.5362123413756124,0.5315599089446281,0.5256450878938526,0.5355935074284021,0.5357166449159492,0.5367012310199919,0.5356632074349518,0.5400974104091227,0.5344660297220055,0.5430449543788702,0.5376258500280815,0.5433624993964575,0.5505713591041088,0.547325695265299,0.5637443621723337,0.5650216687763181,0.5705164999528081,0.5812672237336043,0.5915874154159982,0.6152073546399505,0.6180572566200294,0.6359216183622526,0.6652493403378931,0.6903900912205856],"valid_acc":[41.95582734866427,27.72666466502659,22.364792924681183,20.958803133503835,18.788391709819123,18.881214340448665,18.130443090914625,17.09301373437151,16.02828359980103,17.360561304926335,15.296622893803047,15.25021158202918,15.348494361765589,14.949903084340107,14.346556009617899,14.141800211279715,13.614895302578475,13.898823337741874,14.248273225507432,14.087198666055983,13.964345193051784,14.428458326412056,14.207322068255948,13.399219198944749,13.257255181779627,13.232684485387495,12.784951814552912,13.388298888233692,12.509214010131643,12.976057221794534,12.487373393083587,12.765841272683176,12.615687024984226,12.97878729905571,12.380900380522178,11.788473615886161,11.769363075057854,11.818504465759204,12.077861803489043,11.84307516110988,11.632859210332214,11.469054572578145,11.57825766302561,11.990499332172519,11.559147124905053,11.540036582410437,11.733872068579544,11.777553304133662,11.39261241030637,11.613748669087329],"valid_loss":[1.2183393016911155,0.8400139028500949,0.6751291399577602,0.6400049532715071,0.5674739555799782,0.5719187565801015,0.5562011116067616,0.5249618983697681,0.4946406302321354,0.5367799265375106,0.47190919460296477,0.4850520472788994,0.47480055396946874,0.4636893874743819,0.4499878462603046,0.4509373657494265,0.4286764262552724,0.44013114724256486,0.4482507201825903,0.4410179048819749,0.44167096875393375,0.44807462542765025,0.44292005955840985,0.4254637886972841,0.4179876963750987,0.4216344648221939,0.41034550218533467,0.4246621911399907,0.41083481691745366,0.41963764738498266,0.39469126542118527,0.41269793174393027,0.4073220883658602,0.4092921491236055,0.39966398398551195,0.38581858188912216,0.38469608869732,0.3889593412013099,0.3941962746897452,0.3924221036823347,0.38607260794177317,0.38670112092839487,0.38453615443943895,0.40766701236993313,0.3898027241823958,0.386198921736327,0.39204104639195786,0.39807371338122816,0.3867454932424255,0.39469023947284015]}