{"train_acc":[63.13749044446871,31.59604674019876,25.47504641258054,22.594736267336458,20.9812165556405,20.126679043354812,19.42229987987332,19.12471333406137,18.332969313093813,18.322048705908045,18.114557169378614,18.021732008299665,17.756907284045,17.46751119362237,17.35284481817189,17.350114666375447,17.249099049907173,17.052528120563508,17.4292890684722,17.153543737031782,16.940591896909467,16.896909468166427,16.69487823522988,16.83411597684831,16.839576280441193,16.67303702085836,16.774052637326633,16.58021185977941,16.47100578792181,16.80408430708748,16.56383094900076,16.55837064540789,16.487386698700448,16.509227913071967,16.640275199301087,16.69487823522988,16.97335371846674,16.76859233373375,16.853227039423388,17.249099049907173,17.01157584361691,17.358305121764772,17.505733318772528,17.729605766080596,18.19646172327181,18.332969313093813,19.25849077208693,19.542426558916674,20.361472097848647,20.95664518947254],"train_loss":[1.7792235860869368,0.9472359930621467,0.7733666721560152,0.6902677230248092,0.6450187644089389,0.6250441042443765,0.6039477619031793,0.5917660906167221,0.5772505593935162,0.5712210327969428,0.5643251833338215,0.5614369319485593,0.5596725187233159,0.5498657540826151,0.5529472848936058,0.5482563068607144,0.5437656207559566,0.5449441958654522,0.546995142993675,0.5433352680800978,0.5370903199932597,0.5367752449102663,0.5315489381945548,0.5412985916427745,0.5370061449137814,0.5377384428798573,0.5410562398405826,0.5347378267606064,0.5320984854849975,0.5357503149887484,0.538753783304488,0.5338727510937491,0.5401101070706912,0.5383816407935463,0.5443265952826509,0.5495770573616028,0.5534835409438543,0.5504256994902366,0.5550583378709116,0.565503869887144,0.5704607692844836,0.5749995223465895,0.5827347358736107,0.5873642243120274,0.6026056798652386,0.613313283441342,0.6291408874497242,0.6477097403967994,0.6756134061908649,0.6861726817077615],"valid_acc":[40.312320838992164,29.665019522135296,21.9962324927547,20.554751699889678,20.470119305417754,17.707281115430717,17.854705287534784,16.83911654637342,16.388653799943953,17.123044581536817,15.766196185434879,15.861748885827211,15.465887686704363,15.282972508538563,15.52048922859548,15.703404407386145,14.24827322717374,14.911682001017198,13.994376040217091,14.343825929648958,14.158180677554583,13.560293754646992,13.713178082314883,13.634005841740475,13.530262908523142,13.754129243940426,13.39375904546381,13.183543095311009,13.197193481616935,12.528324552626245,12.951486525402416,12.951486528110152,12.318108600807136,12.49556362278426,12.219825822112185,11.58371782129717,11.946818095993535,11.90040677984561,11.78028338035341,11.955008328818536,11.944088018107479,11.515465887059761,11.611018591826152,11.960468481258019,11.774823228538779,11.62466897917352,11.591908050372979,11.479974882664337,11.690190830734252,11.638319363813153],"valid_loss":[1.2127342098952805,0.8828418236187705,0.6644607085281314,0.6278872973434839,0.6154862549978222,0.5465514496904083,0.5439662432172003,0.5177179953921075,0.5020748945042328,0.5395793376296272,0.49222984270745007,0.4928199632454408,0.4765635002479203,0.4732725059176719,0.48196570165210234,0.48863220132911567,0.44995552470559796,0.46768951371754347,0.4406166258961293,0.4482021490053722,0.4487279558956986,0.4211432418464531,0.4365328952603787,0.435037358690953,0.4335546722273207,0.4305020735994396,0.42095439740918855,0.4211378960181599,0.42717010540765515,0.40054011353127295,0.41566989446839087,0.41765209219080734,0.3999462999413037,0.40375902563469385,0.398741983360752,0.3800596607104381,0.38909606629997184,0.39784061767435697,0.3905415192926629,0.39995428107630276,0.3916212179635477,0.3908131286062933,0.3847210406278186,0.3982971548312432,0.386877668526243,0.39170847806917136,0.3930925980839644,0.3956190627860041,0.391815819482685,0.3983955962415663]}