{"train_acc":[35.172545593535,62.09730261002512,65.57005569509664,67.91798624003495,68.62236540351644,68.58414327836628,68.61144479633067,69.32128426340505,68.94998361908922,69.14109424484002,68.73430162717047,68.65512722507371,69.03188817298242,69.00185650322157,69.12198318226493,69.31582395981216,68.87080921699247,69.37042699574096,69.46325215681992,69.482363219395,70.04477448946162,69.83728295293218,70.24407557060172,70.40788467838811,70.54985257180299,71.2214699137272,71.6118816206181,71.98864256852681,71.88216664846566,72.39543518619635,72.6520694550617,73.33460740417168,73.25816315387135,73.90247897783117,74.28197007753631,74.67511193622366,75.53237960030577,76.16577481707984,76.64901168504969,77.10767718685159,77.39707327727422,78.2516107895599,78.13967456590586,78.9150376760948,79.69040078628372,79.84328928688436,80.24462160096101,80.45484328928688,80.89166757671727,81.01452440755706],"train_loss":[1.8265173606533038,1.1198472702517523,1.024115984000089,0.9646862959437357,0.9516025272677973,0.9482463612181008,0.9419549795442681,0.9350923049315831,0.9517285597172056,0.9473532374618329,0.9530636356089643,0.9581919019758877,0.9534863055605054,0.9477110556982302,0.947509656830413,0.9461643231205379,0.9598146068798581,0.9397374813351241,0.9491371250548346,0.9414745686134163,0.9286869972817331,0.9310161223562052,0.9242293325797873,0.9157416078673839,0.9119978350974384,0.9024022711511912,0.8863588844023118,0.883135476408664,0.8778363276585046,0.8700203967885939,0.8598182197610168,0.8417079359328784,0.8404659194509913,0.8259187589061954,0.8097760866364498,0.802047702628764,0.7804183680293627,0.7594753945708288,0.7537383046670422,0.7392975245485975,0.7254625484550755,0.7073624551563111,0.6966639664921163,0.6791397026497242,0.6669657118809695,0.6542789359611886,0.6431485016728458,0.639171128607843,0.629581933525617,0.6291817363867843],"valid_acc":[50.26072237823502,56.74465587292807,61.79802888338427,68.50582871453605,68.9153403043389,68.42392639565902,61.9181522833972,69.84356657355887,68.71331458638623,71.95664637434209,69.55963853860378,68.0608261210668,67.06707799684933,71.05299079880648,73.66567473651222,65.56280542697702,66.88143274423423,71.3123481386192,73.04594719884776,71.97848699243158,72.4753610506349,70.9164869351223,72.90671326123498,73.11419913204372,71.541674627934,74.51745884262726,75.7842146934841,74.94062081811117,74.69491386397952,76.17188566394772,78.35048732004086,77.29121734207563,79.26506319920571,75.2054383118214,78.79548991298938,79.77285757249415,79.60905293744783,79.66638455930787,80.68470337606414,81.06418411703535,81.61019956656492,82.25176772565149,82.76229217182706,83.65502743790134,84.37303775551051,84.76889896046544,84.25018428188143,84.61874471110018,84.55595293513433,85.12926915790061],"valid_loss":[1.5186991601797544,1.2971723172792804,1.1111527251300324,0.9457975192361481,0.946329590355124,0.9585973868619612,1.1645445005974875,0.910514509753717,0.9787950340719753,0.8563385190081514,0.9314370642859428,0.9653158313978307,1.0111975909620274,0.8706327979767553,0.8105703426890163,1.0487117090884972,0.9856112528701272,0.8718313487586474,0.8356976558497635,0.8541641842560965,0.8348227582955107,0.9016187022784121,0.8400343152677343,0.82937105336657,0.8516108518495695,0.7765077472257069,0.7359280564242218,0.791571346911365,0.7643399038385508,0.7290360322796992,0.6723362569151029,0.6946407338262252,0.6444606900779806,0.7567631819794045,0.6579557111745984,0.6262322714388389,0.6250942880943499,0.6212506622809112,0.5929065406722783,0.5871472677661446,0.5597989703803817,0.5430180399762985,0.5330888238101656,0.5112731409159446,0.48542033277339913,0.4739243344109957,0.48492360619458974,0.47960891251469123,0.4807134847049127,0.4653196222802508]}