{"train_acc":[32.963852790215135,61.261876160314515,65.74205525827236,67.48935240799389,68.16643005351098,68.12274762476794,68.7779840559135,68.84077754723162,68.73157147537403,68.52681009064104,68.58414327836628,68.67150813585235,68.82439663645299,68.33296931309381,69.06464999453969,68.61690509992356,68.5377306978268,68.98001528885005,68.79982527028503,68.89811073495686,69.09741181609698,69.37588729933384,69.77721961341051,69.63798187179208,69.83728295293218,69.9683302391613,70.79829638527902,70.84197881402206,71.11772414546249,71.61734192421099,71.95861089876597,72.41454624877143,72.62203778530086,73.36190892213607,73.35917877033962,73.76324123621274,74.70787375778093,75.53510975210222,75.61428415419897,76.30774271049471,76.67631320301409,77.71923118925412,77.85573877907612,78.97237086382003,78.86589494375887,79.47198864256853,79.76411488478759,80.31287539587201,80.15998689527137,80.50671617341924],"train_loss":[1.8861022115053145,1.1370923243665638,1.0210684771242002,0.9831077125482037,0.9649608139844913,0.9643717686317888,0.9471681857976094,0.9530647920770677,0.9560591237857715,0.9550702429447838,0.9598280217197898,0.9607733718377997,0.9595709148681723,0.9704830381590895,0.9483916487862505,0.9622382080436495,0.9671538742892773,0.9534156122647142,0.9569569281567337,0.9571192195950031,0.9503587586033275,0.9481649821640636,0.940887105097817,0.9385960211696044,0.934067818071041,0.9330913354648283,0.9138477660102903,0.906168018663712,0.9028943820565734,0.8877063566802357,0.8749719296817086,0.8681927071305567,0.8571317925897893,0.8445847229990386,0.8334800647806624,0.8215606712196232,0.8035833384254633,0.7822517514736538,0.7727928626897932,0.7555369184281975,0.7436393922113677,0.7235868053495123,0.71425835585326,0.6862153352133582,0.6804500277599315,0.6634159666411127,0.6572501808453741,0.6508844675905282,0.6501043776803446,0.6439881863436012],"valid_acc":[47.93469655222485,60.143602063105256,65.21881569206752,66.74765895791538,64.68372054720867,70.68989052348525,71.79557181530723,68.41573616387547,70.8018236895276,66.73400857369234,67.07799830703966,66.60023478633202,71.92934560173022,68.53039941155305,71.64268748597303,69.8517568026347,69.2839007323079,74.22261050112688,72.05492915241219,65.98050724856341,66.26989543658287,71.11578257727179,72.50812197943546,74.06153593938426,69.39037374716048,72.57364383432879,73.1851811402097,71.67544841643988,71.7710011189151,77.20931502319858,77.34035873173555,73.1114690535328,77.33489857721317,76.42578284986293,77.62974691975501,79.38518660140566,79.66911463490275,79.7810478042777,80.71473422593718,80.24243085933534,82.00060061658088,82.48109421559114,82.20262633599157,83.23186545970968,83.79153129991923,84.27475497723212,84.1983128101697,84.76616888153794,84.75797865204555,85.39408665431857],"valid_loss":[1.5314601192199946,1.2062201837040667,1.021854339319878,0.9892541193487591,1.0542300193871317,0.896815628439018,0.8535124231928765,0.9643828750434504,0.8808639023445166,0.979638925286436,1.0055309908113217,0.9944395264978051,0.8516741636904053,0.9312752017130895,0.8574658161384011,0.9281657118186627,0.9247864239397257,0.7881883030090185,0.8507942510258475,1.0266423619393292,1.0907109373861443,0.8668203725871838,0.8360922282260669,0.7779894134310905,0.9313204644167595,0.8177940618064643,0.8248014725794965,0.8353980076251508,0.8522554161429565,0.6926303023351961,0.6907052272999035,0.8210659624683811,0.7105918138012676,0.7099977516419159,0.6812711600254415,0.6273704087621291,0.6185138829453363,0.6143280722174631,0.5951526025447204,0.6033807499291755,0.5530651934369034,0.5389242319442504,0.5470033673424989,0.5148373373745148,0.5030976101349689,0.49467655349582934,0.4979464815465104,0.4750185694506148,0.46786255128501647,0.45615409474387963]}