{"train_acc":[69.568,64.50800000000001,63.32,62.988,63.736,63.352,64.924,62.908,62.668,60.6,61.156,60.804,59.244,59.892,58.264,59.188,58.696,57.652,57.6,57.692,56.184,55.996,55.44,54.824,53.676,52.784,52.624,52.004,50.696,50.58,48.956,48.248,47.836,46.984,45.684,44.06,43.552,42.632,41.116,39.6,38.26,37.136,35.480000000000004,34.43600000000001,33.215999999999994,32.128,31.296000000000006,30.396,29.111999999999995,28.459999999999994],"train_loss":[1.8472544775009154,1.7284149842834473,1.6982126350021363,1.6945092449951171,1.697808013572693,1.6886696170806885,1.7208741834640502,1.6905873083114624,1.6916169509887695,1.6463347122573853,1.662920201072693,1.650893571434021,1.6217346478271484,1.628236228904724,1.597936248474121,1.61508272895813,1.60108138671875,1.5798898926162719,1.5776882693099976,1.5737916260147096,1.5401992276382446,1.5354738712310791,1.518894614906311,1.503465888595581,1.485210843887329,1.464384118309021,1.4576729537582398,1.4426743368911743,1.4055421515655517,1.394718187904358,1.370632884902954,1.349218939857483,1.333618352394104,1.305083405418396,1.2830696852111816,1.241444328994751,1.2230803701019286,1.1977835069656373,1.1671782197570801,1.1236432723236085,1.0910031776046754,1.0563435796356202,1.018596723098755,0.9908219515609741,0.9562301942062378,0.9280968048095704,0.8994788775825501,0.8733071061325073,0.8519162249946595,0.8379424938774109],"valid_acc":[74.988,64.196,69.276,65.936,69.568,73.776,71.46000000000001,73.72800000000001,66.29599999999999,70.064,64.256,86.26,67.196,75.18,63.352,68.53999999999999,60.212,71.928,63.14,58.88,63.664,70.468,57.376,57.248,53.988,73.97200000000001,59.356,61.216,52.28,51.9,57.36,59.104,53.472,57.416,48.376,47.108,47.616,46.052,50.216,42.176,42.068,40.024,38.216,37.808,37.664,32.804,33.208,31.376000000000005,30.323999999999998,29.519999999999996],"valid_loss":[1.9807782657623292,1.80462165184021,2.184346408920288,1.9596422472763062,1.854860086593628,2.757831597366333,2.0508844158172606,2.408951273880005,1.7822222536468506,1.963093706703186,1.927513579788208,2.7536416963195802,1.7890660077285767,2.7499162580108645,1.725369810180664,1.918228763999939,1.695175047302246,2.0516032023620605,1.7562995413970948,1.59828874710083,1.8162408777618408,2.1792326622009277,1.556719542579651,1.5583200625228881,1.5060824602890015,2.2050929982757568,1.6849604876708983,1.8748021300506592,1.454881912727356,1.4460564296722411,1.6938422891616822,1.6714150967788697,1.4953780711746216,1.6650071933746338,1.3870272343063355,1.382078192062378,1.2963551741409303,1.3550532912826538,1.4367952326202393,1.1871099176788331,1.1681328028869629,1.1159550611495972,1.090617848815918,1.0810538415908812,1.081644056224823,0.9259528106689453,0.9424104821014404,0.9174231749725342,0.8855154280281067,0.8531478098869324]}