{"train_acc":[67.596,63.46,62.436,61.984,63.092,62.716,62.28,62.592,62.976,61.636,60.968,59.504,59.064,58.872,59.092,58.072,59.62,59.424,58.788,57.156,57.996,56.292,55.12,54.468,53.356,53.088,51.98,51.012,51.244,49.596,49.208,48.56,47.512,46.976,45.732,44.772,44.06,43.176,42.024,40.288,39.624,38.652,37.068,36.032,34.84,33.751999999999995,33.248000000000005,32.44,31.872,31.183999999999997],"train_loss":[1.8179953942489624,1.6950741300201415,1.6761803818130494,1.6874697305297852,1.6920108603286743,1.697894327430725,1.6875872483825685,1.6874876190948487,1.6909253622055054,1.6716802660369874,1.6492312969207763,1.6169842539596557,1.619832321548462,1.624453307723999,1.6341733993530274,1.6146051834869384,1.63668510345459,1.6434542352676391,1.6208760500335693,1.584543645362854,1.612271570968628,1.5654096273040772,1.539216676673889,1.5154322748184204,1.4945941746902467,1.4866915747833251,1.4676857089614868,1.4377634112548827,1.4316141037750245,1.4074998601531983,1.3857331848526,1.3677912462615966,1.3407675972747803,1.3180247609329223,1.297800620880127,1.2730899298858642,1.2500953644943238,1.2212282110595702,1.1848680782318115,1.1538097408294679,1.126713056564331,1.0983385160446166,1.0644690240478516,1.0293638572883606,1.0000614813232422,0.9723724724006653,0.9457228907966614,0.9318858535766602,0.9135146195411682,0.9016589574813842],"valid_acc":[69.224,64.256,66.108,77.368,74.788,72.424,60.936,70.62,67.356,65.368,62.88,63.66,64.18,69.792,66.388,63.32,65.816,63.376,70.008,67.25999999999999,59.22,62.16,57.56,57.7,65.456,64.664,56.9,66.92,63.344,63.3,51.216,56.5,51.252,52.692,45.516,53.532,44.056,68.74,44.892,42.892,42.948,42.632,38.54,35.495999999999995,35.784000000000006,35.31999999999999,33.312,33.928,33.56,34.388000000000005],"valid_loss":[1.9176509343719483,1.7402892893218995,1.8200574774551392,2.072242646102905,1.9503382080078124,2.110982928123474,1.6467490446853639,1.9906779677581787,2.0853995642852783,1.7459479870986938,1.6917971236419678,1.7941066737365723,1.7493043402481079,1.8028516655731202,1.9771318439483643,1.8436436075210572,2.0351579792022707,1.7823119165039063,1.990582712135315,1.820114359817505,1.6632878869628906,1.7083394989013672,1.5657952520751952,1.6034500366592408,1.8150487781143188,1.7497133477783202,1.610062587814331,1.9634670779418946,2.0968513751220703,1.742086490135193,1.402652733078003,1.7088323023223877,1.4404620743179322,1.5745645931243897,1.306264980392456,1.5701900104141235,1.2576054595565795,1.8645552014923095,1.26472059425354,1.2075526850128173,1.2206048085784913,1.2535856280136108,1.1026596725654603,1.0091966574859619,1.0176389196586608,1.013308798236847,0.9494468367958069,0.9690411447525025,0.9553918479537964,1.0135442615509034]}