{"train_acc":[30.59135087910888,66.44370426995741,74.2191765862182,77.56634268865349,78.60926067489352,79.69040078628372,80.1408758326963,81.01452440755706,81.13738123839686,81.54144370426995,81.38309490007644,82.23763241236213,82.10112482254013,82.57617123512067,82.78912307524298,82.95566233482582,83.0839794692585,83.5426449710604,83.29420115758437,83.63000982854646,83.61635906956427,84.08321502675548,84.45178551927488,84.41902369771759,84.37261111717811,84.79032434203341,85.26264060281751,85.2271486294638,85.47013213934694,85.75952822976957,85.78955989953042,86.49939936660478,86.1308288740854,86.59222452768374,86.86796985912417,86.99628699355684,87.33482581631539,87.49044446871245,87.80441192530304,88.09107786392923,88.23850606093698,88.75723490226056,88.74085399148193,89.14764660915147,89.47253467292782,89.71005787921808,89.51894725346729,89.80561319209347,89.71005787921808,89.91481926395107],"train_loss":[1.9372332806512753,0.9955857486147879,0.7799266901966057,0.6887851939576805,0.6516775517819346,0.6241382698610749,0.6087004332169053,0.5869409225973042,0.5824232566977635,0.5688682815823425,0.5712456446203249,0.5511686533861992,0.5555286535376269,0.5410519585320949,0.5381379220323478,0.5357896372638468,0.530244867373622,0.5180110737097189,0.5219515697383537,0.5138212992619827,0.5102700292901388,0.5011178974672034,0.4929015196618183,0.4894345773708824,0.48592561050522104,0.4749584339865824,0.4635835272477966,0.4650117491379151,0.4568982333371222,0.4507237377906973,0.44483525787910494,0.43323103867921164,0.4340987113400345,0.4273431688283512,0.4127022131400375,0.4085289370229935,0.4030892394073824,0.39490117814664016,0.382594621173677,0.38046479162345015,0.3724092611211271,0.3613732331826513,0.35653718415860514,0.3484398178545502,0.33973337186971736,0.3329838736486628,0.3370803963985716,0.3287017013850373,0.32594431809648955,0.32429357616873017],"valid_acc":[52.289169782046855,72.53269267645244,74.49834830221555,78.60165442473739,79.7209861045316,80.69562368677518,81.47096562895214,80.75841546378247,82.03336154309025,83.14177291175683,80.68197329838637,82.4810942128834,81.87228698530512,84.43309945567319,83.64956728442041,82.90698626666993,84.9681945994906,84.26656474169937,84.65969586731022,84.42217914662844,84.7142974135754,84.23107373834539,85.15656992884617,85.4732588911438,84.58871385956081,86.79188621162949,87.3515520485064,86.76185535946526,87.06762401271814,87.33244150601179,86.99118184940492,87.20139780122403,87.53719730434997,87.7938245669015,87.46621529451768,88.77392230366745,88.66471921217855,89.10972180575195,89.01143902372438,88.92134647306378,89.5738349411951,89.33904829673305,89.9478555232699,90.27273471735109,90.18810232225431,90.4119686576716,90.31095580171545,90.45837997111177,90.4829506691702,90.96617434065102],"valid_loss":[1.385187304160848,0.8259814573631535,0.7743279172781921,0.6457750292351441,0.6239758250594819,0.5899285266663584,0.5679849668771395,0.5859613389670955,0.556307012502416,0.5241833308298681,0.5939009963673623,0.5401213645931804,0.5524056156514308,0.48406334848547,0.5086022069147684,0.5283256198567812,0.46592274758058705,0.4907465133243516,0.47781176684597837,0.4846091830115988,0.478252411755184,0.5038149432021123,0.4608898954955941,0.45977741340580813,0.47884430015043844,0.41024716704804776,0.3973074972738573,0.40814406487145627,0.4066398401586185,0.40416618535044074,0.40584928589789643,0.40203771742781397,0.39244643463834655,0.38275531382316513,0.39815321682080673,0.360821699588997,0.35692547184461104,0.34872923790554233,0.3534288543523043,0.35922454731083414,0.33463089167197096,0.3409871449093225,0.32828297445312526,0.31648941804717723,0.31958183155992165,0.31588677334620785,0.32101800825187804,0.31458216506347386,0.31180800984039814,0.3005603590316609]}