{"train_acc":[37.452,51.216,58.024,63.208,65.148,67.44,68.244,70.12,70.972,71.356,72.348,72.7,73.688,74.0,74.016,74.592,75.028,75.372,75.32,76.1,75.988,76.912,77.008,77.664,77.42,77.712,77.988,78.644,78.696,79.292,79.712,79.784,79.592,80.2,80.488,80.808,81.58,81.96,82.4,82.404,82.872,83.104,83.264,83.96,83.66,84.336,84.344,84.468,84.748,84.612],"train_loss":[1.6935073456954957,1.3424121153640747,1.1735747355651855,1.053016146621704,0.9883799122619629,0.9406321778488159,0.9016856944274902,0.8587851020431518,0.8349411361122131,0.826582003440857,0.7964809685134888,0.7846998937034607,0.7630141448783875,0.7461978019332886,0.7409241397476196,0.7387953689193726,0.7212371993637084,0.7175470807647705,0.7159740147399902,0.6983229582595826,0.6883278102684021,0.6808224809455872,0.6741169525909424,0.6561987985801697,0.6551533416748047,0.64606610704422,0.6420125295639038,0.6243781545162201,0.619186638469696,0.6088137982559204,0.5968510466957092,0.5936297405052186,0.5932871033859253,0.5784882843780518,0.5608548253059388,0.5574930253028869,0.5393934177303314,0.5301495986366273,0.5145845771026611,0.5206804990196228,0.5027561810111999,0.4956693919849396,0.48561306211471555,0.4678474148082733,0.4741601263999939,0.4658474550819397,0.46362076929092405,0.4520513063812256,0.4451056418323517,0.452729003162384],"valid_acc":[46.636,52.868,59.74,63.136,63.044,66.952,66.904,69.116,72.38,73.668,70.904,73.244,74.42,73.78,75.692,74.808,73.728,76.324,76.232,76.812,77.34,76.628,78.492,77.96,78.692,79.012,79.388,79.176,79.912,80.448,80.124,79.428,80.936,80.832,81.392,81.688,82.316,83.484,83.136,83.2,83.696,83.884,84.188,84.3,84.524,84.424,84.568,84.984,84.812,85.04],"valid_loss":[1.4598132083511353,1.3011583368301392,1.1381404695892334,1.0332315015411377,1.0483757288742066,0.9246610701179504,0.9342443758583069,0.8801486994934082,0.7989334298324585,0.7501548014450073,0.8308741488647461,0.7674185693740845,0.7326361869812011,0.7572773762130738,0.7071932587432861,0.7179854840278626,0.7541941394996643,0.6955998064804078,0.6777673492431641,0.6570407572746277,0.6486309427642822,0.6744821811294556,0.6271119710159302,0.6411278570747375,0.6212028479194641,0.6113440347862243,0.5979770599365234,0.5926600287818908,0.5838733401870727,0.5649324346160889,0.5705340978240967,0.598560474319458,0.5496096441459656,0.5534762180900574,0.531430100440979,0.5296110004043579,0.5103820285415649,0.4782000501728058,0.4873031384563446,0.4882816875743866,0.47619153913497925,0.47852753405570986,0.4636581342315674,0.4579232022571564,0.45444456829071045,0.45211849493980405,0.4490301644706726,0.4422667456626892,0.44061287546157835,0.4376846924114227]}