{"train_acc":[39.54,53.9,59.332,62.856,65.476,67.384,68.944,70.384,71.264,72.044,72.372,72.904,73.016,73.652,74.352,74.464,75.428,75.36,75.784,75.66,76.468,76.844,77.24,77.456,77.684,77.9,77.96,78.624,78.86,79.116,79.636,79.828,80.584,80.564,80.924,81.412,81.408,81.952,82.624,82.7,83.132,83.436,83.384,83.784,84.172,83.964,84.592,84.664,84.74,84.636],"train_loss":[1.6500426248168945,1.2844238503265382,1.1275603973007202,1.0487052164840698,0.9766878009033203,0.9239875483894349,0.8893479518699646,0.8541849177742005,0.829230755443573,0.8063068733406067,0.792793056755066,0.7746827680587769,0.7708736119270325,0.7593247640228271,0.7419920014953614,0.7352576273155212,0.714619626159668,0.7103053347206115,0.6969452843093872,0.6946494708251953,0.6832262684822082,0.6715515064430236,0.6671490209579468,0.6525830118370056,0.644900103149414,0.636852919178009,0.636412532749176,0.62376616355896,0.6149821051406861,0.6002253177452087,0.5977296738815308,0.5945126400947571,0.5716036908340454,0.5669469685173034,0.5541323775291442,0.546793660697937,0.5378844619178772,0.526296479434967,0.5144078028488159,0.5093100597190857,0.49538579475402833,0.48766749841690066,0.488412686252594,0.47266272146224975,0.4706906908607483,0.46669957615852353,0.4537451853275299,0.45175556163787844,0.45772987809181215,0.4469026210784912],"valid_acc":[47.96,56.404,57.6,63.752,65.176,67.228,68.612,68.8,71.304,72.656,73.676,72.22,73.528,74.392,73.82,76.596,76.008,76.804,76.132,77.232,77.464,78.556,78.708,77.196,78.876,78.344,79.132,78.452,80.06,80.236,80.436,81.104,81.252,81.704,81.604,82.628,82.848,82.876,83.488,83.68,83.66,84.288,84.064,84.748,84.716,84.88,84.996,85.188,84.984,85.34],"valid_loss":[1.4244564626312255,1.2115455529022217,1.2260887111282348,1.037598045387268,0.9796473595809937,0.9282001755523681,0.8948441716766358,0.890578012752533,0.8178145333480835,0.7767046053695679,0.7543491654586792,0.8096043532943725,0.7503795998191833,0.731031460647583,0.7522302020835876,0.6787003465461731,0.6832260495090484,0.6729492129898071,0.6930972246742249,0.6481476976203918,0.6476349915695191,0.6223506888198852,0.6136804191970825,0.6548974861145019,0.6060561520957947,0.6247258729553222,0.6168756012535095,0.6345686338996888,0.581110131072998,0.5697251736831666,0.5722259877586364,0.5428670286750793,0.5372787289047242,0.5283999106407166,0.5228123755264282,0.5017753018760681,0.5080860416984558,0.4953059016227722,0.4868176490306854,0.47566716345787047,0.48534160022735595,0.4630485166358948,0.46645903593063354,0.4473824166297913,0.4472011849975586,0.43810354928970335,0.434831157207489,0.43669546154022215,0.43949714378356936,0.42966630834579467]}