{"train_acc":[39.892,54.116,59.512,63.14,65.428,67.6,68.76,70.032,71.052,71.148,72.164,72.68,73.48,73.832,74.236,74.54,74.828,74.82,75.744,75.936,76.072,76.384,76.772,77.26,77.208,78.152,78.184,78.372,79.192,78.992,79.652,79.64,80.2,80.156,80.808,81.224,81.34,82.052,82.184,82.492,82.96,83.14,83.516,83.584,84.372,84.152,84.48,84.712,84.9,85.324],"train_loss":[1.6372951775360107,1.2756076568222046,1.1289345540618896,1.0408562254524232,0.9821900792694092,0.9205139321899414,0.8915538955307006,0.8623652690315247,0.8303892045211791,0.8241844618606567,0.8047425756263733,0.7865229964447021,0.7656723579406738,0.7599138763427734,0.7395072565841675,0.7341420948410035,0.7316731332778931,0.729956665763855,0.7100446761131287,0.700920076007843,0.6917375802230835,0.6856014223384858,0.6767383912086486,0.6628626686191559,0.6556064828300476,0.6491028184318542,0.6379060068511963,0.6296383596038818,0.6163349458694458,0.6096666490745545,0.5941561458969116,0.5982254159164428,0.5749989308738709,0.57992675989151,0.5615386122226715,0.5504731820487976,0.5356066024780274,0.5272008947944641,0.522216682472229,0.5144559998989106,0.5014511166954041,0.49046173416137695,0.4832747314453125,0.48003018260002134,0.4602620547580719,0.4639438709068298,0.45702922201156615,0.45487356307029725,0.4442397974777222,0.4364344739532471],"valid_acc":[48.8,55.628,57.952,63.008,65.844,67.732,70.036,70.84,63.804,72.012,73.752,73.784,72.264,73.772,73.008,73.968,75.356,75.716,76.076,75.74,76.872,78.148,77.94,77.984,77.772,79.124,79.66,79.264,78.088,79.448,80.152,80.14,81.024,81.632,82.032,81.68,83.056,81.516,83.268,83.448,83.86,84.104,83.964,84.384,84.832,84.316,84.908,84.3,85.152,85.208],"valid_loss":[1.427081564064026,1.224478229560852,1.1740505550384521,1.0536945747375488,0.9646115156364441,0.9115499423408508,0.8447800415802001,0.8236965199661255,1.0322057465362549,0.7974831157588959,0.757554423751831,0.7468342431640626,0.7897592500877381,0.747090092086792,0.7799731464958191,0.7385406726646423,0.7098736763000488,0.6972141710281372,0.6931612621307373,0.6975764994049072,0.6783086490821838,0.6258255640983581,0.6331104949569702,0.6312577835655212,0.6399311163234711,0.6042580263519287,0.5939831549263,0.5936852248764038,0.6322511992263794,0.5956011230564118,0.5698400457572937,0.5757425896644592,0.5493549372005463,0.5207133687114716,0.5238237380599976,0.5337782220077515,0.4943666945934296,0.5353036810684204,0.48959290655136106,0.4827314743041992,0.46911455629348753,0.4683132482242584,0.4710929272270203,0.46064291618824005,0.4467568712997437,0.4489108304405212,0.4452187642097473,0.4577277819442749,0.44150706462860106,0.4374917434120178]}