{"train_acc":[60.568,47.3,41.576,38.32,36.004,34.227999999999994,32.94,31.872,31.063999999999993,30.72,29.772000000000006,29.879999999999995,29.567999999999998,29.471999999999994,28.567999999999998,28.947999999999993,28.424000000000007,28.248000000000005,28.28,27.968000000000004,28.328000000000003,27.971999999999994,27.804000000000002,28.031999999999996,27.72,27.784000000000006,27.855999999999995,27.811999999999998,27.900000000000006,27.744,27.959999999999994,28.191999999999993,28.592,28.415999999999997,28.456000000000003,28.488,28.944000000000003,28.971999999999994,29.536,29.86,29.888000000000005,30.488,31.031999999999996,31.22,31.936000000000007,32.476,33.379999999999995,34.668000000000006,34.944,36.596],"train_loss":[1.648252285118103,1.303710599937439,1.1688624963760377,1.0814319213104249,1.026768083972931,0.9766111402130127,0.9494424184989929,0.9147542386245727,0.8985333577156067,0.8856893453788758,0.8659579761123657,0.8645842350769043,0.8578016624259949,0.8493715557479858,0.8334810391616821,0.8314708117866516,0.8388011548233032,0.8263411102294922,0.8256401125335693,0.8256332946014404,0.831342294883728,0.8303008377456665,0.821221280078888,0.8264114497756958,0.8211899932098389,0.8293376530456543,0.8334163982391357,0.82872120677948,0.8376930990600586,0.8290747083473206,0.8397240195083618,0.8457824630928039,0.849613550567627,0.8517945343399048,0.8498161729812622,0.8730524922943115,0.8682849590682984,0.8787918000030518,0.8883547172546387,0.9033461430740356,0.9122751366424561,0.9230617231369018,0.9462996817779541,0.9524258606338502,0.9741114904022217,0.9915613430786133,1.0150887429428102,1.049155090675354,1.0649543709564209,1.1058955125808716],"valid_acc":[51.096,42.54,39.52,38.092,34.128,33.772000000000006,29.528000000000006,30.524,29.447999999999993,28.604,27.792,25.483999999999995,26.156000000000006,26.292,25.691999999999993,24.872,25.308000000000007,23.947999999999993,23.703999999999994,23.848,22.924000000000007,23.888000000000005,23.215999999999994,23.323999999999998,22.516000000000005,22.872,21.867999999999995,22.132000000000005,21.671999999999997,21.471999999999994,21.248000000000005,21.727999999999994,20.927999999999997,21.336,20.983999999999995,20.944000000000003,20.436000000000007,20.480000000000004,20.867999999999995,20.524,21.036,20.436000000000007,20.5,20.311999999999998,21.043999999999997,20.680000000000007,20.464,20.552000000000007,21.135999999999996,21.048000000000002],"valid_loss":[1.4359517664718628,1.1986116530227662,1.0826384151458741,1.0712429587554932,0.9619620944595337,0.9586291206741333,0.8504790962982177,0.857401929473877,0.8416319230079651,0.8112237204360961,0.7946520890045166,0.7341183944129944,0.7466393909454345,0.7521405001068115,0.7260381991386413,0.7210020532035828,0.7223197900772095,0.6955405820274353,0.685497582397461,0.6774329010391236,0.6603440188217163,0.6984511849403381,0.6627187848567963,0.6617076289176941,0.6463665797710418,0.6734627374458313,0.624965825099945,0.6282466387081146,0.6279458862686157,0.6193904008102417,0.6078537047767639,0.625668694858551,0.6066685157394409,0.6272498149871826,0.6012746747970581,0.6018837382602692,0.5943235946273804,0.5911311785507202,0.6033638600826263,0.6017325280380249,0.6019261549377442,0.5959832431602478,0.5909872900772095,0.5867913836288452,0.6013062177276611,0.5971199292373657,0.5942996016693115,0.5890006580924988,0.6133582553863526,0.6120142039394378]}