{"train_acc":[34.332,40.372,42.116,42.6,42.7,42.164,42.108,41.556,40.36,40.512,39.852,39.472,38.888,39.744,37.996,37.764,37.368,37.012,36.932,36.5,35.952,35.532,34.82,34.86,34.64,33.668,33.524,33.584,33.068,32.864,32.592,32.18,32.136,31.732,31.904,31.304,31.372,31.004,29.792,30.22,30.252,29.228,29.392,27.984,26.78,26.2,25.296,23.52,22.52,20.336],"train_loss":[1.7696470613861084,1.618831780090332,1.5906964570617677,1.5752544779205322,1.5740241214752198,1.594680308151245,1.6044771632003785,1.6099705765533447,1.6319761742782593,1.6431550937652588,1.6569181152725219,1.6683840594482422,1.6756700676727294,1.6769450215911865,1.70386449344635,1.7197338105010986,1.7234609092330933,1.7420864721298217,1.7348579192733764,1.7464772771835326,1.7610076902770997,1.7775107369995118,1.7847952968597411,1.7891997327423095,1.803030696411133,1.8103542974853515,1.8231160339736938,1.8198930228042602,1.8410132013702392,1.843104628868103,1.8511898751831055,1.860309354171753,1.8635158774566651,1.877473936920166,1.8810485433578492,1.885174804916382,1.8873090415191651,1.8954602591705323,1.913341569442749,1.9200508349227905,1.9310925481414796,1.9364014196777344,1.9556166925811767,1.9736888117218017,2.0027711749267576,2.017894080886841,2.043636752319336,2.0740839642333984,2.0977357290649414,2.139286315460205],"valid_acc":[36.612,32.164,43.024,33.572,42.492,41.524,41.728,38.012,39.244,35.704,37.024,41.808,36.528,38.872,40.24,34.376,45.028,39.8,40.24,40.58,37.3,36.576,42.444,41.276,38.236,37.052,38.936,41.924,40.28,39.02,38.02,39.34,44.712,41.04,36.34,36.756,42.112,42.916,39.328,44.216,42.756,42.76,43.044,43.608,43.952,44.264,43.264,45.128,42.472,41.2],"valid_loss":[1.726018553199768,1.9720649992370605,1.6119902294540405,2.0280214723205567,1.617057795715332,1.6491093964385986,1.606255942993164,1.7386930920028687,1.5935600522232056,1.7575959796905518,1.7410550036621093,1.5901304050064087,1.8388947982788086,1.6357856396102906,1.6204040521240235,1.8006988564682007,1.5187932794952392,1.6354795099639892,1.5874408674240112,1.5798992471694946,1.6578643868637084,1.6400517143249511,1.5448425119400024,1.6174599972915649,1.605244340362549,1.6944076639556884,1.6360527380752563,1.5527721869659423,1.571668641204834,1.6433502030563354,1.6372494398117066,1.6464221216201782,1.5275036962127686,1.55925748752594,1.669768266029358,1.777721764945984,1.5857856896972655,1.5571634558868408,1.6370014349746704,1.5809294297027587,1.5892319997406006,1.5709561679077149,1.5845452356719971,1.563165223083496,1.6030780020523072,1.6107991385650635,1.6340333066177368,1.6587299263763429,1.691519410095215,1.7437095455169678]}