{"train_acc":[33.296,40.392,42.468,42.896,42.352,42.276,41.728,41.592,40.252,40.044,40.176,38.948,38.476,38.2,37.536,37.232,36.92,36.96,36.216,36.208,35.536,35.036,34.872,34.56,34.576,34.036,33.636,33.736,33.024,33.14,32.668,32.38,32.488,31.556,32.336,31.336,31.32,30.348,30.072,30.416,29.524,29.22,28.504,28.268,26.872,26.252,25.2,23.352,22.076,20.268],"train_loss":[1.801243074874878,1.6277941653442383,1.5786606490325927,1.5628906632232666,1.5804735394668579,1.5830841646957396,1.6169446591186523,1.6239693520355225,1.6450413404083253,1.6571741995620728,1.6622122055053712,1.6760162246322632,1.6887136730194092,1.6917960983657836,1.7104105712890625,1.721002944908142,1.735744417953491,1.748286494369507,1.7575205453491212,1.7582064862823485,1.7696488277435303,1.7834885109710694,1.7896389294815063,1.8070125904083252,1.8018423644638062,1.8135580382919312,1.8279899486541749,1.8270609699249267,1.847855668373108,1.849762339439392,1.8594484311676025,1.8662838985443115,1.8690228871917725,1.883673821144104,1.8808803707122803,1.897506930847168,1.8847999460601808,1.9058143069076539,1.9157936156463624,1.9255270547485352,1.9349506115341186,1.942784421043396,1.9561822059631349,1.9630665323638916,1.9919129264831543,2.0190987782287597,2.0397497871398924,2.071526912536621,2.101536254425049,2.1341434312438965],"valid_acc":[30.92,33.916,44.276,36.064,46.428,29.924,44.944,37.688,38.82,35.568,31.368,37.812,42.856,42.448,39.932,41.356,42.216,40.144,42.84,35.3,36.896,40.688,41.804,38.828,41.772,41.124,36.088,39.732,39.428,42.524,38.516,40.656,38.764,40.484,43.436,43.748,40.552,41.472,43.772,42.52,43.504,45.188,43.588,44.228,44.172,40.944,43.212,43.724,42.668,42.144],"valid_loss":[1.937917192993164,1.8269416603851318,1.5366483592987061,1.761991844406128,1.479701957321167,2.1375391089630127,1.519811195449829,1.683740440750122,1.703067774658203,1.7054210123443603,2.0111178073120115,1.7019195055770875,1.5524767376327515,1.5497702908706665,1.6506337892913818,1.5824471381378173,1.5542225852203368,1.6426776528930664,1.5817711069107057,1.6739975478744507,1.6734963983917237,1.602123729019165,1.6379180364990233,1.6610616262435913,1.549182490310669,1.5663366381454469,1.7090192587280273,1.6234331674957276,1.6187139462280273,1.552888200111389,1.6460062706375123,1.6714698703384399,1.652827033996582,1.6222909746551513,1.528330298538208,1.5759258963012694,1.6173604970550537,1.5795628577423095,1.5703126865005492,1.562397905845642,1.5901250318145752,1.5493106129837035,1.57035232131958,1.6027694564437867,1.6254157048416138,1.65535124294281,1.6422804308700563,1.649340463218689,1.6854481493377687,1.7713449307250977]}