{"train_acc":[57.284,42.028,37.272,34.584,32.188,31.683999999999997,30.152,29.596000000000004,29.144000000000005,29.695999999999998,28.408,27.896,27.903999999999996,27.5,27.043999999999997,27.048000000000002,26.536,25.924000000000007,25.691999999999993,25.183999999999997,24.703999999999994,24.676000000000002,23.691999999999993,23.355999999999995,22.843999999999994,22.507999999999996,21.72,21.519999999999996,21.208,20.180000000000007,20.055999999999997,19.480000000000004,18.852000000000004,17.852000000000004,17.224000000000004,16.531999999999996,15.876000000000005,15.212000000000003,14.191999999999993,13.816000000000003,12.632000000000005,11.995999999999995,11.403999999999996,10.263999999999996,9.424000000000007,8.932000000000002,8.287999999999997,7.475999999999999,6.900000000000006,6.495999999999995],"train_loss":[1.5577668032073975,1.177874070892334,1.0564347165679933,0.9779346635627747,0.9327458087921142,0.9091038767242432,0.8706499687194824,0.8584185147666931,0.8422615845870972,0.8510334293937684,0.8283593985366822,0.8106586810493469,0.8052686016273498,0.8030022769546509,0.7823929853248596,0.7748480459976196,0.7616859191513061,0.752169623374939,0.7435324014663697,0.7309688433647156,0.7214599535942078,0.7134049146080017,0.692707528629303,0.6760246802139283,0.6671470043373108,0.6529339011001587,0.63782464138031,0.6260826997756958,0.6166088023948669,0.5922727632522583,0.5839482182312011,0.5648969954109192,0.5447080790901184,0.5215694545745849,0.5034856279373169,0.4813074865055084,0.46349936588287355,0.44361052835464476,0.41740201318740844,0.39763270230293274,0.370965731048584,0.3463547681617737,0.3273482221221924,0.29879736686706543,0.2765896534156799,0.25534823565483095,0.23388107058525084,0.21586046197891234,0.20016663743019103,0.1899863571834564],"valid_acc":[51.468,45.116,38.472,35.135999999999996,36.42,33.94,31.659999999999997,34.688,28.396,28.644000000000005,29.412000000000006,31.372,28.436000000000007,29.995999999999995,30.439999999999998,28.947999999999993,29.168000000000006,28.188000000000002,26.968000000000004,28.763999999999996,27.164,25.799999999999997,26.488,25.391999999999996,24.403999999999996,26.727999999999994,21.319999999999993,25.016000000000005,24.075999999999993,23.635999999999996,20.427999999999997,20.587999999999994,21.476,20.700000000000003,18.843999999999994,17.427999999999997,17.400000000000006,18.304000000000002,16.840000000000003,16.492000000000004,16.611999999999995,15.64,15.451999999999998,14.396,14.159999999999997,13.840000000000003,13.299999999999997,13.688000000000002,13.296000000000006,12.995999999999995],"valid_loss":[1.4389913747406007,1.2983898086547851,1.0743294797897338,0.9985148009109497,1.0293272946166991,1.0023769988632203,0.9286457432556152,1.002933449783325,0.813551715221405,0.8369299345779418,0.8491792018318176,0.8997430565071106,0.8121799477005005,0.877149093208313,0.8984853517532349,0.8471835834121704,0.8477527043151856,0.8302695425224305,0.7790039824295044,0.8372894922637939,0.7828621117973328,0.7583635668945312,0.7875053412818909,0.73270203540802,0.6904659174728394,0.7631325150299072,0.6251970948410034,0.7325218689537049,0.7157247715377808,0.6801793043899537,0.5876788161849975,0.5961363012886047,0.6208137457942963,0.5995463017845154,0.5504836991882324,0.5063521801376343,0.5138825937271119,0.5382947967338562,0.49520164134025574,0.48562124320983885,0.4740629909896851,0.45606526064872743,0.4553242892074585,0.4230245097732544,0.41795457413673404,0.4124501344203949,0.3968271598720551,0.4057963355636597,0.397458254365921,0.40851814354896543]}