{"train_acc":[35.43737031778967,67.89887517745987,73.61854319100142,76.31593316588402,77.65916784973244,78.42907065632849,79.00786283717375,79.39281424047176,79.73954351861964,80.26373266353609,80.00982854646719,80.11084416293546,80.30468494048269,80.49306541443704,80.56404936114448,80.8397946925849,80.89712788031015,80.7496996833024,80.97903243420335,80.69509664737359,80.77700120126678,80.90531833569946,80.90258818390302,81.33122201594409,81.12646063121109,81.63699901714536,81.53871355247352,81.38309490007644,81.63699901714536,81.71617341924211,81.43496778420881,81.95915692912526,81.80626842852463,81.81718903571038,82.18302937643332,82.29496560008737,82.20487059080484,82.34956863601616,82.35502893960904,82.33591787703396,82.37687015398056,82.73452003931419,82.47242546685595,82.16937861745113,82.42874303811291,82.16391831385825,81.88271267882494,81.25477776564377,80.73331877252376,80.0180190018565],"train_loss":[1.8243622930078276,0.9536755323097593,0.7963840351805646,0.7223911716634169,0.6895145052213837,0.6677632149330481,0.64536303844178,0.6358362910098432,0.631678041889637,0.6190755207999195,0.625105895289977,0.6158709757528776,0.6204690866573442,0.6154293905859419,0.6097363319617765,0.6052558960333472,0.6083632441760541,0.601853666873664,0.6040142471318788,0.6111147070772017,0.6045218684780841,0.605320435339959,0.6073380613985756,0.5988208404030747,0.5989951469875572,0.5922861895251902,0.5860648704002137,0.597705849044719,0.5917705276966148,0.5910799220632332,0.5898160819235595,0.5800263013487704,0.5878739496616735,0.5924271860405961,0.5804804537095031,0.5836710502542339,0.5822306168779765,0.5780577857160824,0.579330507852605,0.5836113356952911,0.5834685088268232,0.5747114009012024,0.5822809438225327,0.5903517431120328,0.5900759079596407,0.6015848299815716,0.6074184681229603,0.627160107840796,0.6419621751182684,0.6595496271483774],"valid_acc":[56.14403887598777,72.45079035695053,73.66567473817852,78.2112533786789,79.96669305533064,81.70575227070644,80.31341286916764,79.21319173395092,82.5329656835537,81.73578312162093,82.10434355250597,82.61486800138928,81.59927925856161,83.13085260208723,83.69870867512176,81.79857489925308,83.09263151938917,83.40113025323586,83.80791176182004,84.46586038280742,83.39567009642232,82.81962379535341,84.94362390518137,84.98730514136035,84.70883726176076,85.13472931075667,85.64525376193116,85.2002511660666,86.33596330942791,85.74080646274007,86.24041060257863,86.40421523824983,86.53798902675571,86.66903273258492,86.12028720308643,86.6526522706841,87.6982718606771,87.19320756839903,87.40615359310527,87.33244150705323,87.78836441237912,88.06683229302016,87.80747495049968,88.28796854846851,88.27704823838232,88.57462666089309,88.2006060788183,87.97946981962075,88.46542357315337,88.6947500603853],"valid_loss":[1.3004133928781867,0.837721627595439,0.7906022152908116,0.6576361529214425,0.6097948523888949,0.5649981093808935,0.6092386975810804,0.64335420509922,0.5441107421779018,0.5702787644235855,0.555401920217818,0.5381227881843197,0.5660668841994311,0.5232685868130968,0.5131801810045299,0.565586809353179,0.5198244472752072,0.5194826378436733,0.5021144148563297,0.48100495707989066,0.5111909560346009,0.5503850273110428,0.47103147403676215,0.4768251191128312,0.47494975260035727,0.46518146125949855,0.45298464994094156,0.466303758525989,0.4330856920496057,0.45101169684376585,0.4340528491127289,0.4376648559874674,0.43591943307732667,0.42498739857635764,0.4462036713561144,0.42376455534373114,0.3961418586719267,0.41023281526206257,0.40435364494101383,0.4206485277250132,0.39480903408181683,0.39351364255924576,0.39735321243518323,0.3837652116905719,0.3829905892519131,0.3820763005681535,0.39492353867825786,0.401131055604953,0.3851863222577628,0.3816590215319735]}