{"train_acc":[34.00950092825161,66.92694113792727,74.16457355028939,76.65993229223545,78.00862727967674,78.6420224964508,79.25084634705689,79.50748061592225,79.84055913508791,80.16271704706782,80.15179643988206,80.26646281533253,80.81249317462051,80.49306541443704,80.69509664737359,80.38931964617232,80.70328710276291,80.9080484874959,81.17833351534345,81.07731789887518,81.24658731025445,81.24112700666157,80.85071529977067,80.84252484438134,81.35033307851917,81.1810636671399,81.2493174620509,81.68341159768484,81.55509446325216,81.68614174948127,81.5305230970842,81.8526810090641,81.80353827672819,81.88271267882494,81.87725237523206,81.99464890247897,82.45604455607732,81.99737905427541,82.21033089439773,82.28677514469804,82.379600305777,82.30042590368025,82.37687015398056,82.2622037785301,81.9618870809217,81.98372829529322,81.88817298241783,81.30938080157257,80.83160423719559,80.06443158239598],"train_loss":[1.8586680303172434,0.9776009726084331,0.7801465597477649,0.7123941488566455,0.675540451316369,0.6514199040492471,0.6398412020976879,0.6333221820692341,0.6284088461670121,0.6148609076445053,0.6174513369495983,0.6140177885433127,0.6087466632355193,0.6073791540657132,0.6049116680758013,0.6136632807926279,0.6070745031138728,0.6043831300394392,0.6034641305835562,0.6079489324789868,0.6016646656417763,0.6011251399151764,0.6067425126792224,0.6080397826765801,0.5987149128828478,0.5990259861000972,0.6022404423867354,0.5921252634414123,0.5918439992900706,0.5897340184315409,0.594781621895178,0.5902682848602608,0.595102529078185,0.5862624113367312,0.5936615041370564,0.5897126091975526,0.5851078069638357,0.5904591148488318,0.5852296101847785,0.5876205288434349,0.5823285375488134,0.586474481291082,0.5927883025742494,0.5921948536314323,0.599642527602028,0.6051330024386072,0.6147353585544627,0.6279140222641505,0.6492615722276842,0.672415342747],"valid_acc":[55.955663546528065,71.21679543593568,76.55955663607764,79.97215321047788,80.83758770539832,80.87034863253255,80.0021840607675,81.99241038583877,82.30090911468653,81.70575227341419,82.4292227476286,83.27281661966893,83.83521253609821,83.40386032820588,81.71121242689512,83.84613284347664,83.75604029656525,83.54309426748495,84.41125883758369,84.6951868744134,84.77162903501886,84.55868301135406,85.23574216942058,84.49316115437784,84.77981926951017,83.96898632085491,85.1784105496434,83.75058014100142,86.01381418885872,86.04111496251203,84.99276529317497,86.13939774495618,86.81099675183293,86.47519724599924,87.07308416994827,86.64446203994198,87.288760273582,87.28057004179844,87.8538862649813,87.638210160931,87.8484261110838,87.49897622165192,87.79655464249639,88.38079117701515,88.35349040273698,88.48999426850406,88.38898140879871,88.62922820778313,88.23609707946453,88.81214338261631],"valid_loss":[1.2759342965507179,0.8585544560570308,0.7091171726335872,0.6135819490540606,0.5850968364956807,0.5827959767690783,0.6063499824024216,0.5530671019034589,0.5445170828321974,0.5590476214441472,0.5356577956356565,0.5181648853531946,0.4981491401254172,0.5080255473907191,0.5686001668818255,0.5010184169648766,0.5017839467921881,0.5136543346315752,0.4864523447987983,0.4884061946618365,0.4776847374364711,0.4837907925327475,0.46069222017758577,0.4857735624403895,0.4792551108479822,0.5032903363066212,0.4646456682479282,0.5201559917565343,0.44498459232384296,0.4381532904319328,0.47191649722722323,0.44209888413632475,0.4246775633428817,0.4214070582097577,0.41474149947258676,0.42285932954120586,0.41545957395803196,0.4173096216381704,0.40107975540123153,0.402242550224008,0.39544389456849827,0.40596409497856883,0.4092450132660891,0.38366514152747483,0.38839233120938815,0.3867678429961201,0.3905361090851616,0.3756477921699149,0.394528094207519,0.37128427644066764]}