{"train_acc":[32.0164901168505,66.64300535109751,73.79327290597357,76.65447198864257,77.69465982308617,78.60926067489352,79.1279895162171,79.78595609915911,79.93338429616686,79.76411488478759,80.0180190018565,80.14360598449274,80.41935131593317,80.33471661024353,80.27192311892541,80.20366932401441,80.51490662880856,80.82341378180627,80.78519165665611,80.52582723599433,80.88347712132794,80.91623894288523,80.8670962105493,81.0172545593535,81.24658731025445,81.19744457791853,81.38582505187289,81.25204761384732,81.40220596265152,81.5032215791198,81.52233264169487,81.38036474828,81.55236431145572,81.79534782133886,81.67795129409195,82.1529977066725,81.89090313421426,81.96461723271814,81.8390302500819,82.51883804739543,82.09293436715082,82.08747406355793,82.31953696625533,82.08201375996505,81.87179207163918,81.80626842852463,81.56601507043791,81.10734956863601,80.55312875395872,79.77230534017691],"train_loss":[1.9071737574583267,0.9894674252289487,0.7927198937148314,0.7168200777336488,0.680527648629483,0.658774464049948,0.6465779495080434,0.6318425139876267,0.6282609522544467,0.629815478564168,0.6216181727284699,0.621125362368407,0.6132079647320827,0.6199035089232326,0.6204002817977369,0.6231877395676333,0.6163737924908451,0.6108614347758766,0.6126624194636048,0.6157347531158278,0.6065500426939433,0.6091185199800402,0.6057400331690385,0.5995694315399654,0.6018558681121856,0.6041146722360119,0.6024398728594895,0.6037532162611644,0.596709943844838,0.5982365802774995,0.5954703282383028,0.6011575137382904,0.6006031193248411,0.5901908995582636,0.5920812174054594,0.5866913498521984,0.5924567655664585,0.5898626156772109,0.591545473127187,0.5829400525898135,0.5897368351692219,0.5959747735656243,0.5881338088523096,0.600197307730497,0.6036570609377451,0.6107025356731184,0.6143732434916707,0.6288996847797796,0.6483405993711718,0.6705820347735022],"valid_acc":[55.518851184738224,71.21133528203818,74.68126348100621,79.70187556203699,79.58721231873346,81.71667258245893,81.42182423825079,80.9249501756734,81.40271369742248,81.64569057366808,81.86955691012682,82.89606595658374,83.22367523000901,82.98888858346409,82.55753637619662,82.56845668690768,82.46198367413798,83.85432307900939,83.73692975407063,84.07272925615513,84.3430069066789,84.76616888320424,84.51500177517508,84.2283436610842,83.66594774590465,84.33481667593678,85.65344399204841,84.85626143219854,85.30399410365798,85.62887329773918,85.21117147469475,85.51694013003053,85.91553140849744,86.09025635217195,86.62808157637487,86.68541319615204,86.65538234627898,87.25872942266751,87.27237980897344,87.44710475473082,87.55357776520934,87.64913047205862,87.86753665087066,87.55630784413684,87.99858035878275,87.92486827543846,88.22244669420003,87.85934642116997,88.20606623063291,88.15146468603405],"valid_loss":[1.3317235026840835,0.8421678112584805,0.7532462813988369,0.6138971710436799,0.6237295035983438,0.5582489544781171,0.5696444446372277,0.5890010209337279,0.5673522459301733,0.5616897384912559,0.561012091415091,0.526317516558586,0.5150925065232744,0.524666060783239,0.5391929589164954,0.5264925345529903,0.5419308396197204,0.5038844635658506,0.5108928131209879,0.4922016148075249,0.4874666914436994,0.4793613657516813,0.48665753914209947,0.49239476287865175,0.5107616184238082,0.4978103972014411,0.4534518758391907,0.486135600338798,0.4613767190297063,0.4538065493668244,0.46468279151418695,0.45625090170685745,0.4512607277045005,0.44248586286929975,0.4289929085652448,0.42983302988071087,0.4244432903856951,0.4129031734044899,0.4092922562920376,0.411667443907698,0.40663377291258823,0.39697162296111727,0.39626231517105437,0.40581752982738806,0.39778101255401693,0.3986741657301943,0.3952559025761842,0.4124902314182165,0.39674176275364004,0.40225133845364097]}