{"train_acc":[60.14,45.968,39.644,36.856,33.668000000000006,31.944000000000003,30.272000000000006,29.168000000000006,28.135999999999996,27.22,26.248000000000005,26.215999999999994,25.323999999999998,24.451999999999998,24.248000000000005,23.799999999999997,23.063999999999993,22.900000000000006,22.840000000000003,22.244,22.028000000000006,21.468000000000004,21.260000000000005,20.836,20.480000000000004,20.311999999999998,19.92,19.900000000000006,19.504000000000005,19.587999999999994,18.843999999999994,18.864000000000004,18.227999999999994,18.028000000000006,18.447999999999993,17.376000000000005,17.599999999999994,17.379999999999995,17.492000000000004,16.819999999999993,16.980000000000004,16.495999999999995,16.512,16.323999999999998,16.751999999999995,16.436000000000007,15.831999999999994,16.215999999999994,15.988,16.384],"train_loss":[1.638833112564087,1.275843398323059,1.1304658428192138,1.0390336575317383,0.9606671059036255,0.9092811896896362,0.8700895233345032,0.8372108208084107,0.8081331572151184,0.783188255329132,0.7538796568298339,0.7451086989974975,0.7300738740348816,0.7072387314605713,0.7020474243545533,0.6843908900642395,0.6700445568847656,0.66914131357193,0.6587965053939819,0.6400204541969299,0.6404389018630982,0.6258829950904846,0.6149206529045105,0.6096154468154907,0.6006028788185119,0.5956965574264527,0.5848044490432739,0.5760859644317627,0.5658022275161743,0.5666495136451721,0.5581241106033326,0.5473525338363647,0.5335322892332077,0.530725312576294,0.5390539635086059,0.5045206385040283,0.5115869297409058,0.51045783493042,0.5040948599910736,0.49782446876525877,0.49100454845428465,0.4872422587394714,0.4880452149772644,0.47774708285331724,0.48227297924041745,0.47716809869766236,0.4723191425704956,0.47733963473320007,0.47298877696990965,0.4844807668876648],"valid_acc":[49.76,43.9,39.344,35.94,33.20399999999999,30.796000000000006,29.379999999999995,28.464,27.195999999999998,26.927999999999997,25.376000000000005,25.884,24.879999999999995,24.748000000000005,22.939999999999998,22.724000000000004,22.635999999999996,22.528000000000006,21.744,20.531999999999996,20.959999999999994,20.768,20.708,20.272000000000006,19.836,19.239999999999995,18.620000000000005,19.156000000000006,18.019999999999996,19.132000000000005,18.572000000000003,18.180000000000007,17.563999999999993,17.560000000000002,17.343999999999994,17.135999999999996,17.260000000000005,16.852000000000004,16.616,16.263999999999996,16.14,16.012,16.016000000000005,15.947999999999993,15.620000000000005,15.432000000000002,16.031999999999996,15.456000000000003,15.608000000000004,15.424000000000007],"valid_loss":[1.3631182097625731,1.2184053188323976,1.1081542576599122,1.0198415810775756,0.9434130793762207,0.8782288995742797,0.8386235807418824,0.8140254017829895,0.7842166403198242,0.7666735385131835,0.7269865484237671,0.7310348156166077,0.714935215921402,0.7131842170715332,0.6579815884590149,0.6580903811740876,0.6547515423202515,0.6532735488510132,0.6332240362167358,0.5899890172195434,0.6111131119918823,0.5997427424049377,0.58830025390625,0.578778039855957,0.5805173438644409,0.558965869255066,0.5427827802467347,0.5550542407417297,0.5277668968009949,0.5526928018379211,0.5336231550788879,0.5228384311294556,0.5153708963012695,0.5128250910282135,0.49816736557006835,0.4967571607398987,0.5028711800384521,0.4935664688682556,0.49583996530532837,0.47936662755966186,0.4679610175132751,0.47247377385139466,0.473072213973999,0.47249073522567747,0.46217636924743655,0.45767104372024536,0.46895607398986816,0.45716881779670715,0.45476073440551756,0.4627321252250671]}