{"train_acc":[61.064,46.48,40.448,36.108,33.5,31.659999999999997,29.811999999999998,28.712000000000003,27.872,26.587999999999994,26.116,25.352000000000004,24.828000000000003,24.715999999999994,24.147999999999996,23.58,23.412000000000006,23.043999999999997,22.275999999999996,21.912000000000006,21.736000000000004,21.848,21.104,21.260000000000005,20.792,20.459999999999994,20.075999999999993,20.067999999999998,19.884,19.695999999999998,19.188000000000002,18.903999999999996,18.736000000000004,18.587999999999994,18.540000000000006,18.012,17.816000000000003,18.0,17.708,17.043999999999997,16.932000000000002,16.927999999999997,16.915999999999997,16.884,16.656000000000006,16.760000000000005,16.412000000000006,16.843999999999994,16.476,16.563999999999993],"train_loss":[1.6587426225280761,1.2856430307769775,1.1233183326339722,1.026281153717041,0.9459360711669922,0.8991940794754029,0.8561587285232544,0.8197118364524841,0.8015672417068481,0.764547135887146,0.7489958335113526,0.7333685280609131,0.7178966798782349,0.7031025337982177,0.6953294357395172,0.6762548435401916,0.67468230550766,0.6604178214263916,0.652962579050064,0.6390127944183349,0.6357655054092407,0.6289872880458832,0.6168762736320496,0.6163529651260375,0.6031550231075287,0.6036957878875733,0.5830416961669922,0.5843401603126526,0.5716017008781433,0.5727355731105804,0.5547872196388245,0.5492472278690338,0.5423655573654175,0.5415424443244934,0.5360355527496338,0.5230060003662109,0.5190461353969574,0.5281310255432129,0.5170004499912262,0.5044915242576599,0.49878767183303835,0.4931467875480652,0.4976082962036133,0.48868186895370486,0.4907598918914795,0.48535522371292117,0.48643082986831665,0.49100137089729307,0.48409945098876955,0.48681829833984375],"valid_acc":[52.664,44.044,40.132,34.72,33.459999999999994,30.888000000000005,29.599999999999994,28.164,26.772000000000006,26.42,26.22,25.616,23.808000000000007,23.784000000000006,23.956000000000003,22.995999999999995,22.188000000000002,23.135999999999996,21.836,21.980000000000004,20.676000000000002,21.028000000000006,20.248000000000005,20.540000000000006,19.519999999999996,20.116,20.031999999999996,19.144000000000005,18.891999999999996,18.787999999999997,18.572000000000003,18.060000000000002,18.504000000000005,17.560000000000002,17.708,17.575999999999993,17.132000000000005,17.451999999999998,16.736000000000004,16.756,16.480000000000004,16.364000000000004,16.208,16.08,15.727999999999994,15.787999999999997,15.988,15.599999999999994,15.831999999999994,15.768],"valid_loss":[1.4531009980392455,1.2201220492172242,1.1068705309677125,0.9817410272407532,0.9343630250358581,0.8873503721046447,0.8300855463981628,0.7968243467330932,0.7752898834419251,0.760213700876236,0.7574577373504638,0.7439882574272155,0.6830540043258667,0.6776415977859497,0.6857896348762512,0.6655526558303833,0.6429761964225769,0.6639701988792419,0.639452873764038,0.6315536447525024,0.6020956957244873,0.6007055360126495,0.5845523987388611,0.595483477897644,0.5750435441017151,0.5801909033107757,0.5788346040916443,0.5548995883941651,0.550406866645813,0.5413545974159241,0.5354574459648133,0.530624951248169,0.5392635761928558,0.5093339304351807,0.5182294123840332,0.5133221675300598,0.5000469758701325,0.5035355123996734,0.48332444460868834,0.4838080822753906,0.4827657549715042,0.48704227418899537,0.475875501499176,0.4673187487363815,0.4623062725830078,0.468612746181488,0.4723299849510193,0.4626313080406189,0.4666591320514679,0.4638184902572632]}