{"train_acc":[20.748,21.492,20.432,19.932,19.46,18.928,18.884,18.564,18.532,17.968,17.636,17.576,16.636,17.808,16.884,16.868,17.724,16.648,16.492,16.292,16.26,16.068,15.78,14.596,13.676,15.052,15.072,15.4,14.84,15.432,10.932,9.56,9.888,9.684,9.776,9.696,9.848,9.82,10.232,9.852,9.748,9.744,10.088,9.876,9.912,9.972,9.756,9.8,9.708,9.816],"train_loss":[2.0975926037216186,2.077904404067993,2.10095261138916,2.1146804511260986,2.135798589172363,2.1391631407165526,2.1534534349060057,2.1625990425109864,2.165617704925537,2.1721322285461424,2.1888846964263915,2.186490996170044,2.213632582473755,2.195399818878174,2.2053767356109617,2.2147501419067384,2.197907672805786,2.208663621902466,2.2211792164611817,2.2492132291412354,2.2320546852874754,2.259034844741821,2.261072458343506,2.288234792480469,2.3113481448364257,2.2757054709625244,2.287735972747803,2.2748008711242678,2.283193671951294,2.2677337042999266,2.3229925764465333,2.302756425857544,2.3026562605285643,2.302694782333374,2.3026577531433103,2.302748805618286,2.3026205435943603,2.302678731918335,2.3026071604919434,2.302662767410278,2.3026201124572756,2.3026539068603515,2.3026322653198243,2.30262002243042,2.3026015840148926,2.302596326751709,2.302600577316284,2.302601630477905,2.3025819452667236,2.302575509185791],"valid_acc":[19.336,19.38,19.032,10.64,16.764,19.888,16.844,12.112,12.32,17.968,14.936,12.68,15.552,18.96,19.448,11.804,18.08,12.636,15.424,13.528,14.172,15.96,16.48,10.284,15.808,14.672,14.632,16.316,16.428,19.108,9.94,9.94,10.04,9.852,10.084,9.972,9.94,9.928,9.928,9.852,10.036,9.928,9.928,9.94,9.94,9.928,9.88,9.88,9.88,9.852],"valid_loss":[2.158515839691162,2.129091443939209,2.1605121662139894,3.7059381884002685,2.1719367835998535,2.1978757326507568,2.209482854309082,2.275375234832764,2.3990075232696535,2.1361420082855225,2.2300256867980957,2.294916660614014,2.2362661960601806,2.1866430726623536,2.227865785217285,2.3049348205566407,2.1360597813415527,2.316881662826538,2.2251696706390383,2.2832807953643797,2.264888115615845,2.2154948320770265,2.1863310791015627,2.3677436825561524,2.216796940917969,2.2229163496398927,2.244506325759888,2.200862469024658,2.1982923262023926,2.1783036499786377,1126377.91512,2.3028549068450928,2.3027124223327635,2.3027536151123047,2.302544709320068,2.3026626540374755,2.3027929767608644,2.302634381790161,2.3026611363983154,2.302776369934082,2.3026090983581544,2.3026535751342774,2.302652289505005,2.302640097885132,2.3026798306274414,2.3026498668670654,2.302649216079712,2.302647573471069,2.3026360468292237,2.3026426264953614]}