{"train_acc":[34.088,40.872,42.968,42.932,43.116,43.84,42.044,42.472,42.048,41.984,41.56,41.264,40.94,41.008,40.712,40.152,40.884,40.692,40.252,40.072,40.384,40.392,40.648,40.408,40.136,40.364,40.672,40.712,40.544,40.576,40.972,41.32,41.424,41.704,41.936,41.744,42.404,43.128,43.54,43.86,44.312,45.48,45.516,45.668,45.804,46.288,46.744,46.424,46.3,45.384],"train_loss":[1.7805830953216553,1.6051254849243164,1.5631701602172852,1.566829698448181,1.5599195877456664,1.5542232202529906,1.5940713980865477,1.579799105834961,1.6002036595916749,1.6060235401153564,1.6155701147460937,1.6210653604507446,1.6319006490325927,1.623589331588745,1.6393720615768432,1.654068517189026,1.6471817608642578,1.6481612454605103,1.656123313369751,1.65654235206604,1.654196769180298,1.650159836845398,1.6557374196243286,1.6644494167327881,1.658351944885254,1.662269141769409,1.657734774017334,1.6551272068023681,1.6655797281265259,1.6631006121826173,1.6549192845535279,1.6533734784698486,1.6435492803192138,1.6382071994400025,1.6340997574234009,1.6366882794570923,1.6314248361968995,1.6185541012573241,1.6064063515853881,1.606378800315857,1.5958243114471435,1.5856410754776,1.5769283261871339,1.569777830581665,1.5701915050888062,1.5599020294189454,1.5616564854812622,1.5635310247421266,1.5767723257064818,1.5980290174102783],"valid_acc":[38.248,39.684,33.912,41.86,44.6,31.744,39.12,44.636,43.732,26.456,37.832,46.62,44.984,30.5,40.428,42.684,41.952,42.564,44.588,41.48,46.672,44.252,45.612,47.96,39.74,46.34,35.784,45.6,41.276,46.144,43.248,47.216,46.8,50.888,50.38,49.732,48.048,49.152,53.456,50.644,52.232,54.24,54.076,56.008,54.8,56.176,57.024,56.24,57.296,55.216],"valid_loss":[1.6568014974594116,1.6414120203399658,1.7999895397186279,1.6024164768218994,1.5333421076202391,2.114552556152344,1.6487077732467652,1.5219769805908203,1.5655698957061768,2.073462600479126,1.8907785025787354,1.4842091529083252,1.525867326965332,1.9702037047576904,1.6638942799758911,1.5743067293548585,1.5533566656112672,1.5839505169677734,1.5567006824493408,1.5532619686508178,1.4690189666366578,1.5297918791961669,1.449893245048523,1.4503672708892823,1.6272076677703857,1.4535603574371339,1.7446497957611085,1.5130386568450929,1.6503207830047608,1.500671316986084,1.5436614167022704,1.4338525281906127,1.4875055667495727,1.3647585103607178,1.3798568297576905,1.4093990674591064,1.4547206446456908,1.390425415725708,1.3297448233795166,1.3701099753570556,1.3332341118621827,1.2804539510726929,1.262589224281311,1.2396879359817505,1.260457584991455,1.2301743868255615,1.2161874164581299,1.2286294623565674,1.2036539895629883,1.2635713273239135]}