{"train_acc":[34.384,41.812,44.172,44.516,44.324,43.548,43.528,43.48,43.14,42.688,42.036,42.128,41.784,41.592,40.876,40.96,41.12,40.596,41.536,40.264,40.812,40.532,40.388,40.052,40.072,40.196,40.652,40.164,40.248,39.98,41.324,41.228,41.292,41.336,41.692,42.568,42.8,42.6,43.532,44.056,44.648,44.684,45.012,45.16,45.948,46.252,45.956,46.892,46.044,45.744],"train_loss":[1.7699837212371827,1.585219923171997,1.5358292361450194,1.5279585592651368,1.5455355284118653,1.5519638610839843,1.5606396628952026,1.569146881942749,1.574556753501892,1.591730704269409,1.6133890833282472,1.6044788228607179,1.6172071990203858,1.6247667427825927,1.6396342333984375,1.6405160431289674,1.6445056452178954,1.647556118736267,1.6305744506072999,1.656071784324646,1.6513139868164062,1.6583944153213501,1.6670454666519166,1.6599019826889039,1.6699293843841552,1.6688682057952882,1.657677106628418,1.666540074119568,1.6641013360214234,1.6689372940826417,1.6421156744003296,1.6489812839126587,1.6478476722717286,1.6542587329483032,1.6416091119003295,1.6343321394729615,1.6232980825805665,1.6240222769927979,1.61063120552063,1.6129254493331908,1.5926657522964478,1.5840076052474976,1.5851001715087891,1.583180036087036,1.5783388800811768,1.5677454667282105,1.5622648049163819,1.5640111742782592,1.5781217255020141,1.595788504333496],"valid_acc":[39.072,41.828,39.828,41.864,37.428,42.3,37.276,36.32,42.472,32.288,45.848,36.624,41.56,37.168,41.668,42.744,43.204,42.156,44.944,42.464,39.544,41.196,43.484,42.1,41.748,40.736,41.82,42.768,47.708,43.7,41.84,47.524,46.328,48.068,49.868,51.096,50.82,49.804,49.756,50.636,52.336,51.828,52.896,53.264,54.584,55.824,55.564,55.72,56.596,56.36],"valid_loss":[1.6418203189849854,1.6043047393798828,1.6914223915100097,1.5690647159576416,1.7936855992126466,1.5606168719100952,1.7448804779052733,1.7972377228546144,1.5850638495635987,2.1814281761932373,1.4745709288787843,1.727581603164673,1.6071615549087523,1.7946069598388672,1.6091070611572265,1.5910746282958985,1.568293884048462,1.5684694359588622,1.4981467540740967,1.568296598739624,1.6573616959381103,1.5574052533340454,1.540657363204956,1.591397434196472,1.5422248168182373,1.6126765769195557,1.6318867661285401,1.5303768342971802,1.4488883655166627,1.5028410663604737,1.5889729982757568,1.461646444015503,1.480185619506836,1.4094721421051026,1.4004285489654542,1.357414740524292,1.3663124743270874,1.4200387672805785,1.3614787822341918,1.334569948539734,1.3160809994888305,1.3211470697021483,1.3125336152648925,1.2929638317871093,1.2448814015960694,1.234909522666931,1.2281797518539428,1.2176650522994996,1.2158740106201171,1.2210701929473877]}