{"train_acc":[50.177459866768594,21.013978377197773,19.21753849514033,17.797859560991597,17.69684394452331,17.161734192421093,17.003385388227585,16.935131593316584,16.31538713552473,16.30719668013542,16.096974991809546,15.777547231626073,15.668341159768488,15.340722944195704,15.346183247788574,15.15780277383422,15.165993229223545,14.824724254668553,14.598121655564043,14.54351861963525,14.128535546576387,13.97837719777219,13.63437807142077,14.06574205525827,13.014633613628916,13.325870918423064,12.828983291471005,12.520476138473299,12.474063557933817,11.985366386371084,11.72327181391286,11.627716501037455,11.23184449055367,10.77863929234465,10.45648138036475,10.194386807906525,9.752102216883259,9.629245386043465,9.184230643223756,8.75832696297914,8.337883586327393,7.969313093808012,7.6253139674565915,7.204870590804845,6.950966473735946,6.784427214153112,6.17287321175057,5.957191219831827,5.916238942885229,5.596811182701757],"train_loss":[1.4423376290613588,0.6631554068013598,0.605612523036062,0.567359536069312,0.5613652550850006,0.5418974914065977,0.5479020410923897,0.5362482817103746,0.5232537661536599,0.5214144159667784,0.5208606452312846,0.5105180226000321,0.5070752213228292,0.4987677080383647,0.49544313722163474,0.49232918343664295,0.49045202656449405,0.4747290776795769,0.47489764923232863,0.4678746173120657,0.45821753119203845,0.45379290026687336,0.4480958266967481,0.4450047677086862,0.4293101974237664,0.42724514124733765,0.42284013416695,0.40706204994414535,0.4052638973980944,0.3913872191072018,0.3848942166412581,0.3802328985031872,0.3668205996335978,0.35352998872348496,0.3448412343477258,0.33860933675872223,0.3235979186950897,0.3176756044773474,0.30237027414796447,0.29133506300043976,0.28382567312957757,0.2694888939545823,0.25761263004795126,0.24636652488479113,0.2327751426574014,0.230584979434845,0.2151957010681275,0.20518204345737753,0.20261724131966805,0.19275812261263017],"valid_acc":[28.351852357838297,30.732479727926602,18.310628191819234,23.623358543129598,20.60662316785222,19.93229408423501,19.70296759335804,15.924540665542253,17.308689838005236,16.74356384119045,19.113270904941757,18.02670015769729,16.35043271766247,17.204946902080152,16.112915997605555,19.64290589631969,13.036118923206942,14.554041878760316,14.947173003329738,16.465095962215727,15.738895412823013,16.74629392220082,13.311856723879032,14.799748833933407,14.870730843765699,13.511152364987083,15.719784870328397,13.524802751917875,13.017008382378634,11.368041716621988,13.120751318720295,11.474514727100512,11.073193369706104,10.832946570721688,10.718283329501048,10.322422124546122,10.576319309211598,9.5661907225726,9.205820524720849,9.036555732860975,8.255753638869393,8.315815335907743,7.641486252394685,7.622375711566377,8.329465723255126,7.0736301820678875,6.956236861503186,7.084550493820387,7.0108384050606105,6.625897511233305],"valid_loss":[0.8550513659551593,0.9943878179933577,0.5866310710292402,0.755408767270184,0.6431403508538869,0.6298559838878216,0.6233073770918546,0.5154544136546266,0.5674111869657761,0.5388685957355221,0.6016302944212536,0.5715222859409317,0.5281692311265759,0.5552883091776503,0.5055055278043834,0.6152432124800679,0.43149193339872594,0.4708195122921931,0.48620502719773967,0.5228549951282219,0.5057317481787799,0.5347121415522537,0.4293982920783617,0.48261399152055706,0.4727478514103896,0.4392213733539479,0.5077523388103399,0.44062792489534935,0.4230374620994025,0.3725648778197435,0.4266790418237722,0.37839194531880616,0.3726143180223982,0.3619551052722771,0.3541292895646928,0.3485708816923886,0.3497881978297039,0.3167207058838575,0.30753618811426187,0.304569529485161,0.28201583399341484,0.2857839339484831,0.2605993821486758,0.2654198637274544,0.28258370694925633,0.24795159427286637,0.242567469637824,0.2450258898895819,0.24266370711803645,0.23007307305015495]}