{"train_acc":[28.08,29.54,29.836,28.2,28.68,27.62,26.4,24.816,24.248,24.864,24.42,23.736,22.384,23.24,21.94,22.228,21.516,21.56,20.936,21.512,20.96,21.132,20.284,20.252,20.756,20.216,20.484,20.376,19.504,19.992,19.58,19.492,19.888,19.484,19.34,19.928,19.96,19.632,19.9,19.708,19.684,18.724,18.14,18.344,17.788,17.264,17.032,15.844,15.792,14.56],"train_loss":[1.9040722444915772,1.867050230331421,1.8737785419082642,1.9088753451156617,1.9170277429580689,1.9324577445220947,1.9515849319839478,1.9936131777954103,2.0105907360839845,2.0029218434906007,2.0155400784683226,2.024831323890686,2.0556991403198244,2.0424575135803225,2.0614803157043458,2.067278031463623,2.0775438680267335,2.0693084845733645,2.0851913497924803,2.0860253746032713,2.0962703956604005,2.098879198913574,2.1148562336730956,2.119949405670166,2.116551498565674,2.1198706202697752,2.113803913192749,2.120382437438965,2.1255758528900146,2.12200228187561,2.124999470214844,2.1297460092163085,2.126948333206177,2.12506120552063,2.1354716528320314,2.126132509765625,2.133590592727661,2.134362981262207,2.1363765617370607,2.138965425567627,2.144711989974976,2.1534534123229983,2.159056364440918,2.1666287522125245,2.177260026245117,2.185594947128296,2.199180618438721,2.2114307498931884,2.226453495941162,2.240903361968994],"valid_acc":[28.168,20.88,28.928,18.192,24.984,23.396,25.512,25.424,24.432,19.036,26.812,17.764,22.48,23.94,22.576,23.608,21.6,20.212,19.82,19.136,18.98,23.232,21.94,22.964,23.548,20.672,22.788,21.244,23.696,22.344,18.868,24.732,23.976,22.7,24.352,24.872,23.288,24.396,23.5,26.004,21.656,23.58,23.512,18.776,21.808,23.464,23.496,22.98,21.756,21.02],"valid_loss":[1.874123931274414,2.455035576324463,1.9428233235931396,2.5919857287597656,2.0516096965026858,2.2745541186523437,2.0232548472595213,1.9471718563461304,2.040727686729431,2.095215807647705,1.9178987119293214,2.1101422926330566,2.0070555324554444,2.0008931493759157,2.0736183391571044,2.015360484237671,2.0242283097076417,2.040039523010254,2.087965076370239,2.1095641339111326,2.2048104527282715,2.017756075897217,2.032197115859985,1.9916682859039307,1.998640479888916,2.041411816673279,2.0125691049957277,2.027045754394531,1.9998353720474242,1.9992178860855103,2.143961034011841,2.0277342469024657,2.0189947946929934,2.0444559672546387,2.021865390930176,1.9903031231307984,2.0204793729400636,2.0069430450057983,2.013272710876465,2.0430816817855835,2.0341618216323853,2.0319785276794433,2.0415818433380126,2.0960655043792724,2.049236443862915,2.027297746505737,2.0579725086212157,2.0846726218414307,2.12100580078125,2.123478773956299]}