{"train_acc":[28.36,28.708,27.88,27.272,27.028,26.284,25.144,24.548,24.696,23.4,23.432,23.164,22.416,21.744,21.524,21.324,21.668,22.052,21.592,21.868,20.884,20.16,20.32,20.468,20.776,20.12,19.308,19.948,19.924,20.032,20.064,19.928,19.396,19.632,19.46,19.924,19.248,19.532,19.308,19.272,19.212,18.868,18.236,18.444,17.604,17.596,16.584,15.912,15.132,14.468],"train_loss":[1.9204457586669923,1.8818645389556885,1.9019201992797852,1.924980986099243,1.9351483138656616,1.9598888849639893,1.9864041728210449,1.995733327026367,1.9922091703796387,2.0334704175186156,2.0396767346954348,2.045949860572815,2.055529687271118,2.07582464302063,2.086734836654663,2.0975276551818847,2.0856225022125243,2.085957172164917,2.104864405670166,2.092376410064697,2.1059031510925292,2.1167980984497072,2.1211948316955564,2.11577913192749,2.1200685066986082,2.130572169342041,2.143907660751343,2.1318092346191406,2.12876614944458,2.123332447891235,2.136771902923584,2.137290018539429,2.1341773717498778,2.1461726457214354,2.144236268615723,2.1454905827331543,2.1498899560546874,2.1531026011657715,2.153683557510376,2.161306017303467,2.162547872543335,2.1680917002868654,2.1695591400909424,2.180088671875,2.187930578765869,2.193908708343506,2.2050020530700682,2.219545846633911,2.239920439605713,2.2502564147949218],"valid_acc":[19.88,28.284,22.68,21.644,26.94,21.304,25.808,22.596,15.74,19.076,21.952,14.484,21.46,18.724,22.844,22.904,24.248,22.208,24.672,20.18,23.156,24.392,21.068,23.348,20.884,21.676,19.444,23.096,22.804,21.232,23.092,20.58,19.228,24.064,22.936,23.2,22.564,22.832,25.188,24.496,25.12,24.464,19.576,23.472,23.748,23.852,23.964,24.348,24.692,23.82],"valid_loss":[2.340988334579468,1.9495600482559203,2.2075411853027345,2.5628737436676023,1.9398293231964112,2.079076484642029,1.9445368230438231,2.047354349899292,2.588324803009033,2.1272963743591307,2.0132689847564698,2.4258529035949707,2.136628904571533,2.135376203918457,2.008327794113159,2.0407256896209716,2.036544479675293,2.068581835861206,2.046151617279053,2.1435097617340086,2.0536909928894045,2.0181735428619385,2.0632939670562744,2.0390563996887208,2.027375397415161,2.0898628221130373,2.1123396168518065,2.006883899459839,2.0003534149169924,2.073960697784424,2.028412382583618,2.090411279678345,2.0612800802993774,2.024808201751709,2.043480412864685,2.050358845062256,2.0315762129211428,2.0258677145385744,2.038208725967407,2.070036789932251,2.034822794265747,2.058656686477661,2.07317629447937,2.0561953031158446,2.063954150314331,2.090025978317261,2.0834379229736326,2.1205596535491944,2.1333187851715087,2.1367877323913573]}