{"train_acc":[27.396,29.468,30.008,30.364,30.024,29.496,29.644,29.78,29.176,29.62,29.7,30.184,29.98,29.024,28.968,28.896,29.924,29.62,30.084,31.028,30.952,31.94,32.136,32.832,32.84,33.5,33.62,34.352,35.664,35.924,36.432,36.524,38.344,39.488,40.592,41.348,42.796,43.564,44.608,45.98,46.672,48.048,48.384,50.096,50.488,51.412,52.28,53.084,53.212,53.972],"train_loss":[1.9281503356552123,1.866660454711914,1.8494583657836914,1.856305354347229,1.8693020708465575,1.8611031414031982,1.8677707089614868,1.86130625,1.8681377325820923,1.869535950012207,1.8732412899017334,1.858779710960388,1.8686629488372803,1.8746470861053466,1.8901814601135254,1.8835400255966186,1.8549943591690063,1.8540324590301513,1.8579807659912109,1.8408199499130249,1.8386014528656005,1.8266779532241821,1.8124728927993774,1.7921384383392334,1.8012717071151734,1.785140308227539,1.7735056761932373,1.7705369945526124,1.7432866772460938,1.7287436107635499,1.7227929809188842,1.701627971496582,1.6819990007781982,1.6477612915802002,1.6339040685272217,1.6044304903793336,1.5808503198623658,1.5627782699203492,1.5342210329818726,1.521566138191223,1.4920098693847657,1.4528727112197877,1.4425546129608153,1.411593454284668,1.3985029453277589,1.3782567041397096,1.354619288597107,1.3418550829696656,1.3238269612121583,1.3219942948150636],"valid_acc":[22.912,21.676,25.096,29.72,25.916,22.46,24.004,27.904,28.408,35.032,28.928,22.812,17.32,23.524,29.312,17.092,26.692,25.584,22.94,24.012,31.12,22.068,35.428,27.144,27.66,31.252,25.416,33.768,35.472,35.492,34.696,37.076,37.012,38.372,43.412,41.376,39.436,41.236,38.4,44.936,44.484,48.064,48.596,51.848,54.08,53.5,52.392,56.28,54.304,58.16],"valid_loss":[2.294014358062744,2.1232463830566406,2.0870290406799317,1.921782282562256,2.0281101110076905,2.5016878914642335,2.1290021061706543,1.9029302936172485,1.8990246963882447,1.7881206211853027,1.8696524993515016,2.1816886074066164,4.332852371673584,2.040660850906372,1.8608205639648439,2.3239572453308104,2.0610386014175415,1.8945181238174438,2.1507579540252686,2.121090919113159,1.811562878189087,2.0674160147857665,1.7256448615264892,2.224625358428955,1.9318750985336304,1.8863924562835694,1.9615112339782714,1.7881504090118407,1.7454500437927245,1.7580338269424438,1.8510303400039674,1.7451607501220703,1.7131183181762695,1.7010945278167724,1.536550383529663,1.5927628453826905,1.7118901873397827,1.588631377029419,1.7197509846878052,1.4745973168182374,1.5560562309646606,1.445822109451294,1.3956618370437621,1.3285827740478515,1.2895026987457276,1.2799973149871826,1.3106962369537354,1.2124753406524658,1.2634994269561768,1.1806639156723022]}