{"train_acc":[27.324,29.82,30.844,31.208,31.3,30.788,30.7,31.268,30.916,30.28,29.704,29.972,30.108,30.812,30.672,30.56,31.592,31.156,31.664,31.284,32.4,32.436,32.632,32.648,33.428,32.76,34.44,34.34,35.036,35.972,37.324,37.276,38.344,38.4,39.408,40.372,41.18,42.344,43.748,43.692,44.76,45.42,46.12,47.868,49.316,49.408,50.316,51.064,51.1,51.492],"train_loss":[1.922615640563965,1.867360068321228,1.8518524536895753,1.8397737863540649,1.8428519789886475,1.8462442626953126,1.8398453448486327,1.8422644185638428,1.8610231225204468,1.862424195022583,1.880440567588806,1.8703922608184815,1.8573345584487915,1.8501100854492187,1.8438117657470703,1.8616320026397706,1.831771914138794,1.84064985496521,1.8365314822769165,1.8288397216033936,1.8169087231445313,1.806242660140991,1.8137620442962648,1.8075924154663086,1.790193460006714,1.792253246459961,1.7656784006500243,1.7667285611343384,1.7525510591888427,1.7377988729858398,1.7183998696899414,1.7129624814605713,1.6887081078338624,1.6775279294204712,1.660998476791382,1.64298048122406,1.6208218914031982,1.6041972456741334,1.5705764852523805,1.5658868297958375,1.534466074295044,1.5253382022857667,1.4990303191757202,1.4711057912826537,1.4420204637908935,1.4305542195510865,1.407758228378296,1.389737353363037,1.379659860458374,1.3870420553970337],"valid_acc":[23.632,24.084,23.024,27.604,25.82,29.076,26.012,29.176,26.032,28.492,27.648,28.028,16.94,29.244,25.2,30.496,29.26,19.66,21.612,30.408,31.992,26.884,34.968,34.156,29.964,30.38,26.592,30.744,30.056,25.288,32.604,34.328,39.168,35.688,43.004,38.46,42.304,42.424,38.84,35.892,42.696,46.308,51.156,49.576,50.652,51.996,52.328,55.184,55.772,54.44],"valid_loss":[2.130818532333374,1.9746940293121338,2.247390140838623,2.0208264085388183,2.087196764831543,1.8895446607208253,2.0157689952087403,1.8808791484832763,1.9975583219146729,1.8938249185943603,2.066064963226318,1.9198927428436279,3.288201057815552,1.9460210299682617,2.1561401960754396,1.8885142531967163,1.8884101399230957,2.0642089207458496,2.126257269897461,1.8641164350128174,1.8087236840057372,2.1363516623687744,1.734044985923767,1.7968042407608031,1.8623942266082765,1.8945803332901001,2.0710476230239867,1.858072262649536,1.8209288965225219,2.1867271582794188,1.7842449099349975,1.7642171800994872,1.6815610721588135,1.764611556930542,1.5766171463012695,1.6825448142242432,1.5759565714263917,1.5857018725967407,1.761002066268921,1.762080470199585,1.6166173175430298,1.440887185974121,1.3498389017105104,1.3931105474090577,1.3617744882583618,1.3412902922821044,1.3087997046279907,1.252705089111328,1.2405734897613525,1.2752787817001343]}