{"train_acc":[26.52,29.048,29.256,30.204,30.42,30.992,30.032,30.588,29.952,30.252,31.052,30.644,31.58,30.592,30.868,31.068,30.624,30.88,30.636,31.212,32.016,32.144,33.1,32.784,33.1,33.504,34.124,34.752,35.884,36.248,36.184,36.312,38.284,39.424,40.008,41.02,41.964,43.284,44.02,45.332,46.44,48.024,48.388,49.584,50.52,51.224,52.08,52.808,53.256,52.988],"train_loss":[1.952172264404297,1.8757504320526124,1.8785076397323608,1.8630841849517823,1.8562346701049806,1.8505693395996095,1.861203724822998,1.85152590385437,1.8619279679107665,1.8609976586914063,1.8298758908462525,1.8507067893218994,1.8350319123077392,1.8488288467407226,1.8444845569610595,1.8436373537445068,1.850526948928833,1.848990820579529,1.847918491897583,1.8265095669555664,1.8218838174057006,1.8175243338775635,1.806688203277588,1.7995758506011963,1.7899952557754517,1.7786601983642578,1.771714995956421,1.7523880348968506,1.7319138683700561,1.720345796546936,1.7198034767150878,1.7167080994415282,1.681582035598755,1.6562503792953491,1.648326475868225,1.618920414505005,1.6043231725692748,1.5735408233261108,1.5467346704864502,1.5199590066528321,1.4964001078033446,1.462872593421936,1.4465885333633424,1.416584592781067,1.4020219747924805,1.379017011680603,1.3644512273406983,1.345083975982666,1.3390920056343079,1.3460753702163697],"valid_acc":[28.8,21.34,31.884,30.36,20.78,29.488,23.776,25.616,19.844,21.624,30.988,30.06,27.96,30.44,29.088,27.572,30.48,30.484,27.772,33.08,25.244,30.992,32.992,34.54,33.344,32.504,28.1,36.876,30.604,33.928,34.484,35.684,38.308,34.976,41.876,42.324,41.564,45.756,46.488,44.18,46.032,42.696,49.3,52.8,53.708,53.568,55.468,57.052,55.2,56.092],"valid_loss":[1.9319032369995117,2.133544964065552,1.8803494647216796,1.8608700204467774,2.074014242248535,1.9199029358673096,2.19011013961792,2.117822339324951,2.2186982904052734,2.143764029273987,1.8591020783233643,1.8502030150985718,1.9578944835662841,1.9349281713104247,1.8445255881118774,1.893834158592224,1.8328841720581055,1.8059399294281007,1.9580760848617553,1.792960517654419,2.095307713546753,1.8748553678131104,1.7689121601104736,1.734436056251526,1.7521342081451416,1.8193007633209228,2.1283778189849856,1.747302870826721,1.7820582741546631,1.9159172023773194,1.737628327522278,1.7169803888702393,1.7226790440750122,1.7544685134887694,1.6264933399200439,1.5635328268814086,1.5631160788726806,1.5127041919326782,1.451861029624939,1.5179951525115967,1.4714540554046631,1.5659251594161987,1.3750661470413208,1.2986843465423583,1.2907254770660401,1.2844217850875854,1.2447639985656738,1.2009898677825928,1.2699836125946045,1.2277729430770874]}