{"train_acc":[27.852,28.492,28.432,28.676,29.024,28.136,27.612,28.108,27.6,27.512,26.572,25.24,25.216,24.392,24.3,25.032,24.708,24.636,24.196,23.976,24.008,23.24,22.688,22.704,23.124,22.936,23.452,23.788,23.308,24.396,24.344,24.872,24.592,24.512,25.76,25.308,26.228,26.264,26.288,26.604,27.372,27.704,27.88,28.012,28.388,28.564,28.72,28.596,28.592,28.628],"train_loss":[1.9207022489166259,1.8904336417007446,1.899395977859497,1.9011623364257813,1.8858419513702394,1.9136770588684082,1.9223554363632203,1.916516287536621,1.9267682229614258,1.9406512683868409,1.951977621383667,1.9772966656112672,1.9787651904296875,2.000704467163086,2.0135820932769777,2.0036354124450684,2.002875048522949,1.9986705718231201,2.0085337073516847,2.0202301538085936,2.0245285066986085,2.0295880416870116,2.0420783155822755,2.0351045934295655,2.0316782456970213,2.043211404953003,2.0334530823516848,2.020835174331665,2.0261245588684083,2.0173953161621094,2.0179371284484864,2.009597654953003,2.0051293574523927,2.0056102534484865,1.9885112197875976,1.9915630062103271,1.9806874071502685,1.9787745770263672,1.9782714629364013,1.9681346514892577,1.9620497995376587,1.9584074308013917,1.9498156546783447,1.9445342835235595,1.9383999263000489,1.9345776259613037,1.9333091552734376,1.9306913418960572,1.9422485168838501,1.9488141010284423],"valid_acc":[24.952,16.724,27.928,25.84,18.156,22.54,25.068,24.084,27.944,19.872,22.74,24.364,23.688,22.684,21.228,21.448,27.788,19.84,20.892,22.512,14.928,20.336,19.68,27.648,25.072,26.296,28.264,17.592,27.664,22.752,25.248,27.404,22.324,28.944,27.948,30.364,30.352,30.636,29.068,29.928,30.6,33.792,29.784,33.876,32.664,31.856,33.448,34.256,35.932,35.92],"valid_loss":[2.102135439300537,2.6365468245697024,1.9256031705474854,2.030951838531494,2.1694865579223634,2.2231014009094237,1.9790269553375244,2.102685548362732,1.9234197954940795,2.360286716995239,2.053241757469177,2.0010886768341063,2.203135820465088,1.9681202312850952,1.9758949480819703,2.101315264892578,1.9339881365966798,2.187354718360901,2.0965884454345702,1.958101240234375,2.6083284622955323,2.141799811935425,2.0917424588012694,1.976535629119873,2.002508620147705,1.9542813890838624,1.9379444399261474,2.1233597692108153,1.908776646156311,1.9855217846679687,1.9803481482315064,1.9569493082427978,2.12271719581604,1.9019264025497435,1.8919221655654908,1.8505430393218993,1.8552330365753174,1.8525607376861573,1.873964522705078,1.834602483520508,1.8261465869522095,1.7912601211929322,1.8250883191299438,1.7702876934432983,1.7848675689315796,1.8073560201263428,1.772863312072754,1.7645514294052125,1.74744169921875,1.745411705055237]}