{"train_acc":[27.74,29.3,29.088,30.0,28.756,28.128,27.292,27.08,25.824,26.212,25.952,25.404,25.128,25.792,24.652,24.888,25.068,24.136,23.96,24.18,23.88,23.472,23.632,23.728,23.228,22.548,23.704,23.308,23.792,24.312,23.724,23.932,24.452,24.608,24.504,24.924,25.344,25.148,25.876,26.016,26.036,26.68,26.272,27.04,26.888,26.656,27.3,27.368,27.224,27.256],"train_loss":[1.924778850364685,1.869285031967163,1.8812772970581055,1.8647990938568115,1.9025621154403687,1.903637970046997,1.9241713314056397,1.9444464700317383,1.9735317320251464,1.9696424007415771,1.9676566352844238,1.9837591324615478,1.9807618838882446,1.9812066192245483,2.0002134855651854,1.9987742555999757,1.996863913497925,2.00996088973999,2.0179044635772705,2.0265365153503416,2.0298197691345217,2.0379704648590087,2.031654308013916,2.027550260543823,2.0362427571105957,2.050846546936035,2.026344154815674,2.0338243243026732,2.0314747411346437,2.0192326877593993,2.0204265924072264,2.0212023188018797,2.009931180648804,2.013774251174927,2.003668028488159,2.005416725769043,1.994732777709961,1.9920764281463623,1.9877021099853516,1.9844117116546631,1.9806394929504394,1.9765002886199952,1.9745937397003175,1.9702723069000243,1.969113669052124,1.9647500899505614,1.9566582424163819,1.9646829629135132,1.9699093606567384,1.968473289794922],"valid_acc":[19.616,26.924,25.852,17.288,20.136,27.708,24.768,20.084,19.556,22.496,24.424,17.052,24.068,19.308,21.96,29.252,23.724,19.808,22.948,22.388,15.996,24.608,21.972,23.156,23.316,26.22,21.124,23.08,23.52,28.152,23.712,27.96,27.832,24.388,27.436,28.716,28.712,27.092,28.296,30.736,30.164,30.376,31.14,30.968,30.328,31.264,33.568,33.744,33.096,31.96],"valid_loss":[2.3254392729187012,1.9107240978622437,2.1532702420043943,2.493411609954834,2.647483394317627,1.931496269493103,1.9863923921966553,2.1334032428741456,2.113145722732544,2.184219220504761,2.2247523600769044,2.2519763402557373,1.9606396975708007,2.117120292663574,1.9887507593154907,1.9104288109588623,1.9064507934951782,2.049316613998413,2.029302378768921,2.052047820510864,2.786723208389282,1.9497420790863038,2.062941369934082,1.9757927548980714,1.9561949304580688,1.973181318283081,2.0801454656219485,1.9782521244049072,1.9649026248168946,1.9150740026473998,2.0109286044311525,1.881714324798584,1.8866505606842041,2.030097201499939,1.8967588900756835,1.905589998550415,1.883007684288025,1.927980118637085,1.8516113834381103,1.8815996694564818,1.8511547830963135,1.843737261276245,1.8208566643524169,1.8342121042251587,1.8585538600921632,1.8265440790176393,1.7945307437133788,1.7903801605987548,1.7956301718521117,1.805057985496521]}