{"train_acc":[39.304,52.32,58.408,61.768,64.468,66.328,67.664,68.916,69.108,69.932,70.66,70.992,71.336,71.172,71.496,72.096,72.456,72.784,72.576,73.544,73.352,73.24,73.588,74.192,73.912,73.788,74.168,74.66,74.852,75.156,75.428,75.556,75.92,75.748,75.988,76.708,76.836,76.756,77.192,77.388,77.652,77.728,77.576,78.196,77.848,78.372,78.232,77.956,77.836,78.052],"train_loss":[1.6518430394744874,1.316936559791565,1.1669466606521606,1.0798390262603759,1.0099072144317627,0.9626440391540527,0.9304836046981811,0.8985047541809082,0.8854815245437622,0.8734539234733582,0.8501830255317688,0.8445097790908813,0.8312649731063843,0.8279843747138977,0.8190057903289795,0.815881694431305,0.802784910774231,0.7983419260406495,0.7963859559822083,0.7778416993522644,0.7855997863960266,0.7856562034988404,0.7718695633316041,0.7696182325172425,0.7643975381469726,0.7643438208675385,0.7534694306373596,0.7533512634086609,0.7427098784637451,0.7396711028862,0.7318502681922913,0.7265338503456116,0.7185337294769287,0.7131578475379944,0.7083303085327148,0.7017599566078186,0.6929074604415894,0.6951070036697388,0.6841688911819458,0.681445327949524,0.6721007186698914,0.6719520553398133,0.6679175864219665,0.6549230073547363,0.6658020221996307,0.665609005317688,0.662391748008728,0.6679862474250794,0.6709020152664185,0.6702792514038086],"valid_acc":[48.124,54.08,59.976,64.228,64.8,67.472,68.892,70.04,68.832,71.92,70.66,72.984,72.6,74.132,73.216,73.808,75.112,73.556,75.98,76.552,75.46,76.664,75.804,77.096,77.484,77.236,77.34,78.272,78.768,78.94,79.176,78.812,80.02,80.068,80.316,80.2,80.952,80.816,80.8,81.684,81.828,81.936,82.12,82.216,82.884,82.884,82.68,83.048,82.9,82.9],"valid_loss":[1.447675012741089,1.2674103519821167,1.1530087707901,1.0117952021598815,1.0086177632522584,0.9229645121002197,0.8887904119110107,0.8604420947647095,0.8978815218925477,0.8108664743423462,0.8357700157356263,0.7751842386627197,0.7787652715682983,0.747486958656311,0.7601226531982422,0.742892877407074,0.7221339054298401,0.7487226069259644,0.6911485815429688,0.6787448249149323,0.7089750031661988,0.6714665332603454,0.7004150591278077,0.6597037976837158,0.6440350095939636,0.6639046549987793,0.6630620928001404,0.6266598149871826,0.6147332494544983,0.6125749686813354,0.5992217079734802,0.6166120776557923,0.5740484400939941,0.5802243724441528,0.5713389524936676,0.5727238105583191,0.5602722289085388,0.5514632781791687,0.5657853645324707,0.5332026659202576,0.5291172352409362,0.519616132106781,0.5150287086296081,0.5142848798751831,0.5049874729347229,0.5024441971683502,0.49889526147842406,0.4932210765552521,0.4964205533885956,0.4943906914329529]}