{"train_acc":[21.928,20.972,20.804,20.128,19.6,19.4,18.956,18.152,18.248,18.56,19.024,18.688,17.74,17.936,17.396,17.396,17.016,17.572,17.176,16.936,16.764,17.168,16.16,14.964,16.796,16.516,16.392,16.484,16.376,16.364,16.608,16.928,16.584,16.504,16.892,17.032,16.632,16.972,17.4,17.276,17.312,17.22,17.224,17.068,17.068,17.56,17.44,17.864,17.764,17.344],"train_loss":[2.073146096038818,2.079578863067627,2.085129806175232,2.1198653117370605,2.1247729807281495,2.120667794189453,2.1473675133514405,2.169156494064331,2.1634486235809325,2.1701127335357664,2.1564038865661623,2.16601969619751,2.175975050430298,2.1843167303466795,2.1854270401763918,2.1961204722595213,2.1857550340270997,2.188433679122925,2.195001894607544,2.206740891342163,2.216863654022217,2.2052792962646484,2.2250944833374025,2.242061901779175,2.2207161334991454,2.222593349609375,2.225937854537964,2.209507249069214,2.2145100590515137,2.214261581497192,2.2133279900360106,2.2070563694763186,2.205302774963379,2.204935659866333,2.1950328472137453,2.1977633699798584,2.1973689363098146,2.1979449907684327,2.1984886568450928,2.1852804552459717,2.1809334380340575,2.179176519165039,2.1784869212341307,2.181250983123779,2.169198165359497,2.1683390563201903,2.169742013092041,2.1678781786346435,2.170687524032593,2.1770627241516114],"valid_acc":[18.884,15.836,13.288,13.768,15.652,14.892,9.96,13.584,17.88,12.032,16.28,16.352,17.26,17.4,16.084,14.772,17.16,16.844,13.6,19.068,16.46,17.34,18.572,17.468,16.952,17.132,13.832,16.928,16.004,18.2,18.436,16.464,15.784,15.916,18.004,18.416,16.812,18.364,17.276,18.436,19.008,17.696,19.824,19.384,18.912,18.208,18.184,16.908,19.572,20.124],"valid_loss":[2.179010523223877,2.294550323486328,3.828034757537842,2.6415055521392823,2.753308183517456,2.550400347137451,2.598804948577881,2.7771500637054443,2.2118671144104005,2.7263273052215578,2.2286733744812013,2.1573390730285644,2.159492219848633,2.184969781341553,2.2521312106323244,2.3054829585266114,2.2333354378509522,2.2992649935150147,2.298377991256714,2.1620779383087156,2.152077697906494,2.211372230377197,2.246885751724243,2.150647007293701,2.2210165324401854,2.2049308407592774,2.2025050772094725,2.1386976192855833,2.1320104991149904,2.1393538023376464,2.154519716873169,2.1750828479003905,2.1322172871398926,2.1939681088256835,2.1722468059539795,2.163656823425293,2.201522327041626,2.11543661529541,2.154366440048218,2.136671081390381,2.1448421842956544,2.1446062565612793,2.10035829536438,2.1000738398742675,2.096409589691162,2.105789344558716,2.0896586145019533,2.1534119091796873,2.1009376354980467,2.119832492828369]}