{"train_acc":[21.96,20.372,20.952,19.608,20.096,20.096,19.568,18.656,18.216,18.028,17.916,18.056,17.82,17.452,17.94,16.944,16.624,16.664,16.532,16.224,15.876,15.42,16.504,15.884,15.764,15.932,15.92,16.352,16.776,16.784,16.324,16.396,17.212,17.0,16.704,17.068,16.832,16.992,17.284,17.144,16.848,17.064,17.372,17.412,17.584,17.892,17.328,17.336,17.356,17.468],"train_loss":[2.070958906288147,2.098158790550232,2.0954743017578124,2.112983782043457,2.1269941694641115,2.1270824043273926,2.1421134746551513,2.153155312728882,2.1614746134948732,2.1706462547302245,2.166338659515381,2.1734025457000734,2.1717336254119872,2.188005284500122,2.1875061543273926,2.195824295501709,2.217419122390747,2.2269396855163572,2.2061987855529783,2.2389354494476317,2.236147491912842,2.248519087753296,2.2275532638549804,2.2210334159851075,2.23785506690979,2.243987491607666,2.240431557388306,2.2091216544342043,2.201844398880005,2.2106217693328856,2.2192634925842287,2.21512090965271,2.200482867050171,2.20101684753418,2.201475308303833,2.2070022409057617,2.208996910171509,2.195849114227295,2.1944413291931153,2.1865809093475344,2.182659031906128,2.174997404632568,2.177430210647583,2.1700043414306642,2.170004141998291,2.1669610678100586,2.170001642303467,2.17459480758667,2.1744683968353273,2.1756711390686037],"valid_acc":[16.096,15.072,19.416,19.216,16.932,15.664,15.2,15.896,15.404,19.708,18.32,16.688,12.224,10.884,13.644,10.1,11.076,9.8,17.652,16.88,12.28,11.748,10.036,12.084,9.876,16.244,18.032,17.62,17.684,16.892,19.524,18.408,17.28,17.48,19.244,17.784,16.7,19.372,18.664,17.748,18.332,20.576,18.368,19.88,19.668,20.516,19.312,18.832,19.404,18.296],"valid_loss":[2.951592954559326,2.2054117064666747,2.2157221202087403,2.158404865875244,2.526780138244629,2.51371908493042,2.2699235761260987,2.290736453704834,2.2026262602996827,2.135474264602661,2.1438234463119508,2.1274652487945556,2.420680620880127,2.339950121917725,3.084650328216553,2.8567428339385987,4.626525119018555,2.414943842391968,2.203079235458374,2.2026356449890137,2.266017004776001,3.2764903168487547,2.902281829376221,2.296582125015259,2.370450149383545,2.1650214655303954,2.159493650970459,2.1528467797851563,2.1678865406799317,2.146988595428467,2.185890024032593,2.129851495819092,2.1282258618927004,2.153532067871094,2.1065373175048827,2.1316730159759523,2.1583248595428466,2.120890556411743,2.0971476712799073,2.1276079193878172,2.1230004542541505,2.105296389465332,2.1148705139160158,2.117877879180908,2.092875082397461,2.100539047622681,2.0953426012420655,2.103680095214844,2.097480731048584,2.106690596008301]}