{"train_acc":[33.654581194714424,66.68122747624768,74.22736704160751,76.89472534672927,78.25707109315277,79.3191001419679,79.76684503658403,80.43027192311892,80.50944632521568,80.73058862072732,80.99814349677843,80.86163590695642,81.19198427432565,81.7298241782243,81.48138036474828,82.03287102762914,81.76531615157803,81.95915692912526,82.379600305777,82.14480725128317,82.4751556186524,82.75363110188927,82.88194823632195,82.98842415638309,82.85464671835754,83.2832805503986,83.4061373812384,83.60816861417494,83.97127880310146,83.6327399803429,84.0149612318445,84.13781806268429,84.56918204652179,84.43813476029267,84.58556295730043,85.15616468275635,85.73222671180518,85.65578246150486,85.8086709621055,85.80048050671617,86.14720978486403,86.36289177678279,86.52397073277274,86.85977940373485,86.75876378726657,86.88708092169925,87.15463579775036,87.00447744894616,86.98263623457464,86.72600196570929],"train_loss":[1.8627653505469666,0.9875167980196174,0.778443813473686,0.7018971293660196,0.6612650052394827,0.6342352801591948,0.6227741259810992,0.6121369569247188,0.6082750714878412,0.596585077874666,0.5913622830552514,0.5914614806239543,0.5837585274746445,0.5702243902589005,0.5725714919464784,0.5634186920138625,0.5745489907450873,0.5652177803469782,0.5565656609829173,0.5590446940757985,0.5576913907588589,0.5471585050373342,0.5455764210990934,0.5425133260040809,0.5364684190788657,0.535573943038558,0.5280431026947399,0.5215852551940905,0.5173952519353383,0.5165717136922382,0.5100899034743097,0.5062201627740384,0.4978811508985382,0.4917689891989944,0.4870422589664338,0.47700041721282965,0.46898129239045366,0.4676783898843484,0.4607644598466074,0.45686415641071154,0.45670251618426766,0.44368978563166867,0.4414966050240493,0.431837764124273,0.4358741261103248,0.4298206387036646,0.42731935553927214,0.42823582333066623,0.4278150712531168,0.4308797831753788],"valid_acc":[56.769226568799475,72.27060525771223,75.33102186854373,78.9128832352204,79.29236397556677,80.96863141289383,80.1960195452703,81.39179338671143,82.30636927191665,81.61019956823121,81.78492451128085,82.33367004452852,83.2782767758576,82.9370171182093,82.73772147710123,84.02358786545376,83.7642305283488,84.38395806663813,83.0161893571174,84.87537197156882,84.68153648810745,84.5532228568317,85.95648256908156,85.54151082642265,85.24666248117306,85.29853394642785,86.08479619764957,85.66982445394922,86.86286821812917,86.37145431382334,86.91200961153827,86.27044145349313,87.77471402399031,87.50716645072774,87.53719730164222,87.65459062491469,87.89756750116028,88.00404051497142,88.77665237822089,88.2633978537427,88.68382975134055,89.31993775423844,89.35815883589505,89.0906112622159,89.31720767593582,89.74036965141973,89.34723852851661,89.79224112209002,89.54926424313666,90.00518714679626],"valid_loss":[1.24903121392659,0.8546525181818986,0.7377181491087909,0.6409329302093738,0.624173563941648,0.5808524656399595,0.6012599374045806,0.5648863879636932,0.5479692213857472,0.5643470201273867,0.5567362994454366,0.5380102203129004,0.5183578985490619,0.5305886192224337,0.5383955991918408,0.4998059186098626,0.5049236486105138,0.4866879604438094,0.5246099414813788,0.4743186531132245,0.4778612766641374,0.478457851957678,0.4428257435798619,0.4525960675275486,0.4672243550813196,0.46599651388149693,0.4395022754060076,0.44935801337472103,0.4188571186002081,0.42793064968004846,0.4135496699320876,0.4350640245042128,0.3922676374553681,0.3979381330834257,0.40194420875178144,0.39026951797829496,0.3892615771263292,0.38667168450764294,0.36917938236496517,0.3759955966295906,0.3630807312520867,0.35109550673809037,0.3565780931884947,0.35356792811891263,0.354921292944119,0.34237854815762225,0.34587825772712116,0.3364512390997672,0.346404659126955,0.3306228979808139]}