{"train_acc":[54.524,37.448,31.528000000000006,27.992000000000004,26.444000000000003,25.232,24.516000000000005,23.292,22.644000000000005,22.471999999999994,21.596000000000004,21.560000000000002,20.632000000000005,20.516000000000005,19.876000000000005,19.304000000000002,19.336,18.715999999999994,18.480000000000004,18.036,17.331999999999994,16.964,17.203999999999994,16.372,15.787999999999997,15.396,14.932000000000002,14.459999999999994,13.939999999999998,13.495999999999995,13.207999999999998,12.372,12.200000000000003,11.195999999999998,10.772000000000006,10.319999999999993,9.659999999999997,8.843999999999994,8.444000000000003,7.963999999999999,7.099999999999994,6.391999999999996,5.808000000000007,5.135999999999996,4.579999999999998,4.168000000000006,3.5079999999999956,3.2560000000000002,2.971999999999994,2.9000000000000057],"train_loss":[1.4889761430549622,1.0535556368255614,0.8959628510284424,0.8071765622329712,0.7624203582954406,0.7247420625114441,0.7059095700836182,0.6767177760696411,0.6568632494926453,0.6468928058242798,0.6311339263534546,0.617758161392212,0.605773030090332,0.5949853874111175,0.5768622676849365,0.5643138039588929,0.5560394244194031,0.5446106714820862,0.5404161316871643,0.517776811618805,0.5073827040672302,0.4983886774635315,0.498061582326889,0.47328891107559207,0.46000209610939025,0.4445375896644592,0.4345799425125122,0.42286159114837646,0.4034307306957245,0.39218582724571227,0.37563224091529845,0.358783738822937,0.3526537249660492,0.3212190225410461,0.30859170475006104,0.2971904643821716,0.27494993827819825,0.25566136806964873,0.24332784085273743,0.22669821887016298,0.20310482458114623,0.18289854620933532,0.16723677377700805,0.1500079936313629,0.13431842443466185,0.12265088585376739,0.1043138457775116,0.09553064991474151,0.08988777550697327,0.0875556678533554],"valid_acc":[47.52,33.372,33.492000000000004,29.256,26.799999999999997,25.64,25.180000000000007,28.456000000000003,23.063999999999993,22.715999999999994,23.587999999999994,22.536,21.732,21.195999999999998,22.391999999999996,21.555999999999997,21.608000000000004,20.200000000000003,19.620000000000005,20.348,19.296000000000006,20.727999999999994,18.819999999999993,18.816000000000003,17.855999999999995,18.968000000000004,16.903999999999996,18.012,17.092,16.988,17.316000000000003,15.347999999999999,15.920000000000002,15.744,14.459999999999994,15.632000000000005,13.86,14.376000000000005,13.424000000000007,12.616,12.808000000000007,12.775999999999996,12.608000000000004,12.528000000000006,12.439999999999998,11.884,11.591999999999999,11.847999999999999,11.939999999999998,11.659999999999997],"valid_loss":[1.3489823346710206,0.9629511297607422,0.9648093701553345,0.8309353108596802,0.767785244140625,0.7439116318893433,0.7476434930419922,0.8291414686203002,0.6686931559371948,0.6580891811466217,0.6801814641189575,0.6604301490974426,0.6267019689750671,0.605435917930603,0.662431194820404,0.631802463054657,0.6430510326194763,0.5861859100532532,0.5669943137168885,0.5971073996734619,0.5634308141708374,0.6132962420845032,0.5341655872726441,0.560257603340149,0.5240234003829956,0.5573806286430358,0.4986602454185486,0.5326214028167725,0.5017387584018708,0.4972788673591614,0.5012358253669739,0.4529576291656494,0.47585889157295225,0.4713116914319992,0.4348757054710388,0.4730381420230865,0.41343397567749024,0.4390095641708374,0.4133423843669891,0.385916307220459,0.3984100607585907,0.3865869046020508,0.39669094569206237,0.39233805309295655,0.39462371397972107,0.3850415911245346,0.3841419414949417,0.38335291747093203,0.4036816701602936,0.3940616301727295]}