{"train_acc":[55.424,39.072,32.284000000000006,29.379999999999995,27.060000000000002,25.951999999999998,24.855999999999995,23.959999999999994,23.531999999999996,22.708,21.751999999999995,21.464,21.355999999999995,20.236000000000004,19.760000000000005,19.659999999999997,19.092,18.828000000000003,18.400000000000006,17.968000000000004,17.531999999999996,17.212000000000003,16.647999999999996,16.116,16.031999999999996,15.016000000000005,15.024000000000001,14.468000000000004,14.043999999999997,13.439999999999998,13.024000000000001,12.251999999999995,11.944000000000003,11.156000000000006,10.744,10.292000000000002,9.751999999999995,8.808000000000007,8.284000000000006,7.596000000000004,7.103999999999999,6.311999999999998,5.611999999999995,5.055999999999997,4.364000000000004,4.087999999999994,3.543999999999997,3.2759999999999962,2.7039999999999935,2.8799999999999955],"train_loss":[1.507590139350891,1.0913691255569458,0.9263719395065307,0.8430270317459106,0.7871307395172119,0.7486686881065369,0.7222909324455261,0.6947767868614196,0.6799850464248657,0.662765662612915,0.6351807969665527,0.6185150633621216,0.6097630881309509,0.592305114479065,0.5801079997444153,0.566322618932724,0.5539809213638306,0.5420018293571472,0.5305437411880494,0.5217537169551849,0.5092003826713563,0.49707012714385984,0.48624350234985353,0.4646572019195557,0.4641942352485657,0.4381946091747284,0.43206657999038695,0.41928398657798766,0.4052963316440582,0.3843925503349304,0.3778072729873657,0.35448317777633664,0.34320008644104005,0.327838555355072,0.30908994015693664,0.29221344373703,0.27663838686943054,0.2543331762695312,0.2398521494293213,0.2153539358139038,0.20434001987457276,0.18086898837089538,0.16080974154472352,0.14687401354789734,0.1297835111427307,0.11788403764724731,0.1023449532341957,0.09654246018528938,0.08392306388616562,0.08220283590316772],"valid_acc":[43.0,36.408,31.567999999999998,29.924000000000007,26.531999999999996,26.879999999999995,28.256,25.036,24.203999999999994,26.092,22.464,22.632000000000005,22.200000000000003,23.055999999999997,21.596000000000004,21.867999999999995,20.555999999999997,21.456000000000003,20.739999999999995,20.592,19.703999999999994,20.299999999999997,19.336,19.019999999999996,18.792,18.036,18.251999999999995,17.560000000000002,16.671999999999997,16.007999999999996,16.355999999999995,15.988,16.099999999999994,15.316000000000003,14.579999999999998,14.64,14.055999999999997,13.732,14.412000000000006,13.343999999999994,12.944000000000003,13.004000000000005,12.664000000000001,12.495999999999995,12.183999999999997,12.116,12.343999999999994,11.719999999999999,11.823999999999998,11.623999999999995],"valid_loss":[1.1973211905670167,1.0424723198699952,0.9008280059814453,0.8813453747367859,0.7585477788734436,0.7790532101631165,0.8136925981712342,0.7396415713882446,0.7007825266170502,0.7505487019729614,0.6539835867500305,0.6608150426673889,0.6434400666713714,0.6641856759548187,0.631350688533783,0.6369844582557678,0.604173750553131,0.6216122955513,0.5951480794715881,0.6171188074874878,0.5718273084449768,0.5990177929496765,0.5645657235527038,0.5502417142105103,0.5352333583259582,0.5302683956813812,0.5419288881111145,0.5087661666297912,0.49042405403137207,0.4763451084327698,0.48319525606155395,0.4706331820678711,0.4796352848148346,0.4546915871620178,0.4343921968650818,0.43704071102142333,0.4177729150772095,0.412293875617981,0.44340414199829103,0.40891170566082,0.3999370989513397,0.40764897300720215,0.4019973682117462,0.40984376615524293,0.40287326942443846,0.3912842467737198,0.41701535511016846,0.3955519482421875,0.404216293489933,0.4034745433998108]}