{"train_acc":[18.04084307087474,18.30020749153653,18.51588948345528,18.840777547231625,18.840777547231625,18.840777547231625,18.840777547231625,18.840777547231625,18.840777547231625,18.840777547231625,18.840777547231625,18.840777547231625,18.840777547231625,18.840777547231625,18.840777547231625,18.840777547231625,18.840777547231625,18.840777547231625,18.840777547231625,18.840777547231625,18.840777547231625,18.840777547231625,18.840777547231625,18.840777547231625,18.840777547231625,18.840777547231625,18.840777547231625,18.840777547231625,18.840777547231625,18.840777547231625,18.840777547231625,18.840777547231625,18.840777547231625,18.840777547231625,18.840777547231625,18.840777547231625,18.840777547231625,18.840777547231625,18.840777547231625,18.840777547231625,18.840777547231625,18.840777547231625,18.840777547231625,18.840777547231625,18.840777547231625,18.840777547231625,18.840777547231625,18.840777547231625,18.840777547231625,18.840777547231625],"train_loss":[2.2568163419767044,2.2506898864591123,2.2502862225326634,2.2473819603679925,2.247696539818544,2.247505899650946,2.2477049262578066,2.247220601553322,2.247586398688651,2.247267726207907,2.247580100293111,2.2478904999850347,2.2474566329524053,2.2471760694827263,2.2475171086568686,2.247361564240472,2.2474196984854617,2.2473762273606197,2.247495840818741,2.247279698585493,2.247073531814755,2.247891124893227,2.2473661909460616,2.2473505016913045,2.2474085338201353,2.2473859662010875,2.2472183121413245,2.2472352574612877,2.2473338984422475,2.2472362600847067,2.2472877754737577,2.247370880478345,2.2470763587295535,2.247440846606583,2.246879977899776,2.247391018685756,2.247278626704302,2.246956784196383,2.247329864749823,2.247095503999219,2.2468595735446404,2.247232853149084,2.247139050422361,2.2471099511705086,2.247173327812269,2.246816122572248,2.2470172440444616,2.2471748316692866,2.2470439571056926,2.246886137180926],"valid_acc":[18.340659041067426,19.001337737779874,19.001337737701764,19.00133773780591,19.00133773712897,19.001337737753836,19.001337737753836,19.001337737701764,19.001337737753836,19.001337737779874,19.001337738274557,19.00133773780591,19.001337737701764,19.00133773780591,19.001337737701764,19.001337737753836,19.001337737831946,19.001337737753836,19.001337737753836,19.001337737753836,19.001337737753836,19.00133773780591,19.00133773780591,19.001337737779874,19.001337737753836,19.00133773780591,19.001337737701764,19.001337738274557,19.001337738274557,19.001337738274557,19.001337737831946,19.00133773712897,19.001337737753836,19.001337737753836,19.00133773712897,19.001337738274557,19.00133773785798,19.001337737779874,19.001337737701764,19.001337738274557,19.001337737753836,19.001337737753836,19.001337737701764,19.001337737753836,19.001337737701764,19.00133773780591,19.001337737831946,19.00133773780591,19.001337738274557,19.001337737753836],"valid_loss":[2.2540851120554475,2.2512313550310536,2.245657174110595,2.248026544701676,2.24543065801391,2.2461462401716283,2.246003519629875,2.2469419446538663,2.2458707706007033,2.249203928845622,2.2497004115150943,2.243298438053016,2.245325492586914,2.247417268492952,2.2454326659072423,2.2461525661040787,2.2469684847313323,2.2474509039656523,2.247920248932776,2.24762992443742,2.2511113198911525,2.245161424056393,2.2462965929328234,2.2465872202729535,2.245719985725767,2.2463155665839345,2.245362672190294,2.2457733412379177,2.2461108696568446,2.247395889638452,2.2460082971856723,2.2455090310741577,2.246531353922668,2.2450351518190295,2.247136988476195,2.2461937426179897,2.2455502286382116,2.246272660332785,2.2456585417905823,2.246070914090277,2.2464564803608082,2.2460903787877182,2.2461227247406406,2.246122590967438,2.245736115583282,2.246103671458284,2.2461755496186533,2.245941314953981,2.2458982159254406,2.2460348175733786]}