{"train_acc":[37.872,48.248,52.852,55.168,55.388,56.448,57.18,57.84,58.188,57.968,57.752,58.844,59.048,59.096,59.48,59.58,59.336,59.4,59.548,59.424,59.748,59.988,60.32,60.236,60.796,60.824,61.232,61.328,61.312,62.508,62.036,62.536,63.22,63.152,63.924,64.344,65.092,65.388,66.084,66.672,67.368,68.344,68.368,69.42,70.108,70.256,70.52,71.616,71.268,71.216],"train_loss":[1.6841705404281617,1.4197621578979491,1.3188952100372315,1.2679869454193116,1.2566417543792725,1.2297827073287964,1.2072510264968872,1.203212697868347,1.1928898992538453,1.1968635473251343,1.2051724197769165,1.1863948404693603,1.1764340355682372,1.1738012753677367,1.161653532371521,1.174632889251709,1.1690331638336182,1.171175399093628,1.1687769716644287,1.1635342603683472,1.1645038472747802,1.1573753140068055,1.1524278496170044,1.1604868355560303,1.1447823232269287,1.1435138843536377,1.1336677809143065,1.132490913734436,1.1292664447784424,1.1073599727630614,1.1068427626037598,1.0979068620300294,1.0946664411735534,1.0809299584960939,1.0687746619415284,1.0486754648208618,1.0356763834762572,1.0229097946166992,1.0063123472976685,0.9925449119758606,0.9735606761169434,0.9498281590080261,0.9377491342544556,0.9245693858528137,0.9022445261001587,0.9022096553421021,0.8907644294929504,0.8701266560173034,0.8704683176422119,0.8738466239929199],"valid_acc":[46.492,50.596,50.516,53.308,55.916,53.24,55.812,53.1,57.28,59.988,60.16,60.432,57.316,58.76,63.4,61.528,60.912,62.74,63.136,59.392,63.884,66.36,64.864,61.46,64.936,64.688,67.244,66.532,62.88,67.5,67.22,65.868,66.948,68.576,68.616,69.28,71.912,71.424,71.964,73.368,73.84,74.556,75.068,75.112,76.276,76.444,76.772,76.416,77.536,77.288],"valid_loss":[1.4573556797027587,1.3746820455551148,1.370014409866333,1.3135233930206298,1.2530701013183594,1.3192065368652344,1.2235335870361328,1.3264420854187011,1.1872532046508788,1.144974606590271,1.1490961455535889,1.1233467472839356,1.207171081161499,1.1480410834121704,1.0384680076217652,1.0831858510971069,1.1282270178985596,1.0804089379882813,1.042383811607361,1.15606649269104,1.0492794160461425,0.9680319458770752,0.9983269779968261,1.0730920138168334,1.007612184715271,1.0037130574035644,0.9333483065795899,0.9430919570541382,1.0830499550628663,0.9155159784317016,0.9310891340637207,0.9722529495429992,0.9486629681396485,0.9082736871910095,0.8953412410354614,0.8971311264801025,0.8052943107414245,0.826622794418335,0.8056937203979492,0.7702893446350098,0.7439299704933167,0.7318218906021118,0.7158286838531495,0.7115037966918946,0.6821134415054322,0.6777254390907288,0.6666588905906677,0.6692087309837341,0.6491664151000976,0.6512751910018921]}