{"train_acc":[39.836,55.052,59.996,63.908,65.34,67.04,67.92,69.068,69.38,70.352,70.868,70.764,71.532,71.536,72.052,72.44,72.708,72.74,73.28,72.872,73.848,73.676,73.728,73.656,74.264,74.58,74.456,74.388,74.516,75.408,75.52,75.608,75.964,75.68,75.868,76.12,76.724,77.312,77.076,77.116,77.66,77.624,77.616,78.248,78.652,78.396,78.528,78.408,78.476,78.088],"train_loss":[1.630706265335083,1.264035186767578,1.1253947257614136,1.037384111289978,0.9898254696655273,0.9380429270362854,0.9168092848396301,0.8901460081291199,0.8761758947944641,0.8618888094711303,0.8468477465820312,0.842377435874939,0.8175031951141357,0.8254461602401734,0.8134425776481629,0.8071213402557373,0.8014934491157532,0.7942204245376587,0.7871990855026245,0.7908715943527221,0.7719529577636719,0.775401964893341,0.7719135004043579,0.774219879989624,0.7592459153366089,0.7547527305221557,0.7504749001693726,0.7552953279304504,0.7472747673606872,0.7342170694732666,0.7223504914283753,0.7216756195831299,0.7205436620521546,0.7182674830245972,0.7127759700775147,0.7027299269485474,0.6922315837860108,0.6847920816612244,0.6844844309997559,0.6840943197059631,0.6753884964179993,0.6684343145561218,0.6712800004196167,0.658088401479721,0.654096132144928,0.6569851498794556,0.6536215380096435,0.6542651274490356,0.6518145243835449,0.6653837128067016],"valid_acc":[50.068,55.808,58.764,64.488,68.236,66.468,70.748,70.284,70.488,73.196,71.608,72.944,72.856,73.916,73.52,74.82,75.764,76.272,74.804,75.328,75.26,76.38,76.94,78.172,76.244,78.092,77.384,77.392,77.74,77.828,79.008,78.94,78.864,79.696,80.248,80.224,81.136,81.136,80.924,81.348,81.984,81.892,82.308,82.096,82.536,82.552,82.844,82.532,82.304,82.468],"valid_loss":[1.3769628929901123,1.2423713486862182,1.1651088429260255,0.9995005894851685,0.9074186006164551,0.9500718765258789,0.8341625785446167,0.8504008628845214,0.8273892998886109,0.7695895741844178,0.8263585655593872,0.7712698015975952,0.7782826541900635,0.7451660343360901,0.7638323460388183,0.7236862796783448,0.7078274880218506,0.6794781438827515,0.7268850588607788,0.7072496813774108,0.7382742948722839,0.6803953802108764,0.6611271556091308,0.630111837234497,0.6871127233982086,0.6377290624809265,0.6549506033706665,0.6414227391624451,0.6333937156486511,0.6500421689987183,0.6000226784515381,0.6071411860084533,0.6204651211929322,0.5881514450740815,0.5715656862831116,0.5716357774162293,0.5471440537261963,0.5505497065734863,0.556940077342987,0.5310841826438903,0.5166781177902222,0.527445534286499,0.5174312068557739,0.525390797290802,0.5068592623901367,0.5108297331047058,0.49902575576782227,0.50602502576828,0.5053687150955201,0.5064656079673767]}