{"train_acc":[38.648,51.924,58.068,61.6,64.48,66.204,67.6,68.556,69.064,69.984,70.224,71.036,71.128,71.988,71.696,72.412,72.56,72.444,72.844,73.16,73.236,73.636,73.74,74.184,73.98,74.86,74.028,74.564,74.652,74.62,75.364,74.972,75.308,75.444,75.604,76.148,76.64,76.728,76.84,77.148,77.348,77.6,77.844,77.608,77.912,78.176,78.04,78.172,77.772,77.88],"train_loss":[1.6704530185699462,1.3300666079711914,1.1730348089218139,1.0772343747329711,1.0114356761932373,0.969313105583191,0.9325371072387695,0.903315227394104,0.8865749891853333,0.8676813351821899,0.8553017321014404,0.8328743843269348,0.83064181016922,0.8174176237487792,0.816784967956543,0.8116537094306946,0.8039384262275696,0.8037957054519653,0.7955997678565979,0.789031309928894,0.7848798476791382,0.7723138537216186,0.7725922323226929,0.7629018195724487,0.7595163097190857,0.7482629878425598,0.7613489298629761,0.7449191933250427,0.7473054220676422,0.7457257719230652,0.7276499787807464,0.7372583743095398,0.7268426756858826,0.7207301672744751,0.7233424211502075,0.7098932607269287,0.6872286243629455,0.6906846861076354,0.6807667475318908,0.6836526001167298,0.6717330776596069,0.6734412642860412,0.66604790184021,0.6745744432258606,0.6690598580360413,0.658953051109314,0.665045075263977,0.6622701479434967,0.6710997574520111,0.673992165145874],"valid_acc":[47.056,55.896,61.124,62.428,65.664,66.596,67.936,68.708,71.448,73.836,71.684,72.324,72.124,73.516,75.156,74.288,74.228,75.352,75.128,73.364,74.584,76.54,76.244,77.304,76.872,75.404,77.912,77.464,78.032,79.572,78.612,78.908,79.592,79.364,80.04,80.756,79.852,81.48,80.98,81.028,82.092,81.988,81.912,82.848,82.492,82.624,82.576,82.884,83.176,82.776],"valid_loss":[1.4771116759872436,1.2334418447113038,1.09757561460495,1.0597070827484132,0.9761566987228394,0.9376752465820313,0.9023029270744324,0.905120597000122,0.8206131299781799,0.7486743327903748,0.8064378580284118,0.8042594887542724,0.7935726392745972,0.7566508459854125,0.71290488155365,0.7360531385040283,0.7300733968353271,0.709760091457367,0.6967512673950196,0.7748602495765686,0.7339422751808167,0.6858601683044434,0.6933529700851441,0.6474648183631897,0.6620237564659118,0.701617898197174,0.6354661895751953,0.649007432384491,0.6443386225318909,0.5939768536376954,0.6123895581626893,0.6118770488929749,0.5907492801761627,0.5932542279434204,0.5780869140625,0.55942634557724,0.5816178331947327,0.5379277682304382,0.5487263264656067,0.5396145031547547,0.5292206372070313,0.5326906660747528,0.5223828907871246,0.5039875168991089,0.5091669398403168,0.5091436417770385,0.5135343021965026,0.5038228067588806,0.49170029173851015,0.4987386430168152]}