{"train_acc":[18.152779294528777,18.177350660696735,18.80255542208147,18.840777547231625,18.840777547231625,18.840777547231625,18.840777547231625,18.840777547231625,18.840777547231625,18.840777547231625,18.840777547231625,18.840777547231625,18.840777547231625,18.840777547231625,18.840777547231625,18.840777547231625,18.840777547231625,18.840777547231625,18.840777547231625,18.840777547231625,18.840777547231625,18.840777547231625,18.840777547231625,18.840777547231625,18.840777547231625,18.840777547231625,18.840777547231625,18.840777547231625,18.840777547231625,18.840777547231625,18.840777547231625,18.840777547231625,18.840777547231625,18.840777547231625,18.840777547231625,18.840777547231625,18.840777547231625,18.840777547231625,18.840777547231625,18.840777547231625,18.840777547231625,18.840777547231625,18.840777547231625,18.840777547231625,18.840777547231625,18.840777547231625,18.840777547231625,18.840777547231625,18.840777547231625,18.840777547231625],"train_loss":[2.2557388754589818,2.2528729742891054,2.2483080662376067,2.2476561682133407,2.2476277854409528,2.2474224307045767,2.2475478749120548,2.247485857362946,2.2478864938394985,2.2473950015544317,2.2476426541733665,2.2475875937497367,2.2471701209170467,2.247424075810998,2.247329715897686,2.247362058470183,2.2474906152417153,2.2472851361277533,2.2474570581326385,2.247540466179035,2.247349185142713,2.247156118427521,2.247544655467116,2.2474122875393174,2.2472855507110268,2.247173837533851,2.247704780399897,2.246629253438275,2.247434847191118,2.247549356507646,2.2470736652270955,2.2473211392338808,2.2473864246562956,2.2473066009079066,2.2472038382823594,2.246960243335702,2.247098602425314,2.2471056403428484,2.247038294111158,2.2474016386881734,2.246850951108217,2.247057205831118,2.2473928739088023,2.246857377370268,2.247098570764618,2.246892347181678,2.24711208329446,2.2473344233953316,2.2469488829000035,2.246952769693048],"valid_acc":[19.001337738274557,18.212345409323014,19.001337738691134,19.00133773780591,19.001337737753836,19.001337737831946,19.001337737779874,19.001337737779874,19.001337737753836,19.001337737779874,19.00133773780591,19.001337737779874,19.001337737831946,19.001337737753836,19.00133773780591,19.001337737779874,19.001337737753836,19.001337737779874,19.001337738170413,19.00133773712897,19.001337737779874,19.001337737779874,19.001337737779874,19.001337737779874,19.001337737753836,19.001337738274557,19.00133773780591,19.001337737779874,19.001337737753836,19.001337737753836,19.001337737779874,19.001337738274557,19.00133773785798,19.001337738274557,19.001337737779874,19.001337737753836,19.001337738274557,19.00133773780591,19.001337737779874,19.00133773712897,19.001337737779874,19.001337738274557,19.001337737701764,19.001337738274557,19.001337738274557,19.001337738274557,19.001337737701764,19.001337737753836,19.00133773780591,19.001337738274557],"valid_loss":[2.251004603581534,2.2550855662788942,2.247621836938665,2.2484792617938028,2.246368295180651,2.2471765838796345,2.2437424215749338,2.2464949090109334,2.2429788610449575,2.246368405970534,2.246935685503873,2.245929388251533,2.245510506068216,2.2450135692389814,2.2465303815674886,2.247323843760385,2.247636934714312,2.246239059299264,2.245766336051072,2.2446604590798813,2.2462269458077153,2.2468199478541413,2.2460847741904217,2.2449772077857912,2.2451493076032443,2.2472257831211273,2.2440521250440506,2.249446723927782,2.2464860869376957,2.2464036453938276,2.247643189607412,2.2468849593719735,2.2460311373262525,2.2448220448586516,2.2452369417304956,2.2462396337585755,2.246702556310172,2.2458746099671223,2.2462766629712463,2.2458676727018108,2.246252319665606,2.246509368877426,2.245697734208107,2.2459791473005524,2.2460985043837165,2.246413921423999,2.246181636071556,2.2458310745549297,2.245954145510772,2.2459146400683796]}