{"train_acc":[26.928,29.84,29.664,29.228,30.476,30.284,28.088,27.748,27.372,27.236,28.0,25.768,27.32,27.304,27.332,27.268,28.512,27.644,27.532,28.06,27.436,28.044,28.744,28.016,28.22,28.036,29.24,29.548,30.368,29.828,30.736,31.236,32.208,32.172,32.8,32.956,33.656,34.548,35.088,35.784,36.488,37.544,38.004,38.796,39.132,40.7,40.412,41.748,41.608,42.016],"train_loss":[1.932984067955017,1.8606319595718384,1.8762784576034546,1.882767525177002,1.8769064059448242,1.8769671506500245,1.9105347563171386,1.9128149633026124,1.9327424542999267,1.9412164574813844,1.9190866512298583,1.9493138231658935,1.9253953470611573,1.93471018699646,1.9357039296722411,1.9363807769393921,1.9156509595489501,1.9318820108413697,1.9340985372924804,1.9238959189605713,1.932547165260315,1.9204967488861084,1.9098846674346923,1.919806785964966,1.9136154608535767,1.910218063812256,1.8977338262176513,1.885704945602417,1.8787755190658568,1.8815733389282228,1.861986916732788,1.856753030166626,1.8387241125106812,1.8297331789398192,1.820481916885376,1.8161443254852294,1.7950751432800294,1.7858814428329468,1.764216660385132,1.7565498055648803,1.731716162033081,1.7216124841690064,1.7054329251480103,1.6873624635696411,1.6878157599258423,1.6541874621963502,1.655593000717163,1.6383058525848389,1.6441783765029907,1.63979268119812],"valid_acc":[25.224,14.884,23.316,32.084,22.444,28.496,23.656,19.252,21.768,19.708,17.088,30.744,20.996,23.204,24.06,27.168,18.452,24.356,24.336,31.344,27.508,27.808,25.692,29.312,31.556,26.624,29.996,30.344,21.292,30.064,28.992,32.468,34.236,33.772,37.184,38.592,35.724,37.724,36.344,41.916,40.28,39.148,42.616,43.028,43.684,42.74,47.216,46.312,47.26,46.448],"valid_loss":[2.072003143081665,3.2610147422790527,2.274592682571411,1.8364084297943115,2.1221887188720703,2.0033738745498657,1.9946417922210693,2.1612783278656007,2.122885505218506,2.3566278031158445,2.6742729328918458,1.830383343849182,2.088327339172363,2.02600147026062,2.0334172478485106,1.907957144241333,2.4286757682037354,2.1912637464904785,1.9478697183227538,1.8040017346572876,1.9291213265991212,1.8808683182144166,1.9849893383407593,1.8756948428344726,1.7765455112457276,2.0569877492904665,1.8214056954193116,1.8262544663238525,2.228239114151001,1.8691235202789307,1.8563213271713257,1.799560737953186,1.746377805557251,1.7571060891723633,1.6696773406600953,1.6475765385055543,1.68702131690979,1.6837140349578859,1.624066791152954,1.5701237063598632,1.6420050661849976,1.6086046088409425,1.5176233359909057,1.5420119906234742,1.5741354396438598,1.569391139984131,1.4451915062713623,1.4754631383514405,1.4571823534393311,1.456687509841919]}