{"train_acc":[33.812,39.744,42.24,42.524,42.912,42.748,42.168,40.896,41.064,40.852,40.16,39.216,39.74,39.148,38.04,37.704,37.976,36.684,36.916,36.52,35.756,35.316,35.34,34.168,34.164,34.684,33.664,34.348,32.944,33.688,32.904,32.14,32.768,32.12,32.208,31.584,31.464,30.992,30.872,29.444,29.928,29.56,28.624,28.232,27.136,26.66,24.8,23.18,22.1,20.632],"train_loss":[1.776612677345276,1.627383475112915,1.5852049725341797,1.5782017098236083,1.5733395309829712,1.5848844019317627,1.598114974784851,1.6175945484161376,1.6299132666778564,1.642994581336975,1.6509915914154052,1.673096530532837,1.6753264209365846,1.6920705533218383,1.7036336009216309,1.7213891458892823,1.714751815185547,1.7399148595428466,1.7471146949005127,1.751077722091675,1.768668107070923,1.7731897512054444,1.7820885158538817,1.802564792137146,1.809246119117737,1.8070964559936524,1.8281555829238891,1.8159991841888428,1.837547346420288,1.8342147801971436,1.8477314270019531,1.8636255562591553,1.8523134404754638,1.8622557483673097,1.8706781587982177,1.8795876751708984,1.883750705947876,1.907906534461975,1.9141419017791748,1.9428195708847047,1.9351989566802978,1.9512350568389893,1.9518583528137208,1.973661729698181,1.9883302207946778,2.0139274634552002,2.043161495742798,2.0778316860961916,2.1032504022216796,2.1419973223114015],"valid_acc":[34.48,28.732,36.72,43.592,37.356,36.588,43.524,44.204,38.772,35.228,44.248,40.876,42.152,42.404,37.592,40.776,40.356,34.344,40.216,38.044,39.048,39.776,43.82,39.0,43.592,40.472,41.796,40.572,39.112,42.04,37.544,40.592,43.492,42.132,42.224,43.736,42.116,40.328,42.808,44.388,42.844,44.076,43.304,42.432,44.312,43.944,43.156,43.66,43.532,42.192],"valid_loss":[1.8030835189819336,1.9841435556411744,1.7942066550445557,1.5478527404785156,1.7995489591217042,1.8041397494506837,1.5287084987258912,1.5502534523391724,1.7322557552719116,1.7647208626937867,1.5588587162017822,1.6495219282150269,1.6297822140502929,1.5750671025848388,1.7228299917221068,1.5682295043945313,1.610420840110779,1.8157084532928467,1.606732311668396,1.633853478126526,1.6384793133544922,1.5793662115097047,1.524290053062439,1.6447926098632812,1.5681532117080688,1.5941429127120972,1.5747408380508423,1.5569131089019776,1.6298346620941162,1.5757148336791993,1.667633037185669,1.6087286225509643,1.5624247763442993,1.5640106650161743,1.569820694732666,1.5571628162384032,1.6056103447723389,1.6098339337158203,1.582576741371155,1.6006527673339843,1.5523575285720825,1.5963871363067628,1.5788629029464722,1.5957482819747926,1.5877875806808472,1.5950199350357055,1.6632492935562133,1.6939660166549682,1.7019162929534912,1.7227104693222046]}