{"train_acc":[83.05394779949765,82.4342033417058,82.43693349350224,82.89832914710058,82.33045757344108,82.37687015398056,82.8109642896145,82.24309271595502,82.22125150158348,82.52429835098832,82.48334607404172,82.59528229769575,82.4205525827236,82.3522987878126,82.22398165337992,82.35775909140548,82.03833133122201,81.84176040187835,81.24658731025445,81.15922245276838,81.15922245276838,81.15922245276838,81.15922245276838,81.15922245276838,81.15922245276838,81.15922245276838,81.15922245276838,81.15922245276838,81.15922245276838,81.15922245276838,81.15922245276838,81.15922245276838,81.15922245276838,81.15922245276838,81.15922245276838,81.15922245276838,81.15922245276838,81.15922245276838,81.15922245276838,81.15922245276838,81.15922245276838,81.15922245276838,81.15922245276838,81.15922245276838,81.15922245276838,81.15922245276838,81.15922245276838,81.15922245276838,81.15922245276838,81.15922245276838],"train_loss":[2.2741763264744694,2.2719816621036992,2.2714357000388237,2.2719974779231302,2.2706099586011907,2.2729714202401783,2.2710622378646437,2.2704100682249337,2.2697815200419904,2.2706789952692956,2.2712162815744703,2.271099149679609,2.270607603967118,2.2688650408464968,2.268951149972047,2.269697455973478,2.2686006382613826,2.2685768422281636,2.2661262633330024,2.2656317121196006,2.2658645599003218,2.2652437482010894,2.2657294924555744,2.2657970895774504,2.265583445414766,2.265463519255199,2.2654252222587514,2.2653597038334032,2.265429609217888,2.2653669346051926,2.265539756674713,2.265522156061662,2.265593784220213,2.265478885523992,2.265370661011817,2.265494134601344,2.2655279530934194,2.265204985198775,2.2656008490857906,2.2653100638198476,2.26562623106992,2.2652087437607933,2.265829520805103,2.265217105803615,2.2654822501238483,2.2653923981364437,2.2654249804293576,2.2653245724378825,2.265417519388494,2.2652836556750717],"valid_acc":[85.04190668606336,85.72988615583029,87.26418957659105,85.95921264530129,80.99866226224617,86.69360342905514,85.25212263522678,92.36943405500979,80.99866226224617,85.8800404051695,83.35744901539057,83.78061099136916,85.29580387132766,80.99866226222012,81.00685249402972,80.99866226224617,84.99822544988437,84.5887138607064,80.99866226222012,80.99866226172544,80.99866226229824,80.99866226224617,80.99866226172544,80.99866226216805,80.99866226222012,80.99866226222012,80.99866226222012,80.99866226172544,80.99866226219409,80.99866226224617,80.99866226172544,80.99866226235031,80.99866226219409,80.99866226219409,80.99866226229824,80.99866226224617,80.99866226222012,80.99866226224617,80.99866226172544,80.99866226224617,80.99866226222012,80.99866226224617,80.99866226219409,80.99866226219409,80.99866226219409,80.99866226222012,80.99866226172544,80.99866226172544,80.99866226172544,80.99866226229824],"valid_loss":[2.2786855520326363,2.3021482185524778,2.2795129200760584,2.3505161985457588,2.2566891286091235,2.306880265769666,2.2817643707020965,2.7836999094728045,2.2572312001472006,2.3093770162300737,2.292988194063875,2.2729905546370555,2.2904712407971495,2.2567896541263863,2.262804300474129,2.2703845510969924,2.2683120002461226,2.2755996465338004,2.2664672394486702,2.2669386709314745,2.2630851322207293,2.266497318430079,2.266759424629556,2.2630124609308098,2.2629266171006392,2.26651935141419,2.26460809137322,2.2664050537921074,2.265995346144997,2.266283375074752,2.2667731124556956,2.2662997057678145,2.264992153528376,2.2642329309030207,2.2656521664331253,2.2655922497723786,2.264020010015752,2.2667155378479094,2.265174781736882,2.2660436864703613,2.2645025381718695,2.265549578092983,2.2639042381481476,2.264732698638009,2.2646330957796232,2.264560964945939,2.264470308072841,2.2646471998895876,2.2645759372278462,2.264791541650341]}