{"train_acc":[83.04575734410832,82.72359943212842,82.62258381566015,82.61985366386371,82.71267882494267,82.25947362673365,82.7427104947035,82.86829747733974,82.652615485421,82.80550398602162,82.27312438571585,82.4205525827236,82.57890138691711,82.29223544829092,82.42874303811291,82.49972698482036,81.97007753631102,82.26493393032652,81.97826799170033,82.14753740307961,82.16391831385825,81.58785628480943,81.15922245276838,81.15922245276838,81.15922245276838,81.15922245276838,81.15922245276838,81.15922245276838,81.15922245276838,81.15922245276838,81.15922245276838,81.15922245276838,81.15922245276838,81.15922245276838,81.15922245276838,81.15922245276838,81.15922245276838,81.15922245276838,81.15922245276838,81.15922245276838,81.15922245276838,81.15922245276838,81.15922245276838,81.15922245276838,81.15922245276838,81.15922245276838,81.15922245276838,81.15922245276838,81.15922245276838,81.15922245276838],"train_loss":[2.275517886573081,2.272576251612671,2.2725163596522875,2.2721731230540088,2.272600831326223,2.2714267888808077,2.2710126100102537,2.2727483523078162,2.2720285392008037,2.271465622364622,2.2718536818119928,2.270940382928193,2.2705552706854357,2.2707845352616935,2.270124084865915,2.270712335856705,2.2694839062200725,2.2695544779632657,2.2689148144806865,2.269768495310781,2.2693572627595904,2.267179265688298,2.2656093072302803,2.2655235655354375,2.265451522038547,2.2657784619185035,2.2655515546060303,2.2656207345544064,2.265591311639634,2.265450291202958,2.2655410359907426,2.2654462984663515,2.2657020064671904,2.265434100688565,2.2654502885211723,2.2655727981258273,2.2651546510713283,2.265748806547569,2.2656808768842396,2.2652928789877613,2.2656045287824735,2.2653784388939706,2.265231345123478,2.2657608806767993,2.2647511627107284,2.2658722354840592,2.2653142073092742,2.265556609043456,2.265661904368453,2.2652073972438953],"valid_acc":[84.03996833112981,85.38589642097286,84.74432826459403,88.95137732400431,81.16246689791735,84.2419940484576,81.08056457956104,86.22676021741829,80.99866226216805,83.88981408189473,82.6012176145366,80.99866226224617,80.99866226172544,83.26735646629214,81.10513527538036,82.39646181997364,85.40773703901027,81.7303229682962,85.5387807475993,82.62032815539094,84.11368041720787,80.99866226222012,80.99866226287102,80.99866226214202,80.99866226214202,80.99866226219409,80.99866226287102,80.99866226172544,80.99866226172544,80.99866226229824,80.99866226229824,80.99866226219409,80.99866226219409,80.99866226224617,80.99866226224617,80.99866226222012,80.99866226219409,80.99866226229824,80.99866226222012,80.99866226214202,80.99866226172544,80.99866226224617,80.99866226216805,80.99866226219409,80.99866226229824,80.99866226224617,80.99866226219409,80.99866226214202,80.99866226219409,80.99866226224617],"valid_loss":[2.280473466639261,2.5004761474047728,2.2687867124008605,2.318952913525656,2.2725400125180744,2.424482594960809,2.26071756238671,2.2910854963540426,2.2620438879168705,2.290474188832563,2.2761674274953427,2.2556921011784072,2.274597490171324,2.2697692512473258,2.255593972754305,2.2756733200162076,2.287626372940883,2.2650204744192926,2.5915135741380277,2.2609946105295924,2.2928950660250664,2.2641116260567724,2.2644550223364717,2.2655817858791196,2.266423809287192,2.266948792385643,2.2641208587444863,2.2664418668274915,2.265154154367277,2.26607088619708,2.2645849493967622,2.2664006938349557,2.263255373513644,2.264651190479869,2.2650710228747077,2.2648160034525344,2.267872324290324,2.2652608693816023,2.263505712032331,2.265016649398735,2.2640500790123377,2.2646719584636474,2.265350816128064,2.2639992418692483,2.2660013398835406,2.2648530009988646,2.264934353246655,2.2648919973714747,2.2644324922982126,2.264808352526193]}