{"train_acc":[38.57977503549197,63.57158458010265,66.38364093043573,66.82046521786611,67.69684394452331,68.07087474063557,67.25455935350006,67.59036802446217,66.98700447744895,66.80681445888392,67.18630555858905,66.49557715408977,66.29627607294965,65.52364311455717,65.78300753521896,65.85672163372284,65.47996068581413,65.71202358851153,65.05132685377308,64.99672381784427,64.99126351425139,65.10866004149831,64.85748607622584,64.68002620945724,64.71278803101453,64.690946816643,64.67456590586437,65.02948563940156,64.70732772742164,65.0049142732336,64.13126569837283,64.9366604783226,64.4097411816097,64.35786829747734,64.94758108550836,64.4097411816097,64.05482144807252,64.40701102981326,63.792726875614285,62.80168177350661,62.21196898547559,62.105493065414436,60.58479851479742,59.41902369771759,57.73178988751775,55.03713006443158,53.117833351534344,49.72971497215245,45.99759746641913,41.85595719121983],"train_loss":[1.7449593840174453,1.0841448762810775,1.0133504060544445,1.0053577669859062,0.9839653195389184,0.9852313318275476,0.9924378592308997,0.988834979649492,1.0088180612629907,1.0181411489774348,1.015732675813569,1.039506409748082,1.0395868238538872,1.0588911118251705,1.0570216188006907,1.0533398686179665,1.0707781239082892,1.0699663014472853,1.0894105656771624,1.0853179392106957,1.0828652936024243,1.0900797300676182,1.0967008060954395,1.096833641903752,1.1060478730637577,1.1116805110446903,1.1088669918582497,1.1064698066177152,1.1067995471283638,1.113734041341361,1.1147787327119145,1.1137084507377202,1.124014520496732,1.1279092644504731,1.1150656969146044,1.133548582805691,1.1419429710315698,1.1467946607290402,1.1608337832158526,1.176060972469426,1.1910785341856456,1.1999182020119474,1.2413265528709618,1.2732095831253127,1.3155878028508239,1.3771790440873808,1.428783302967421,1.5072907554643753,1.5948409130964605,1.6867386662076105],"valid_acc":[61.44857899436897,64.40798274445369,64.41071282233975,66.26170520709049,68.77064620845456,66.61661524875356,60.37019847515887,68.00895465466643,66.43096999603432,72.42894973719474,69.5596385363126,66.61934532601475,70.34863086417063,70.1547953802927,72.67738677129532,67.42744819470109,70.34863086542036,69.81626579886414,68.05809604266003,70.2994894768019,70.25034808610053,69.7616642536404,70.44964372450085,71.85836359023163,73.79671844671547,74.1898495729512,73.70389582046,74.88874935285638,72.48901143798228,74.83414780763265,75.43476480342737,72.75382893231738,74.06426601768689,74.0942968698511,76.77250265974244,76.13912473785493,76.24286767169713,75.78694477012043,78.28496546306462,77.30759780564274,78.47061071890819,77.48232274931723,78.12935105855213,79.33604520966287,77.96281634728606,79.9148215890344,79.64454393851064,79.32512489895181,79.50804007649275,78.78456960394463],"valid_loss":[1.1432390832149861,1.0691218969228242,1.0846584792114886,1.0104274650167984,0.9261052413805458,0.9997549112919244,1.1694813065806284,0.9839261540919668,0.9960576919399682,0.8405521773531088,0.8988895642480458,0.9952123087380473,0.8969440901402145,0.8793548510731961,0.835383673808919,0.9733202343438916,0.9016615427885462,0.892551067967084,0.9634067517552681,0.9048912305823317,0.9060816638507904,0.9379592039224579,0.8647766668337198,0.8594895542837933,0.7960644518783291,0.786401004587723,0.7837745401834484,0.770094575247069,0.8210120840238807,0.7727855079612553,0.7544236103317207,0.8124612824791346,0.7806042584680952,0.7751341449719376,0.7068481114963898,0.7300178604088354,0.7208056968788527,0.7392951223080169,0.6707396112621822,0.6927980153149074,0.6632733417200403,0.6940681912990859,0.6650767960283874,0.6351147352414055,0.6715562743641253,0.6237247408879744,0.6366676069691738,0.6448960928344268,0.6465439609671672,0.6774109962069271]}