{"train_acc":[32.81915474500382,60.64213170252266,65.45538931964617,67.37741618433985,67.54941574751557,67.22179753194277,67.28732117505733,67.01430599541335,66.46008518073604,66.70033853882276,66.15430817953478,65.98230861635906,65.43081795347821,66.08878453642022,65.69564267773288,65.37621491754942,65.07316806814458,65.53729387353937,64.98580321065852,64.45342361035273,64.74828000436824,64.69367696843945,64.4643442175385,64.26231298460195,63.97018674238288,64.1831385825052,64.40155072622038,64.40701102981326,64.06301190346183,63.9101234028612,64.28961450256634,64.05209129627607,63.63710822321721,63.80637763459649,63.489680026209456,63.508791088784534,64.03025008190455,63.11564923009719,62.53958720104838,62.34847657529759,62.113683520803754,61.19362236540351,59.95686360161625,58.496232390520916,57.079283608168616,55.05351097521022,52.15955007098395,49.42939827454406,45.50070983946708,41.88052855738779],"train_loss":[1.890785733724221,1.1630105148877616,1.0380337667983341,0.9932146424534827,0.9880919482648873,0.9952613659348696,0.9986258025146981,1.0039310506614676,1.025687570595072,1.0254305816574154,1.0455729528534188,1.0461950605061685,1.0539532678674322,1.05605558068312,1.0573217946785016,1.066333107101067,1.0795569434831975,1.0681943057913101,1.0826661289031165,1.096973477316512,1.1008901824932424,1.1029865814632656,1.1078598776199,1.1056760040656883,1.1181738795548843,1.1174348855208684,1.1121225439331814,1.1195910430779894,1.1321677919999993,1.1329067709782608,1.1327423670868093,1.134048289498661,1.1460219281618285,1.1376474358257773,1.1494565717229106,1.1551789929021377,1.1491663458696995,1.1710416687437055,1.1818281581493735,1.197469714063607,1.2042057495834761,1.2250040117877012,1.2584561685345717,1.2996911216383615,1.3370421595795778,1.3765464800667186,1.4482108337123856,1.5214293150840867,1.6072452571098625,1.697385976782425],"valid_acc":[52.52941658269757,61.79529880716453,64.7192115549367,63.37874361813197,64.9075868853337,69.64154085727252,67.16809085655467,58.339020993460984,70.00464113030257,65.40173087023332,66.87597258856628,68.36659477588185,72.25968494700118,69.03546370320623,64.596358076517,62.93647110067417,70.96016817067641,68.50036855897224,69.25386988243484,72.60367468420185,69.73436348269485,72.13956154750898,73.3080346169631,68.97540200241869,70.9574380957064,73.66021458428102,74.02058478213277,71.63449725595991,72.89852302945143,72.66919653722059,72.99134565362402,75.13172622785225,75.30918125045423,75.74053345605539,73.98782385333223,75.21908870083509,76.97998853159262,76.13366458062481,77.86999371873942,76.78888312508002,77.27210679916443,78.35594747289691,77.6597777723358,78.65625596996112,78.88012230704473,78.82279068560125,78.98113516570862,78.90196292450935,78.61530481437595,78.87466215189748],"valid_loss":[1.407991885823229,1.1503343701577406,1.0683132789785164,1.1027186907083997,1.037393854944981,0.9275747387637155,0.9952691222048206,1.2816999551070412,0.9154503865494424,1.0442065045055695,1.0031816460042293,0.9589579110616951,0.854623831463386,0.9261877181739654,1.0669106757397726,1.123828112299617,0.8819775838254271,0.9559524252125118,0.9159440331059522,0.8204025415534675,0.9461134217673195,0.8436111124669888,0.8078371143649592,0.9436765986066371,0.875453026571211,0.8090078497034524,0.7878728146202074,0.8548056468314285,0.8177221842140058,0.8333027698135209,0.8037011624782006,0.7593845525155565,0.7530723586676471,0.7368534647581042,0.7760866910358323,0.7427067285384134,0.6993710318613171,0.7260994681800013,0.6889724960204519,0.7033854784324117,0.6881961510663028,0.660922863349083,0.6844140048476681,0.6514718810594678,0.6435467197507829,0.6547316095429617,0.6625931926523003,0.6541227430903377,0.6616602799091101,0.6699843956525985]}