{"train_acc":[64.80834334388993,34.5773725019111,28.691165228786716,27.579993447635687,26.92475701649012,26.717265479960687,26.47974227367041,26.59167849732445,26.283171344326746,25.86545811947144,26.102981325761718,25.466855957191214,25.537839903898657,24.336573113465107,25.166539259582834,24.557715408976733,23.607622583815655,23.602162280222785,23.610352735612096,22.925084634705684,22.39543518619635,22.447308070328717,21.964071202358852,21.75657966582942,20.877470787375785,20.95937534126898,20.3723927050344,20.082996614611773,19.247570164901163,19.113792726875616,18.84896800262095,18.029922463688976,17.53030468494049,17.295511630446654,16.708528994212074,16.26624440318882,15.731134651086606,15.029485639401557,14.644534236103524,14.235011466637545,13.784536420224967,13.1292999890794,12.449492191765856,12.29387353936879,11.354701321393463,11.02162280222781,10.672163372283492,10.221688325870915,10.137053620181277,9.77667358305122],"train_loss":[1.8126421550794682,1.050784847700428,0.8909638217407582,0.8577239495692223,0.835923977595718,0.832869355082577,0.8206319313740853,0.8263085238131892,0.8166220814455046,0.8048113631905329,0.8077127361865208,0.798673542433461,0.7932763681071182,0.763043467942786,0.7794328991914011,0.7670758423279815,0.7377853382879618,0.7432119696762828,0.7391705608327563,0.730036609321491,0.7048197764294291,0.7052250553182448,0.6968099677082336,0.6865094739093887,0.6667123179945009,0.6612562861025457,0.6434989184176959,0.6363515297866901,0.6203471021229384,0.6113969022346087,0.6008785754699328,0.574529938130474,0.5641903127725174,0.5519974011969746,0.5333271748415309,0.5252584485074533,0.5031867682367508,0.49161289230215244,0.4756467153935684,0.4619575969022969,0.4432906188388911,0.4281637403945989,0.4107116980754198,0.4010318413936598,0.381118464065689,0.36760671866230404,0.3544965690955645,0.34269885331688454,0.3355538529822227,0.32655305000024293],"valid_acc":[48.59264517269152,36.053400312686826,41.519014988436595,30.282016981497136,33.95124082219809,32.57255180300774,29.4520734939923,43.23623358520218,26.07223784412271,28.86510688398279,33.959431050649044,37.27101476888483,25.408829068612945,32.90835130675855,41.188675640978616,26.1869010880511,34.188757542255004,30.683338339933,25.916623439818494,28.709492479053722,26.716536076721283,28.578448768850464,24.14480330001622,24.876464004347895,21.05981599487548,26.503590052015042,22.424854623802418,19.222473998096973,23.904556501031806,26.92402195023776,21.72322476830236,19.277075543320706,20.60662316785222,18.463512516779375,17.106664117969686,16.063774605237896,14.201861913733566,18.103142319969066,15.60512162598343,14.537661416234641,15.050915940296264,14.324715387779221,12.503753856234127,12.197985204022686,11.848535312924511,10.994021130173138,10.950339892952712,10.75104425559384,9.790057060697649,9.645362964813316],"valid_loss":[1.4291485216515458,1.0867510235583955,1.2999363308564207,0.9163090434302608,1.0804597415731145,0.9779594926889563,0.89628548583598,1.4250883578492597,0.80475739181512,0.8901925047758303,1.0351852425167505,1.1716814221827851,0.7813803034975754,0.9821452667621453,1.2610865503678943,0.8394278864097808,1.0856775012312847,0.9317066544751452,0.809720968257304,0.8976077675939814,0.8267335891951448,0.8701830328693847,0.7671900240097707,0.7611841344026907,0.6691083340739348,0.8796412539184655,0.7071755006134391,0.619167812143986,0.7419016071911015,0.8674824845862787,0.6661702486929708,0.6056726014699698,0.637085162422321,0.5731289733980618,0.5483476875204495,0.5091419035798225,0.46919990437336523,0.5746006091729198,0.49664398316755587,0.47659056325285426,0.4832683856977598,0.45779506452543317,0.41554649555295686,0.39829820140908634,0.3883229501775482,0.36972227998934415,0.3619863250986937,0.3524172383111214,0.330333112054487,0.32184996997559273]}