{"train_acc":[61.77241454624877,30.665064977612758,27.771104073386482,27.391612973681333,26.037457682647158,25.445014742819694,25.36584034072294,25.262094572458224,25.38222125150159,25.625204761384737,25.354919733537187,25.303046849404822,25.352189581740745,24.36387463142951,24.137272032325,24.3502238724473,23.99530413891013,23.577590914054824,23.47657529758655,22.88959266135197,23.46292453860434,22.48006989188599,22.62203778530086,21.93949983619089,21.314295074806154,20.973026100251175,20.65086818827126,20.361472097848647,19.883695533471666,19.321284263405047,18.64966692148083,18.335699464890254,17.751446980452116,17.6067489352408,16.74675111936223,16.389101234028615,15.742055258272359,15.447198864256848,14.775581522332644,14.289614502566337,13.653489133995848,12.924538604346395,12.482254013323143,11.919842743256524,11.641367260019663,11.065305230970836,10.953369007316809,10.491973353718464,9.984165119580652,9.82581631538713],"train_loss":[1.7418237126549219,0.9488826653016659,0.8600707076594886,0.8414443855503312,0.8180264936623985,0.7952516734424319,0.7985025087766698,0.7876777956094416,0.7949075291637667,0.7987149022637567,0.7902531460069134,0.7888985157299344,0.7860985377072585,0.7630083162190678,0.7575162493715227,0.7593823606118867,0.7499761573089136,0.7409244417831785,0.732992603331788,0.7254146469385326,0.7391628056644183,0.7041817398600877,0.7065528871073946,0.691323381467744,0.6738941371310704,0.6654199044901276,0.6534700840597683,0.6446098027511027,0.6235100159130074,0.6128641471496196,0.5924389106914624,0.5892972513371008,0.5652090743000205,0.5598036520174137,0.5383185459638743,0.5266657443081459,0.5081397658601473,0.4944782646720139,0.47931353928962883,0.4638324017228942,0.44257110776801784,0.4228692490473655,0.4109864837675229,0.3950501043059439,0.38156053832984066,0.3651339016692847,0.3572081829622295,0.34683780165476036,0.3336986632792075,0.33097905016914003],"valid_acc":[41.30060880639609,36.809631712369175,40.249529061880736,29.93256709081554,32.894700919827756,46.242048648727064,35.71760080956089,32.23129214588015,26.85030986251941,36.42742089642793,28.035163395540664,26.94586256999355,29.921646782395655,30.69971880350012,37.254634305942574,32.35687569989473,29.957137788457388,27.24344099146289,25.179502579298145,34.66106090781541,22.714242811821876,25.659996179974712,23.994649048984655,31.11742062383678,21.663163067931393,22.25012967804504,23.972808430895157,21.33828387374605,22.815255670485783,18.056731004862584,20.21622211741966,17.131234816028112,18.758360863695273,17.764612738332218,18.4990035211748,18.138633322698183,14.409347785583748,14.919872231759314,15.82079772899229,15.127358104650924,13.571214065358049,12.550165169049436,13.598514836720184,13.142591934726909,11.77755330579997,11.043162519833047,11.02678205626593,9.926560922090658,9.959321849849758,10.606350160750964],"valid_loss":[1.2038030085476048,1.1286441833199856,1.2237909960770847,0.9073777928809679,1.0091024416078627,1.6888835097827686,1.1871771554226482,0.9778508644711424,0.824559747761065,1.1315045144166176,0.8702410505341873,0.8353726748667855,0.9026024250994086,0.9326027189456045,1.1410165181398593,0.9830414868321498,0.9496360586851338,0.8400358682169682,0.7894114368323915,1.1071403574737206,0.7205079792530616,0.8140062326513262,0.7608894507589274,1.0115835450947857,0.6741551128055778,0.6934843838870657,0.7385634825118926,0.689345655418763,0.7201223794871575,0.5805132842885016,0.6368290117608134,0.5510487546995044,0.5932983483809694,0.5694788521160647,0.5967294344723627,0.599501970633362,0.4626820844105438,0.490416438118103,0.5090445356165416,0.49635466367535974,0.44620564667418355,0.41470465622766034,0.4436301772501178,0.43631345295145163,0.38747131435213844,0.3674544428408255,0.36640460214132486,0.33246539976117184,0.3346051915264913,0.3505541674058265]}