{"train_acc":[32.942011575843615,65.31615157802774,71.42896145025664,73.80692366495578,74.4457791853227,74.92628590149613,75.46412580539479,75.57879218084526,75.65796658294201,76.28317134432675,75.75625204761384,76.05110844162935,76.33231407666267,75.94190236977175,76.0538385934258,75.64431582395981,75.98012449492192,76.09206071857595,75.92825161078956,76.31593316588402,76.24767937097303,76.14393360270832,76.31320301408758,76.48247242546685,76.45790105929889,76.44971060390958,76.48793272905974,76.76913836409304,76.92748716828656,77.14043900840886,77.07491536529432,77.52812056350334,77.70558043027192,77.46532707218522,77.84208802009391,78.32532488806378,78.04138910123403,78.53554657638965,78.83586327399803,79.02151359615594,78.98602162280223,79.38462378508245,79.63306759855848,79.69859124167304,79.7368133668232,79.82144807251284,79.6412580539478,79.13071966801354,78.84951403298024,78.65021295184012],"train_loss":[1.8914646932986856,1.0291133259755758,0.86117687425955,0.8033156506525998,0.7820365891597724,0.767215783118004,0.7579688494468706,0.753580129587899,0.756822205831797,0.7430858220077178,0.7496838607524594,0.7454982456505345,0.740949046329287,0.7514863466219284,0.7461733324006745,0.7588249114424924,0.7514522555510498,0.7528819566185954,0.7531062142745082,0.7443395186176177,0.7463919883916326,0.7532786974496062,0.7485156866274404,0.7420038213450745,0.7449611492118968,0.7485559985629072,0.7505291533207182,0.741280226216926,0.7352836024908308,0.727782518202084,0.7332633282011665,0.7253985273157182,0.7201743459706745,0.7272268280629393,0.7180270433712308,0.7047240146580932,0.7157313651987542,0.6991252439914083,0.6988661828436314,0.6917910596468283,0.6894777275673151,0.6856094302569491,0.6847324662949563,0.6765728650739311,0.6798469159551566,0.6822785402445654,0.6803476614919282,0.6939709493462222,0.7103577212070395,0.720259314718837],"valid_acc":[55.10114936273525,65.54915504233739,70.012831362711,74.588440853501,75.42111441545514,76.05449234338302,77.15198339904737,77.9546261155025,77.08100139296427,76.08179311599488,79.14493980075495,78.19214283889204,78.48426110250638,77.53692429620727,76.96087799243062,80.2178601633598,78.82279068664269,80.36528433650531,77.86999371978085,78.65898604826376,79.95577274899364,78.15938190946663,80.61099129063696,81.13516612311847,79.66911463552762,81.9842201523889,81.67572142187483,80.94679079584579,80.31614294747025,81.12697589404264,81.89412760401947,82.85511479933226,83.48030249422685,83.17453384097396,83.41478063891692,83.65775751245478,84.43309945838094,84.15190149943729,84.55868301031262,85.34767534087841,85.2384722477232,85.59884244619981,85.83635916688159,85.89642087037689,86.55436949032284,86.59805072546038,86.69087335234072,86.38783477634902,86.9147396860917,86.93112014861738],"valid_loss":[1.307777123968504,1.0214438728196715,0.8924594629067663,0.770988871650349,0.7540588291018323,0.73995208569861,0.7204614844927933,0.663663038439981,0.7190046135104582,0.728320272056583,0.6399709445419878,0.660948037951489,0.6625137678065937,0.6923075717078526,0.7039111132553941,0.607313102754036,0.6419884674154461,0.6032375336236862,0.6823671914838665,0.6565976206085802,0.6178041221992712,0.6637664235482107,0.5948410594703205,0.5816016939817702,0.621548889697358,0.5659272333953327,0.5675884338230592,0.5883945820266744,0.601138291544715,0.5940361926229142,0.556209153142132,0.5336775465631776,0.5190305389241578,0.5240840685075004,0.5089886136280399,0.5096521617412411,0.4909520007623346,0.49257804876418015,0.4838777816364945,0.4710497326668671,0.4626521343181381,0.4548296839594369,0.45738123151489185,0.44408900761471526,0.4349431872726668,0.43136511462245536,0.4320286339080585,0.4418192251358549,0.42478942830575156,0.4323519847888632]}