{"train_acc":[36.977175930981765,68.5786829747734,75.03003166976085,77.73561210003277,78.72119689854756,79.78868625095555,80.2582723599432,80.94354046084962,80.93261985366387,81.33395216774052,81.9891885988861,81.87725237523206,82.11477558152234,82.72086928033198,82.35502893960904,82.81642459320739,83.11947144261221,83.25870918423064,83.41159768483128,83.53172436387463,83.50988314950311,83.8511521240581,84.26067489352408,84.39718248334607,84.49273779622148,84.73026100251174,84.85311783335153,85.43464016599323,85.33362454952496,85.59844927377962,85.88238506060937,86.14993993666047,86.06257507917441,86.76149393906302,86.71508135852353,87.04269957409632,87.44676203996943,87.61876160314513,87.80441192530304,88.02555422081468,88.50879108878453,88.7326635360926,89.03571038549744,89.12034509118708,89.18859888609806,89.5052964944851,89.53532816424593,89.71278803101453,89.76466091514688,89.94212078191548],"train_loss":[1.7774228090748876,0.9364804016185976,0.74852088720918,0.6765689617735832,0.644204843847515,0.6184271078345634,0.6006017083214062,0.5919663350603213,0.5809598524289008,0.5720697450425618,0.5598405212818098,0.5608508724487803,0.5537467019011442,0.5464107870951456,0.5436645096548913,0.5377600480209106,0.5271006785971871,0.5253575902012767,0.512233826047119,0.5127072045249008,0.5135639880315906,0.5037917670619609,0.4929504356647769,0.4860185641407693,0.48694142642123506,0.48039502543341817,0.47106356192386295,0.46258983872948845,0.4584604067431145,0.4526941256289062,0.44591570995358304,0.4399284239587037,0.4383364022982307,0.41747152220803185,0.4197346642442545,0.4099034460380867,0.3992221877963389,0.3961534690548398,0.38434400934019347,0.37601090340332083,0.3705198324194014,0.3626102600830461,0.3524787416296181,0.3489152559211346,0.348510783110772,0.3386600280388664,0.3336516446170034,0.3316091555095961,0.32849438640635725,0.3283272369844991],"valid_acc":[61.67244532874483,70.4551038773569,75.4920964275786,78.80641021932638,81.1269758930012,80.7256545372731,82.43195282488979,80.66286275797464,81.74943350959317,82.07431270200806,81.71394250623919,82.83327418290907,81.53375740700088,83.28646700659972,83.55947473375981,84.05634879362945,83.92530508509249,84.67061617739641,84.4522099965015,84.90813290078594,84.27475497452437,84.88629228103014,85.80632831700855,85.68347484296291,85.80905839593603,85.47325889385155,86.92565999513646,86.36326407829058,86.78642605481593,86.36326408099833,86.7891561343683,86.30047230294961,87.73922301897002,86.8246471354311,87.89756750282659,88.16238499716168,88.59100712550165,88.63195828337801,88.95137732460313,89.32812798498057,89.80862158399083,89.62570640915764,89.77859073203489,90.09254961977909,89.96150591228357,90.08162931177579,90.56485298700579,90.72046738922711,90.4829506691702,90.49114089720456],"valid_loss":[1.1409910571718689,0.8864505732003176,0.7350603151618873,0.6391207083017053,0.582636207520332,0.5888763954957791,0.5428218063367874,0.5989154241894709,0.5709968823831247,0.5537687661292795,0.560300668221134,0.5189160276856775,0.5741879607625883,0.5152351338887325,0.5037087332057102,0.4933264274041819,0.4956537453204116,0.4765505723041139,0.48523622469965305,0.4650013665055014,0.4891630089228639,0.472062294350043,0.44606241835316085,0.44535637694002156,0.4394368377008896,0.4525914262952661,0.4130256664894857,0.4285762398355361,0.4100468842013533,0.4293616031860979,0.41250694391687026,0.4283547009569463,0.3901091747519041,0.4156622440969431,0.38824511091197006,0.3783181170248511,0.36656596948519793,0.36715208470321814,0.35534756376177096,0.3462426906834038,0.33202980302113333,0.33266874186641937,0.33834027195335453,0.3214516853782722,0.3303554651497454,0.3206050924810549,0.3109199812351468,0.3145870030481193,0.311287359613882,0.31209867783581363]}