{"train_acc":[34.98143496778421,67.92344654362783,74.95631757125696,77.32335917877035,78.85770448836955,79.43103636562194,80.23370099377526,80.69236649557715,80.76608059408103,81.54690400786284,81.65611007972043,81.9891885988861,82.1611881620618,82.38506060936989,82.80550398602162,82.84645626296822,82.78639292344654,83.39794692584908,83.53991481926396,83.61089876597138,83.67642240908594,84.19515125040952,84.42721415310692,84.27978595609916,84.27432565250628,84.95686360161625,85.02511739652725,85.23806923664955,85.37184667467511,85.78409959593753,85.93971824833461,86.18816206181063,86.24822540133232,86.43660587528666,86.59222452768374,87.07000109206072,87.50955553128755,87.56688871901278,87.72250737140985,87.90542754177132,88.25488697171562,88.63710822321721,88.759965054057,89.06847220705471,89.2595828328055,89.28961450256634,89.7318990935896,89.68002620945724,89.59539150376762,89.72643878999672],"train_loss":[1.8276729070555764,0.9526404806707602,0.7512913828361134,0.685394386784588,0.6532995443755757,0.6245252644701974,0.6079911462302758,0.593194001019359,0.5878035968160009,0.5725940341471428,0.5675582502643862,0.5558298176535486,0.5486353209045525,0.5445288068097115,0.536745408131486,0.5338281064141821,0.5365070784613987,0.5161596750398123,0.5172711386747778,0.51247784063469,0.5109483867450821,0.49601319947460926,0.4923635779170994,0.49245186336725005,0.48855126129952114,0.47521226018410107,0.47075512925193624,0.4627250569400744,0.4612148535672111,0.454826152713926,0.44543683690328034,0.43804745072944595,0.43506527251326077,0.425364894713717,0.42279188291818487,0.4103775719335093,0.39963486263738185,0.39256870065751365,0.38779095751601067,0.38477984141402594,0.37864002432445126,0.3594530675105813,0.3601239938181119,0.3483503429119251,0.3441343660683719,0.3421164467642762,0.3311134909286866,0.33546443012938354,0.33086349690886085,0.3302172299580659],"valid_acc":[59.34095935039931,70.39777225487198,71.8501733578232,77.84269294675242,79.18589096133906,78.73815828883816,81.20068797738693,80.31614294809512,82.21627672229751,82.74318163099875,82.41284228135373,81.96510961260203,83.98536678379716,83.44208141048735,83.36290916824663,83.09536159998298,84.13825111146504,84.22834366004275,83.45027164331235,84.8426110475589,85.68893499748528,85.05009691836764,85.69166507370502,84.25837451262356,85.6124928352135,86.34688361576491,86.02473449956977,86.69087335129927,84.11914057063673,87.38431297605722,86.47246716977949,87.21231811026878,87.96308935334588,87.17682710212416,87.51808676352167,88.59646728169034,88.0668322903124,88.58554697264559,89.33085806328319,88.79849299860156,89.59294547931565,89.57929509571747,89.81954189303558,90.14169100881413,90.33279641980494,90.45837997381952,90.58396352616779,90.60853422318478,90.67678615200668,90.65767561221982],"valid_loss":[1.2008104659685088,0.8891605407177772,0.8557443215508612,0.6680779081750142,0.6307002830643362,0.6418194824878465,0.5821965961990168,0.6091338978238369,0.5517129860253933,0.5259851717926783,0.5417949087679209,0.5560745396554583,0.490730731144054,0.5092914541655694,0.5150610535426451,0.5258498030117108,0.48778976929913853,0.4929813333790355,0.5171595104184151,0.472823718526465,0.4482784177966101,0.4653219006083619,0.4481386637660996,0.49120185960145935,0.45167883947959886,0.43386294523622154,0.4364763309919212,0.4214580891602891,0.5032358582145625,0.4065384949405971,0.4250656869738937,0.4036006810216155,0.3797172956648081,0.40370205304211865,0.39428441302271694,0.36019137946668567,0.38473010997784063,0.36981641281488803,0.34896376388773304,0.3591817254034547,0.33504214935492277,0.3399298250375787,0.336608481408508,0.31777890339286685,0.3191136996851883,0.31701167891524473,0.31140590234069454,0.3065758762367202,0.3085958527003379,0.3040017329882357]}