{"train_acc":[17.246368898110735,17.331003603800372,17.300971934039534,17.497542863383202,17.568526810090642,17.489352407993884,17.762367587637872,17.669542426558916,17.500273015179644,17.647701212187396,17.743256525062794,17.573987113683522,17.82243092715955,17.672272578355358,17.721415310691274,17.83608168614175,17.81424047177023,17.715955007098394,18.081795347821338,17.81697062356667,18.122747624767936,18.120017472971497,17.882494266681228,18.840777547231625,18.840777547231625,18.840777547231625,18.840777547231625,18.840777547231625,18.840777547231625,18.840777547231625,18.840777547231625,18.840777547231625,18.840777547231625,18.840777547231625,18.840777547231625,18.840777547231625,18.840777547231625,18.840777547231625,18.840777547231625,18.840777547231625,18.840777547231625,18.840777547231625,18.840777547231625,18.840777547231625,18.840777547231625,18.840777547231625,18.840777547231625,18.840777547231625,18.840777547231625,18.840777547231625],"train_loss":[2.274149445059571,2.271405227035626,2.2728310589760663,2.272597096353506,2.271483764932759,2.2711913618729525,2.2724369661352632,2.271172206501025,2.2719399310673665,2.2710543936408345,2.2721511123872187,2.2714827689226764,2.269804950128597,2.2710952080531555,2.2714729049235203,2.2699343936079073,2.2717527019491985,2.2711687689722138,2.26916857477592,2.270523132944102,2.270268404628299,2.2697309179182095,2.269665353720243,2.265650452153188,2.265444608029937,2.265454097412241,2.265826374835891,2.2650344831604774,2.2655358864410458,2.265788801557127,2.2653701737078826,2.2656500688660963,2.2655543153093567,2.2655720017655936,2.265527630654227,2.265229065969962,2.2654006388219434,2.265377990827428,2.265426125005172,2.265751410900173,2.2650956004366574,2.2654702149716424,2.265726584227986,2.265144548210968,2.2655130128380354,2.2652572055330076,2.265427966819289,2.2658071268772577,2.265218497181845,2.265299832285837],"valid_acc":[13.314586802728412,17.17218597281096,16.126566381620318,18.82934287035116,14.769717982940811,17.270468754239708,19.001337737779874,18.09495208703992,19.001337737753836,17.633569029951477,18.100412241614368,18.204155177539455,16.02555352300849,19.001337737753836,17.002921182643433,19.001337737779874,14.461219252400701,19.001337737779874,18.870294029633463,15.869939119172932,19.001337737779874,11.673810368781366,19.001337737779874,19.001337737779874,19.001337737753836,19.001337738274557,19.00133773780591,19.001337737779874,19.001337737753836,19.001337737753836,19.001337737779874,19.001337738274557,19.00133773785798,19.001337738274557,19.001337737779874,19.001337737753836,19.001337738274557,19.00133773780591,19.001337737779874,19.00133773712897,19.001337737779874,19.001337738274557,19.001337737701764,19.001337738274557,19.001337738274557,19.001337738274557,19.001337737701764,19.001337737753836,19.00133773780591,19.001337738274557],"valid_loss":[2.2884537666818816,2.266125914928723,2.279263648833464,2.2750863948023654,2.2810480295025215,2.2868783739861622,2.2720700034690613,2.2924028368123013,2.2707810386620326,2.2851255730226945,2.271861889812173,2.2705918479836016,2.271448966615788,2.2654003059578622,2.269441902961305,2.263545515359631,2.270646003993503,2.266466945293426,2.256078230940566,2.269287129357665,2.2660249325764936,2.277370157501921,2.2648643026279287,2.264043058997964,2.2641831942905637,2.266063905165176,2.2609923168906594,2.2684027094191275,2.266634462682226,2.265081801244344,2.267247433282158,2.26551797667984,2.2649368394351637,2.2634456431323167,2.2634465287744456,2.2651269936100094,2.2653981145754987,2.264868598126341,2.26507985044806,2.2641965942686912,2.265304615770382,2.265365678980471,2.26407842534698,2.2648230250681247,2.264827250412411,2.2652975827054402,2.2650209111349047,2.2642269979065714,2.26463224703708,2.2646143197225714]}