{"train_acc":[17.273670416075134,17.10167085289942,17.199956317571257,17.737796221469914,17.314622693021732,17.81970077536311,17.82789123075243,17.81970077536311,17.838811837938188,17.948017909795784,17.655891667576718,17.39379709511849,18.133668231953695,17.710494703505514,17.948017909795784,17.991700338538823,17.79239925739871,18.638746314295076,18.840777547231625,18.840777547231625,18.840777547231625,18.840777547231625,18.840777547231625,18.840777547231625,18.840777547231625,18.840777547231625,18.840777547231625,18.840777547231625,18.840777547231625,18.840777547231625,18.840777547231625,18.840777547231625,18.840777547231625,18.840777547231625,18.840777547231625,18.840777547231625,18.840777547231625,18.840777547231625,18.840777547231625,18.840777547231625,18.840777547231625,18.840777547231625,18.840777547231625,18.840777547231625,18.840777547231625,18.840777547231625,18.840777547231625,18.840777547231625,18.840777547231625,18.840777547231625],"train_loss":[2.272761829167302,2.2712465018909467,2.2729485638214273,2.2711327492806723,2.2733116832586098,2.2707689075578283,2.2714677881801366,2.270997545064843,2.2709149563691367,2.2700325704055726,2.270875001352037,2.2710167113461712,2.2704403221548626,2.2700873924626968,2.2701660974116593,2.2701088206872444,2.2704423913479737,2.2670795034083837,2.2656308663676397,2.2654510287721954,2.265361699733045,2.265974952310952,2.265614064926792,2.265592264246443,2.2655981068425244,2.265567050355614,2.2654996332258355,2.2654627677042227,2.265611096346002,2.265504751687645,2.265511548947439,2.26572567814886,2.265311473840395,2.265679232949472,2.265292320785739,2.2656549464358346,2.2654712697727213,2.265392316589322,2.2656630543599134,2.265429518115277,2.2651185373610594,2.265583346032466,2.2655198856304604,2.2654817807592393,2.265522766519455,2.265152167685495,2.265403897400127,2.265554078452983,2.2653861073175996,2.265247259309774],"valid_acc":[15.02088509096997,16.73264353370786,8.173851319940283,18.99314750602235,19.00133773712897,19.001337737753836,19.001337737753836,17.79464358883013,19.004067815015024,17.644489339464872,17.48068470379368,19.004067815067096,19.001337737701764,18.187774713972335,18.85664364285888,18.720139779877666,15.288432662618316,19.001337737753836,19.001337737753836,19.001337737753836,19.001337737753836,19.00133773780591,19.00133773780591,19.001337737779874,19.001337737753836,19.00133773780591,19.001337737701764,19.001337738274557,19.001337738274557,19.001337738274557,19.001337737831946,19.00133773712897,19.001337737753836,19.001337737753836,19.00133773712897,19.001337738274557,19.00133773785798,19.001337737779874,19.001337737701764,19.001337738274557,19.001337737753836,19.001337737753836,19.001337737701764,19.001337737753836,19.001337737701764,19.00133773780591,19.001337737831946,19.00133773780591,19.001337738274557,19.001337737753836],"valid_loss":[2.6713328501454976,2.264008000648859,35.00687940176219,2.2631786443563016,2.2568649121169693,2.2627581107326447,2.276251937850381,2.26394657662474,3.0107697618138167,2.297925427549122,2.327790686700752,2.2599242760738116,2.2747602509438165,2.269305966742622,2.2609760865079718,2.2656072847035205,2.27157525124631,2.265225597048747,2.267684018238616,2.2670480913708313,2.2719099859649927,2.263476262433272,2.2648609855966577,2.2650240342822525,2.2639694043331087,2.265615457659086,2.263636162579865,2.264776773640739,2.265138219780104,2.2664087263846358,2.265375519655414,2.2635062706226727,2.2659092606742863,2.2637249060769857,2.2662860195363828,2.2647415723537434,2.2644766622674193,2.2650120300900234,2.2637929515882362,2.264594849173529,2.2656319921427865,2.2649759416703352,2.264917553553284,2.264827704253232,2.2643116744757252,2.2649729459694306,2.2650092964744637,2.26458501472771,2.2645602899224015,2.2648559347274717]}