{"train_acc":[38.09653816752211,68.4285246259692,73.51206727094026,74.45396964071202,75.37949109970515,76.19307633504422,75.930981762586,76.22856830839795,76.7800589712788,76.87015398056131,76.52069455061701,76.7800589712788,76.97936005241891,77.21961341050563,77.4434858578137,77.54723162607841,77.37796221469914,77.40799388445997,77.67554876051109,78.05230970841978,78.08780168177351,77.9649448509337,78.35535655782462,78.16970623566671,78.48913399585017,78.29529321830294,78.81675221142295,79.29725892759637,79.6139565359834,79.32729059735722,80.01528885006006,80.08081249317462,80.2091296276073,80.60227148629464,80.95446106803539,81.05547668450366,81.53598340067708,81.8936332860107,82.07382330457574,82.3932510647592,82.75090095009283,83.42797859560991,83.48804193513159,83.86753303483674,84.4954679480179,84.70022933275091,84.86676859233373,85.04422845910233,84.87222889592661,85.24079938844599],"train_loss":[1.754940378024118,0.9468117380319262,0.8103240846162073,0.7783033139804337,0.7538386047101248,0.7299325423781184,0.7322735569681991,0.7269196214472295,0.7229829211155374,0.7158037232131538,0.720209691375315,0.7171963631904996,0.7075842949478884,0.7098769120374882,0.7043280592323509,0.6997954621186901,0.7045170446273814,0.7032228838776454,0.6951973639461975,0.6911673450152322,0.6910693482617383,0.6923184847355254,0.6838336474603606,0.6838849291565039,0.6740332989957222,0.6779001027433531,0.660327014605968,0.6555966657752278,0.6529006413058499,0.6523269154436531,0.6385753788294016,0.6327847470697701,0.6301415538350424,0.6196708655896321,0.6129752288963957,0.6053320741118388,0.5870890858601154,0.5845024372613025,0.5749009620209924,0.5593635893628315,0.5607966358020887,0.5367897496065146,0.5366744619276608,0.5233875102802592,0.511595006103376,0.5107257169049627,0.4993467960631573,0.4974900519495072,0.49928570194016303,0.4931675863666957],"valid_acc":[59.947036499674965,69.76985448584054,70.61344835913059,74.70583417364914,76.3384203768801,74.0123945486829,76.32750006783536,75.80332523535385,77.11922247566233,78.76545906311634,76.88716590471228,78.94564416068833,78.825520761821,78.9674847794027,77.90548472313483,78.77637937278594,79.31147451535364,80.99866226276689,78.27950530791739,79.94212235997996,79.40702721741228,80.74749515369628,81.5528679457463,81.09148488964722,80.79936662270028,82.685850010805,81.49007616978045,82.18624587138301,82.56026645720699,82.80870348693352,81.97056976837413,82.61759807969192,83.71781921490863,84.34027683108401,84.06180894877669,84.64877556034835,85.25485271129031,85.36951595626014,85.9155314112052,85.87458024916307,86.41786562518062,86.98572169654886,86.83829752277848,87.2396188801729,87.76925386884308,87.67643124467048,88.20060607611055,88.23063692494215,88.25520762029284,88.61830789707207],"valid_loss":[1.2061653283301792,0.9059950507685647,0.9037842179725288,0.775015098908866,0.7161025932762123,0.8049599582638519,0.7174109212547495,0.7385487105496936,0.6941314756409758,0.653327027982952,0.6958053048420715,0.6509789447036343,0.6580827607351913,0.642159289800355,0.6788969964758015,0.6439824420223951,0.6382914229069273,0.5813136636851223,0.6659066535131967,0.616507508625266,0.6424313054538716,0.5903367727800463,0.5644511274820321,0.5782580148750976,0.5907421034806718,0.5308006411737312,0.5682457485717157,0.5531695164513694,0.5410352192023595,0.5328064576365372,0.544127597983019,0.5462852035188379,0.5090321991295164,0.4838409086335883,0.5023091883333782,0.4786775284063227,0.46571034350923146,0.4619834244661319,0.44452575957938817,0.44650385108300394,0.42989484050674914,0.41244295197465425,0.41921556810950755,0.40891756877596436,0.4000942932810556,0.3954688874161173,0.3785356681230187,0.38253990216911166,0.37642241622280853,0.3677312702183811]}