{"train_acc":[2.872,5.984,8.456,9.956,11.884,13.72,15.252,17.012,18.104,19.872,20.828,21.852,23.336,24.028,25.556,26.3,27.472,27.976,28.76,29.88,30.176,31.104,32.188,32.684,33.1,33.992,34.808,35.336,36.236,36.944,37.032,38.02,38.832,39.584,40.276,39.868,40.812,41.324,41.716,42.644,42.944,43.404,43.0,43.74,43.444,44.48,44.772,45.144,45.036],"train_loss":[4.55179336013794,4.170646183166504,3.9723602112579344,3.8486076414489747,3.7339814781951906,3.6212857121276856,3.5323978034973145,3.444354572677612,3.3564254418182373,3.2751525664520265,3.213162813491821,3.1540783214569093,3.0853565007019044,3.0351440537261962,2.9699118004608156,2.9166367553710937,2.877516762237549,2.848199851074219,2.7991819561767577,2.750447316741943,2.729454686126709,2.6744837647247315,2.643434069213867,2.6064083460998537,2.5785849184417726,2.538594465560913,2.509601290740967,2.473175037994385,2.435752197418213,2.414650827178955,2.383180032348633,2.349616959838867,2.334568590545654,2.302212253189087,2.2579600102233885,2.258952937088013,2.2302336181259155,2.2025382413101195,2.1815288787078857,2.158778909072876,2.1302278762817384,2.1065561721038817,2.1183367882537842,2.0973121719360353,2.1056262004089357,2.0642245120239258,2.0484111126708986,2.046330517349243,2.036899923248291],"valid_acc":[2.34375,2.65625,7.65625,6.71875,11.71875,12.5,12.34375,15.46875,9.0625,14.0625,13.4375,17.96875,12.5,13.90625,17.8125,25.46875,30.3125,25.625,27.5,24.375,27.96875,23.59375,33.75,17.5,27.5,28.59375,23.28125,28.28125,32.03125,24.375,29.6875,35.0,27.65625,24.84375,33.125,31.71875,34.21875,41.875,31.40625,29.707792207792206,39.375,34.6875,35.625,25.0,31.71875,37.34375,39.375,38.90625,37.8125],"valid_loss":[4.29366455078125,4.348502159118652,3.993886852264404,4.066663599014282,3.774460458755493,3.818647336959839,4.405960893630981,3.744799184799194,5.076368236541748,3.7628219604492186,3.598605418205261,3.3451958656311036,4.484830093383789,4.87464747428894,3.2096301317214966,2.917676568031311,2.9337884902954103,2.9085230350494387,2.873263955116272,3.110095739364624,2.7887567281723022,3.1368415355682373,2.6636761903762816,3.511925482749939,3.0034631967544554,2.920844292640686,4.0572466373443605,2.7415228128433227,2.6472095012664796,3.1168289184570312,2.69751558303833,2.514740538597107,2.760404181480408,3.0306950569152833,2.656550431251526,2.6009000062942507,2.564106011390686,2.183375871181488,2.6301012516021727,2.836598198135178,2.4584694266319276,2.595380926132202,2.6690542459487916,2.9266772270202637,2.646049380302429,2.2993191480636597,2.267297148704529,2.4202845335006713,2.458165979385376]}