{"train_acc":[22.068,21.628,20.548,20.492,20.488,20.528,20.912,19.732,19.376,18.752,19.392,18.236,19.032,18.372,19.204,18.952,18.592,18.648,18.612,18.328,18.404,18.932,19.252,18.036,18.02,18.188,18.58,18.852,18.356,18.36,18.52,18.704,18.812,18.284,18.62,18.144,18.668,18.572,19.184,19.256,19.416,19.764,20.388,20.216,20.704,20.928,21.408,21.08,21.352,21.592],"train_loss":[2.0710313648223875,2.072544940109253,2.0886619387817382,2.0953631428527832,2.0932165156555174,2.1017201580047606,2.103992488632202,2.119409613418579,2.1260461903381347,2.146281565093994,2.149630181274414,2.1594968254089357,2.1549691093444823,2.1631870852661135,2.147384156036377,2.150902811203003,2.1457206089782717,2.1591689268493655,2.155029345932007,2.162507333068848,2.1732811369323732,2.152898547897339,2.142776015319824,2.160660496368408,2.1655941625976562,2.1540568373870848,2.1518021521759034,2.1509222093200684,2.1550502268218996,2.148801711502075,2.142456159515381,2.136641633682251,2.143672440032959,2.1560388889312745,2.143281664352417,2.1376935134124757,2.139760356140137,2.140315958404541,2.1350675917053223,2.122008882522583,2.1188316815185546,2.1040992333221435,2.096510449295044,2.092604177780151,2.0842304679107664,2.0743529718780516,2.0668493746948244,2.0640207997894287,2.0612374236679076,2.062128905715942],"valid_acc":[13.772,17.312,15.28,14.804,10.704,16.2,20.004,16.864,17.976,17.316,16.18,17.368,10.088,11.736,21.252,11.2,18.468,18.308,17.572,16.476,18.764,16.8,24.0,17.208,17.684,17.192,16.432,19.528,17.26,20.452,18.416,18.0,18.384,18.248,16.188,18.38,21.224,18.056,20.524,20.564,21.048,21.332,21.296,19.512,21.3,23.48,17.984,23.54,21.604,22.508],"valid_loss":[2.5360169775390626,2.251715355224609,2.2495162443542482,2.814540815658569,2.4971270734405517,3.3566495794677733,2.123815768127441,2.3269731910705564,2.1210182164001465,2.3104421457672117,2.141730629348755,2.2300818370819093,2.8937016217803957,2.3851545248413086,2.1400419567108155,2.7953749809265136,2.2038037125396728,2.210874367828369,2.1192688899230956,2.1926387744140623,2.119445442352295,2.321434514541626,2.036601619415283,2.1337153272247313,2.1345620677185058,2.2147210858917235,2.208412441253662,2.125348515663147,2.1546069596099855,2.0956520024108887,2.1417168431091307,2.1605385872650147,2.1354793035125734,2.133022949676514,2.1136587017059325,2.1109524227142336,2.0940942170715333,2.2375130743408205,2.12138489944458,2.0593295584106444,2.067410803527832,2.0526237284088134,2.0346668880462646,2.0793998303222656,2.0279718104553224,2.004337872619629,2.1266996255493162,2.0128380701065063,2.0285408236694336,2.0117173155975343]}