{"train_acc":[20.8,21.44,21.032,20.22,20.856,19.82,19.804,20.052,19.804,18.908,19.196,18.628,18.692,19.06,18.852,18.476,18.44,18.548,18.796,18.264,19.072,18.64,18.304,18.688,18.88,18.464,18.312,18.124,17.844,18.244,17.724,17.992,18.328,18.072,18.048,18.468,19.048,18.98,18.912,19.116,19.12,19.408,20.4,20.224,20.276,20.376,20.352,21.16,21.5,21.264],"train_loss":[2.090776248397827,2.0582072663879396,2.0874626594543457,2.090804528274536,2.0877280421447755,2.118396098327637,2.1236304012298586,2.117548017272949,2.1250568115997313,2.150873587036133,2.1428159162139893,2.1452330274200437,2.155066764373779,2.1447143786621092,2.1516553955078126,2.1499179234313965,2.1536428062438966,2.152629154586792,2.1535372483825683,2.1728656107330324,2.1492526822662352,2.160759768295288,2.171153679046631,2.158365922088623,2.1492326701354982,2.1566073149871827,2.154728959579468,2.1637438568878173,2.1673641291809083,2.1649515003967283,2.1633731329345705,2.1677013162994383,2.1572609491729735,2.1561716091156007,2.1540830059814455,2.1436233714294435,2.1371558184051516,2.1292263865661623,2.1348117868804932,2.123372107009888,2.1170780960845947,2.109832024230957,2.095761307373047,2.0877428842163086,2.083784757232666,2.078782260169983,2.074959870376587,2.069995665512085,2.0703358305358885,2.068677785491943],"valid_acc":[11.62,17.24,10.016,18.92,14.592,18.308,9.88,15.436,16.308,11.452,18.716,12.384,12.756,16.928,15.308,20.228,16.628,13.916,18.808,17.188,18.6,17.232,19.304,19.612,17.964,17.672,18.508,15.096,16.0,17.248,15.432,17.24,20.056,18.372,19.596,23.344,20.768,16.28,20.22,19.872,19.12,18.66,17.624,22.764,19.644,23.216,23.468,22.004,22.38,21.572],"valid_loss":[2.5327822471618653,2.1535290507507323,2.6535134553527833,2.1383795567321777,2.3892108459472654,2.2306597956848147,2.8428891200256348,2.323426986923218,2.208175454559326,2.359328779220581,2.3065365151977537,2.30749104019165,2.8237345053100587,2.275889775543213,2.2218134550476076,2.122018692779541,2.347950413208008,2.4739026344299315,2.137360391998291,2.1747108042907715,2.3486595988464356,2.1655754814147947,2.109405526885986,2.102901338806152,2.1496536973571776,2.2247650693511964,2.1676636172103882,2.215635238494873,2.2000128450775147,2.152329369277954,2.207801951446533,2.123823619308472,2.0995428395080564,2.132136224822998,2.128369404678345,2.058031740646362,2.0802249459838866,2.178920623550415,2.1449780596923826,2.060413478012085,2.10787046005249,2.1347345973205565,2.0801898776245116,2.0155619300842287,2.0733298670959472,1.9852928122329712,1.9829241022491455,2.0119292497253416,2.0024957318115235,2.0174587604522705]}