{"train_acc":[77.316,76.376,75.996,77.156,77.036,77.316,76.468,77.22,76.78399999999999,77.29599999999999,77.488,76.86,75.464,75.97200000000001,76.412,75.856,76.084,75.764,74.748,74.232,75.008,73.436,73.264,72.604,71.952,71.532,71.588,71.452,70.53999999999999,71.16,69.688,68.6,67.464,66.932,66.944,65.924,64.464,64.188,63.056,61.404,59.112,56.92,53.88,51.944,50.74,48.716,47.576,46.496,45.34,44.22],"train_loss":[2.031282536277771,2.0083619844055174,2.0037821741485597,2.0287053736877443,2.032400016479492,2.0300022080230713,2.0072922985839843,2.02046317653656,2.014043241043091,2.0322842922210693,2.034038945617676,2.0022822947692873,1.980661973876953,2.002555981216431,2.0110781716537476,1.9805864958953858,1.978329352798462,1.9721335481262208,1.9586508207702638,1.937984566383362,1.9769747074127197,1.9335402375030517,1.9211837866592407,1.9059893536758423,1.885541093826294,1.8816751776885987,1.889132420578003,1.8737099725341797,1.8521766283798218,1.8594849727630616,1.8322925328826905,1.8168415589141846,1.78988252658844,1.7703689598846435,1.7643206051635743,1.7484938988494874,1.7138287856674195,1.7112414916229248,1.6807216018295288,1.6585542073440551,1.6216705944442749,1.5648036349105834,1.5000622728729247,1.4499374056625367,1.4159831398391725,1.3801493785476684,1.3445513690948487,1.3202422177505493,1.2893729176712037,1.271170040550232],"valid_acc":[77.708,81.77199999999999,87.592,80.884,79.328,86.724,83.46000000000001,79.148,82.404,83.27199999999999,80.624,88.464,86.06,80.568,80.032,74.364,85.24,79.804,83.124,74.836,81.196,78.456,78.8,79.244,80.468,84.028,78.012,78.584,71.868,73.616,75.044,77.16,80.004,67.01599999999999,72.82,72.72800000000001,67.82,69.648,65.22800000000001,78.548,59.464,57.54,59.108,61.804,61.524,55.252,49.292,51.772,47.66,51.6],"valid_loss":[2.1184931208801268,2.338307476196289,2.88055731010437,2.1181995013427732,2.0858919496917725,2.4671405629730225,2.3409769146728516,2.2066932428359984,2.448501345977783,2.118682621383667,2.4992232164764405,4.355289317474365,2.432554253768921,2.3516698524475097,2.1586565408325193,1.9646500473403932,2.4209236793518065,2.0846341983032226,2.269867657623291,1.9037169689178466,2.4020604513549806,2.118114432067871,2.151961731719971,2.131470987625122,2.360081048049927,2.6690953871154783,2.132126146774292,2.281731968841553,1.9223353526306153,2.0359569844055176,2.1115191831970215,2.1189776598358154,2.706861269073486,1.8231589637756347,2.048498458557129,1.9513817664337159,1.8602128176116943,1.8531322261810304,1.7727210787582397,2.3904315424346922,1.617726845626831,1.6205812804412842,1.6456138919830323,1.7622255160522462,1.6965594381713867,1.5266832647705078,1.3829559447479247,1.4561138362503052,1.3310677569580078,1.4360489477539062]}