{"train_acc":[26.92,29.684,30.968,29.992,28.456,29.08,28.468,28.86,27.988,27.552,27.568,27.8,28.056,27.968,27.972,27.152,28.276,28.188,28.248,29.12,27.984,29.148,28.1,29.272,29.112,29.052,29.368,29.688,30.092,30.78,31.44,31.888,32.24,32.592,32.792,33.352,34.724,34.86,35.424,36.4,37.452,37.932,38.208,38.984,40.504,40.792,41.36,42.624,42.208,42.316],"train_loss":[1.9359084085464477,1.8567910368728637,1.8482423072052,1.8568054404449463,1.882496385192871,1.8743938723373412,1.8939729671478271,1.889311021194458,1.9132752405166626,1.9282268896484376,1.9181191675567626,1.924166100845337,1.9116238684082032,1.9292877251434326,1.9163036673355103,1.9325318899154662,1.9172854048919679,1.917541960220337,1.9201156076049806,1.9055237232208253,1.9104586631011964,1.9103000525665284,1.915019562072754,1.8946954656982422,1.901216003112793,1.8939866653823854,1.890303410797119,1.8854173334121704,1.8712467025375366,1.8572406192398072,1.8505210327148438,1.843401049118042,1.8276002472686768,1.8218165283966063,1.816608694114685,1.7991719314193726,1.7812758153533936,1.7750972162246703,1.7676096446990968,1.7480587213897705,1.730867328414917,1.7172190314483642,1.7012112741851806,1.6913855767059327,1.6698375497436524,1.6545913204193115,1.6392840119171141,1.6276462170791626,1.6360456119155884,1.6326239752960205],"valid_acc":[21.988,24.308,28.448,26.34,13.824,25.12,28.328,22.46,22.064,19.376,29.36,19.868,24.296,25.052,16.908,28.12,28.8,23.724,28.84,23.292,31.136,30.16,28.216,27.26,30.0,31.352,34.044,33.972,28.988,33.008,33.864,34.74,34.964,34.688,38.012,38.66,34.812,38.232,37.296,36.904,36.336,40.944,40.004,42.848,44.184,47.06,45.148,45.556,47.38,47.516],"valid_loss":[2.0622941296768187,2.0100698024749755,2.0218968591308593,1.971188596496582,2.695463475189209,2.0685074688339236,1.8954161541748047,2.0322758312988283,2.1248844005584715,2.043726963195801,1.8499375649642944,2.185918457183838,2.344690301437378,1.9407543097305298,2.2244141799163817,1.9422186764526368,1.9546557219696046,2.094134295578003,1.8670411138534546,2.090223635559082,1.847603643760681,1.8694132727813721,1.8385874866485596,2.021373986053467,1.8771833874130248,1.8192880615234375,1.7685901861190796,1.757390789794922,1.8465684351348877,1.7512588002777099,1.7613414053344727,1.6937199460220338,1.759448113670349,1.7166669256210327,1.676183025970459,1.649265791015625,1.7451811989974975,1.6470967496109008,1.6819500514984131,1.6815417293930053,1.6874678942489625,1.5706650506591797,1.5943579262924195,1.5342886450958253,1.491851646080017,1.4515592129516601,1.4706018493652344,1.4630794483184815,1.4309962731552124,1.4438454399871825]}