{"train_acc":[27.12,28.556,28.16,28.328,27.624,27.356,27.576,26.948,26.796,27.008,27.02,27.048,26.22,26.576,26.388,26.476,26.02,26.576,25.428,25.74,25.796,26.148,26.352,26.944,26.46,27.032,27.42,27.816,27.864,28.084,28.548,29.664,30.84,31.596,32.608,33.24,34.276,34.444,35.168,36.052,36.948,37.884,39.152,40.028,40.508,41.78,41.904,42.208,43.224,42.708],"train_loss":[1.9522560998535157,1.8959185165405275,1.8974207541275026,1.9000182580184937,1.9247856084442139,1.9362426287078858,1.9431864664459229,1.9456265390014649,1.9357737018203736,1.9479428628158568,1.9445702066421509,1.9414192865753175,1.9579159741210939,1.9689108406829834,1.9654941190338135,1.9553051391983032,1.9735061624145507,1.9561050693130493,1.9755690679931641,1.9634479900360107,1.9579998043823241,1.969331078567505,1.9594960410308837,1.9371533933258056,1.9513428228759766,1.9433458434677124,1.9262576956558228,1.9289052562713622,1.922982165222168,1.9143193787384034,1.912037985610962,1.8851053796005248,1.8602712590789794,1.8441069312286378,1.822306496810913,1.8194213261413574,1.7959436846923829,1.7914690195846557,1.7697230617523194,1.7500801479721069,1.7313792392349243,1.720452836227417,1.6887460425186158,1.677332183151245,1.6680891429519653,1.643611891708374,1.6419714850234985,1.6307790517425538,1.6193758182525635,1.6314519830322265],"valid_acc":[22.028,21.824,19.232,26.552,25.632,27.076,24.192,24.588,21.708,26.088,24.424,25.868,22.364,23.116,24.224,27.532,25.036,24.576,23.348,22.652,22.916,26.656,32.272,26.632,26.284,30.116,25.228,26.504,29.1,26.076,27.876,30.528,33.104,35.74,34.012,34.088,39.588,41.928,36.756,40.808,40.028,43.16,39.896,42.604,44.268,45.636,49.072,44.82,48.352,44.396],"valid_loss":[2.1631106269836424,2.2700872902679445,2.389173685684204,2.0852573448944094,2.012645977020264,2.0211545233917234,2.1650694928741454,2.2041959004211424,2.082694427871704,2.2087605560684205,2.032354705352783,1.9659360202407836,2.3203365325164795,2.05824519821167,1.9501715090942382,1.8907379792022705,2.0490067652893065,1.9994027990341185,2.113664957122803,1.9946673513031006,2.015134909439087,1.9147963006591797,1.849709845046997,1.9428057948303223,1.9448308563995362,1.9049963439559936,1.908402519378662,1.9215828925323486,1.8701001077651977,1.9713123760223388,1.8806138543319701,1.8599750369644166,1.7635017531967163,1.7364446850204467,1.7162413040924072,1.773360459022522,1.6481293896865845,1.5935656050872802,1.7022954759979247,1.5908801327896118,1.6269836122512817,1.5841467245864869,1.573031471748352,1.5877715084457398,1.5337916019821167,1.4912441411972046,1.41675537940979,1.5994930401992797,1.4450647079467773,1.5004612826538086]}