{"train_acc":[32.768,40.86,44.32,44.484,44.472,45.508,43.632,44.068,43.848,43.656,43.64,43.384,44.132,44.368,43.476,43.42,43.96,43.532,43.856,44.352,44.312,43.94,44.76,44.744,45.28,45.864,45.584,46.2,46.488,46.292,46.564,47.624,47.788,48.38,48.808,49.168,50.28,50.484,51.188,51.804,53.116,53.836,54.852,55.236,55.768,56.696,57.352,57.696,57.912,57.656],"train_loss":[1.811718194618225,1.6043045611953735,1.5338167935943603,1.5253787241363526,1.5370765590667725,1.5089974422836303,1.5551286363220216,1.548776236038208,1.5516532106781007,1.5535313828277588,1.5477841854476928,1.5669450340270996,1.555863889427185,1.5524219546890259,1.562574628791809,1.5699744499206543,1.5508894471359254,1.572702047805786,1.5615599380874634,1.555148486328125,1.553417364578247,1.5566236130142213,1.5505955245971679,1.5510164902496337,1.5301240601348878,1.5261875211334228,1.532179730758667,1.513148295288086,1.5200733964920043,1.5101034285354615,1.5043189162445068,1.4857706404113769,1.4793356228637695,1.4667704845428466,1.4528468103790284,1.4413569150924683,1.4252043057632446,1.415288808746338,1.387242942085266,1.3807631092834474,1.3510421545410156,1.3364778917694091,1.3183776186752318,1.3025865605163574,1.289283540802002,1.267782508544922,1.2513424279403687,1.2438969552612305,1.2444871000671387,1.2519322889328004],"valid_acc":[36.084,34.568,44.744,36.472,46.624,40.38,40.564,38.768,41.744,29.464,42.972,42.008,46.288,34.768,40.028,38.612,41.004,43.484,42.744,40.924,44.056,44.0,48.72,49.84,41.78,42.264,47.272,44.468,42.832,49.568,47.548,52.22,51.828,52.408,49.112,50.7,49.096,55.256,55.084,58.284,59.344,57.456,59.408,60.432,61.336,61.888,62.744,61.348,62.604,63.744],"valid_loss":[1.7034560662078857,1.8474040921783448,1.507165698928833,1.7990212052154542,1.5140165998840331,1.6808366074371337,1.6402028721618653,1.6862406854248047,1.6111387508773805,1.88709637840271,1.5652421689987182,1.5860261639785767,1.457077311401367,1.782174129295349,1.621692110824585,1.8494248606872559,1.6006603679656983,1.5218584547042846,1.5735421559906007,1.64679877204895,1.532576005897522,1.5556941424942017,1.4374035815048218,1.3947999906539916,1.5724688119888306,1.5692714126205445,1.4341342534637451,1.564277334022522,1.6254432400512695,1.3623881379318237,1.4368066965484618,1.34370837600708,1.3287697328567505,1.2984960930633545,1.4295919697189332,1.3429502883148194,1.3962768611526488,1.2575107551193236,1.2746412892913819,1.180706117362976,1.1554466627120972,1.1659769654464722,1.1217684593963624,1.1066658840942383,1.096715057849884,1.0728530738067628,1.049249173412323,1.106530588569641,1.0610545175170898,1.0156628034591675]}