{"train_acc":[34.372,42.22,43.308,44.572,44.688,44.092,43.98,43.86,43.284,43.384,43.204,43.42,43.04,43.072,42.532,43.516,43.544,43.368,43.436,43.792,43.48,43.788,44.56,44.432,44.54,44.74,45.084,44.784,44.86,46.192,46.344,46.668,47.4,47.692,48.556,49.276,50.0,50.576,51.068,51.852,52.856,53.752,54.404,55.392,55.68,56.108,56.42,57.228,57.756,57.62],"train_loss":[1.7657845727157593,1.578828536605835,1.54633553024292,1.525803614768982,1.5328995349884034,1.5360247284698487,1.546799924697876,1.5504860747528075,1.55864600605011,1.5707090533828736,1.5761122996520995,1.5713475717544556,1.5771539170074462,1.5749677093887329,1.58158994846344,1.5733367693710327,1.574996767807007,1.5793734558868409,1.5776030535125734,1.5641100783920288,1.560958128929138,1.5676179831314088,1.5520294846343994,1.5537758151245118,1.5577234287261963,1.5484554028701782,1.5372456893539428,1.535758390159607,1.5410212657165527,1.52387304813385,1.5142690240478516,1.5058076595306396,1.4806680239105225,1.4778248049545288,1.4673349940109253,1.440390100402832,1.4306801678085328,1.4106683849334716,1.4019603690719604,1.3795108297348022,1.3596840321350097,1.3396599560928344,1.3220765032577515,1.312718447303772,1.292280471763611,1.2769638778686523,1.2647041878128051,1.2549277143096924,1.244641842727661,1.2508566142654418],"valid_acc":[38.496,28.388,39.572,31.82,41.968,38.564,33.22,28.208,42.992,41.248,41.82,40.872,37.468,45.176,40.676,34.628,35.016,40.3,46.408,46.324,45.228,48.528,44.156,44.58,50.62,48.052,45.752,46.256,45.16,50.484,45.276,51.568,53.636,51.06,53.38,54.396,53.484,55.108,54.408,58.036,56.172,60.156,60.192,60.244,62.104,62.0,62.084,63.044,63.588,63.604],"valid_loss":[1.742178052368164,2.2531545165252687,1.7490218244934082,2.1716002406311037,1.6841863489151,1.6939601866531373,1.902447608795166,2.2293275328063964,1.5654730243682862,1.5810577194595337,1.6574125399017334,1.6246682196044921,1.6916967597198487,1.56640452999115,1.6848474402618407,1.7750694076538085,2.0181621769714355,1.6750887129974366,1.4556359770584106,1.4900976843643188,1.531988705444336,1.4412043014526368,1.526495454978943,1.5232331431579589,1.3847839679718017,1.4239270609283448,1.4817002056503297,1.4938871575546264,1.5316816115570069,1.363404148788452,1.5231340854263307,1.3516843715667726,1.28107016040802,1.3930137448501587,1.315559119644165,1.2806038025665283,1.2866897581481933,1.2763091387939454,1.266555050315857,1.1603387548828126,1.2103221965789794,1.116380504989624,1.1014255856132507,1.1055895614624023,1.0678424154281616,1.066174757709503,1.0638006887435913,1.0205294816589356,1.0323673686218262,1.0182435409927368]}