{"train_acc":[34.392,40.78,43.792,44.3,44.108,44.32,44.436,44.256,44.104,43.22,43.904,43.996,43.952,43.688,43.536,43.332,43.636,43.952,43.904,43.884,44.24,44.28,44.616,44.528,44.404,44.936,45.304,45.244,45.724,46.292,46.58,47.24,47.588,48.5,48.808,49.392,50.212,50.264,51.552,51.924,52.884,53.444,54.392,55.148,55.708,56.792,56.752,56.98,57.5,57.916],"train_loss":[1.7644505170440674,1.6009003137207032,1.5360909575271606,1.5406970816802978,1.533081265258789,1.5302910035324098,1.5321473860168457,1.5357434548950195,1.5501169367218017,1.5657917555999756,1.5614759888458252,1.5560667304611207,1.5671197834014892,1.5773804452514648,1.5672312115097047,1.5683486429977418,1.5654555311584473,1.5630523260498046,1.5672771600723268,1.5648674170684815,1.556349158630371,1.5593303308486939,1.55600776222229,1.5415421570587158,1.5391641646575929,1.5450547649002075,1.5362329664230348,1.5290132224273683,1.522226134300232,1.5143493880462646,1.502178653907776,1.4942202090454102,1.4790658405685424,1.4645641915893555,1.454243100128174,1.440329309310913,1.419763971672058,1.419581485786438,1.3988047277450562,1.378440226020813,1.3666379777908326,1.3416292087936401,1.3211530445861817,1.3109414049530028,1.2944385414123536,1.2796638597106933,1.2696874709701538,1.2680843938446045,1.2485213229751586,1.2447439476776123],"valid_acc":[33.932,37.392,32.38,41.656,29.68,41.568,39.844,31.94,45.716,45.408,41.292,42.332,41.5,41.632,43.4,46.68,45.812,42.0,32.38,38.592,42.596,41.22,44.724,45.436,42.472,43.332,50.288,48.052,47.744,48.384,46.276,51.444,51.108,53.404,51.992,53.668,54.352,55.612,54.856,56.744,57.664,58.776,59.34,60.216,61.008,61.84,61.088,63.452,62.352,64.384],"valid_loss":[1.796652822227478,1.720687623023987,2.001368023147583,1.7021402996063233,2.1997182817077636,1.6375662071990966,1.6815613159179688,2.1348490814208985,1.4945397425460816,1.5222663647842407,1.641630739402771,1.5997675908660889,1.6902566820526124,1.6059811726760864,1.5929935062408447,1.468997968788147,1.4624527615737914,1.595196066055298,2.0036754664611816,1.6935554334259033,1.5762252137756347,1.635026442604065,1.5233013990020752,1.5392616269302368,1.5041168571472168,1.531607770576477,1.3599235506057739,1.4344201470184326,1.4244702026367186,1.397464875984192,1.5389612739944458,1.3349825289154054,1.321198909225464,1.2879888265228272,1.3339760599899293,1.2935187994766235,1.3027939476776123,1.2670495684814453,1.23499642288208,1.201750033187866,1.1748496939086914,1.144832526359558,1.129882883644104,1.1082548230743408,1.0927926304244995,1.0611423848724366,1.0715141083526611,1.0308458018493651,1.0585739350509644,1.0063867685317993]}