{"train_acc":[17.088020093917223,17.39379709511849,17.500273015179644,17.79239925739871,17.710494703505514,17.606748935240798,17.60128863164792,17.79239925739871,17.915256088238507,17.776018346620074,17.5657966582942,17.655891667576718,17.688653489133994,17.61493939063012,18.365731134651085,18.840777547231625,18.840777547231625,18.840777547231625,18.840777547231625,18.840777547231625,18.840777547231625,18.840777547231625,18.840777547231625,18.840777547231625,18.840777547231625,18.840777547231625,18.840777547231625,18.840777547231625,18.840777547231625,18.840777547231625,18.840777547231625,18.840777547231625,18.840777547231625,18.840777547231625,18.840777547231625,18.840777547231625,18.840777547231625,18.840777547231625,18.840777547231625,18.840777547231625,18.840777547231625,18.840777547231625,18.840777547231625,18.840777547231625,18.840777547231625,18.840777547231625,18.840777547231625,18.840777547231625,18.840777547231625,18.840777547231625],"train_loss":[2.2741695096350347,2.270904728454235,2.270781241325594,2.271415866747868,2.2727451653307127,2.270284859467844,2.2718651946929,2.2695338418028874,2.269748722060586,2.2688251626638656,2.2702804026000165,2.272031842588246,2.270887357641597,2.2700571212443617,2.2671335627968374,2.265534282759104,2.265636451225868,2.265636380145523,2.2656308697003444,2.2654510287721954,2.265361699733045,2.265974952310952,2.265614064926792,2.265592264246443,2.2655981068425244,2.265567050355614,2.2654996332258355,2.2654627677042227,2.265611096346002,2.265504751687645,2.265511548947439,2.26572567814886,2.265311473840395,2.265679232949472,2.265292320785739,2.2656549464358346,2.2654712697727213,2.265392316589322,2.2656630543599134,2.265429518115277,2.2651185373610594,2.265583346032466,2.2655198856304604,2.2654817807592393,2.265522766519455,2.265152167685495,2.265403897400127,2.265554078452983,2.2653861073175996,2.265247259309774],"valid_acc":[16.82000600606583,7.262005514730031,18.010319691318276,19.00133773780591,18.067651313803193,17.37694176737391,18.477162903632067,15.348494362338384,11.605558437199631,18.725599934400037,9.994812853125637,12.173414507526422,19.001337737701764,9.446067323653189,19.001337737701764,19.001337737753836,19.001337737831946,19.001337737753836,19.001337737753836,19.001337737753836,19.001337737753836,19.00133773780591,19.00133773780591,19.001337737779874,19.001337737753836,19.00133773780591,19.001337737701764,19.001337738274557,19.001337738274557,19.001337738274557,19.001337737831946,19.00133773712897,19.001337737753836,19.001337737753836,19.00133773712897,19.001337738274557,19.00133773785798,19.001337737779874,19.001337737701764,19.001337738274557,19.001337737753836,19.001337737753836,19.001337737701764,19.001337737753836,19.001337737701764,19.00133773780591,19.001337737831946,19.00133773780591,19.001337738274557,19.001337737753836],"valid_loss":[2.263610910193145,4.911670328263826,2.272200729738319,2.2663515893191057,2.255739245049839,2.445237497943746,2.2724568036919406,2.268893493123656,2.653431253997689,2.7598181957987524,2.3485178041199073,2.291045020899715,2.272035885769741,2.304132406370962,2.2642916442883902,2.265258847194481,2.2664252438733077,2.265225597048747,2.267684018238616,2.2670480913708313,2.2719099859649927,2.263476262433272,2.2648609855966577,2.2650240342822525,2.2639694043331087,2.265615457659086,2.263636162579865,2.264776773640739,2.265138219780104,2.2664087263846358,2.265375519655414,2.2635062706226727,2.2659092606742863,2.2637249060769857,2.2662860195363828,2.2647415723537434,2.2644766622674193,2.2650120300900234,2.2637929515882362,2.264594849173529,2.2656319921427865,2.2649759416703352,2.264917553553284,2.264827704253232,2.2643116744757252,2.2649729459694306,2.2650092964744637,2.26458501472771,2.2645602899224015,2.2648559347274717]}