{"train_acc":[58.164,41.62,34.432,30.451999999999998,28.075999999999993,26.308000000000007,25.060000000000002,24.024,23.244,22.644000000000005,21.971999999999994,21.483999999999995,20.364000000000004,19.959999999999994,20.08,19.555999999999997,19.060000000000002,18.575999999999993,18.343999999999994,17.811999999999998,17.128,17.036,16.123999999999995,16.111999999999995,15.579999999999998,15.183999999999997,14.308000000000007,14.176000000000002,13.86,13.444000000000003,12.751999999999995,12.388000000000005,11.715999999999994,11.084000000000003,11.183999999999997,9.936000000000007,9.483999999999995,8.975999999999999,8.524000000000001,7.4879999999999995,7.019999999999996,6.459999999999994,5.552000000000007,4.956000000000003,4.400000000000006,3.7720000000000056,3.7920000000000016,3.2720000000000056,2.763999999999996,2.736000000000004],"train_loss":[1.5915175828170776,1.1691781330871582,0.980644185142517,0.8756999618148804,0.7998198817634583,0.7591611598587036,0.7212756753730774,0.6946411922073364,0.6680837036323547,0.6545194492530823,0.6381917280769348,0.6223582606887818,0.5936936887931824,0.587179497680664,0.5849267313194275,0.5689119577217102,0.5560839654731751,0.5389910036468506,0.5298348964691162,0.515092905921936,0.50072074426651,0.4937732586097717,0.4727070970535278,0.46744779973983763,0.45291627133369444,0.44224164098739627,0.42043249673843386,0.4126901990222931,0.3998979919910431,0.38659407766342163,0.36382955488204954,0.3544366499185562,0.33867826541900636,0.3248575818395615,0.317911986618042,0.28821986835479735,0.2736458421897888,0.25544399003982543,0.24323068015813828,0.21624820603370667,0.199749873046875,0.18258735241889953,0.1571437110042572,0.1421013300037384,0.13074392542362212,0.11309923256874084,0.10666028144359589,0.09612441750526428,0.08370071714282036,0.08139028119325638],"valid_acc":[48.492,40.044,32.18000000000001,29.311999999999998,29.456000000000003,26.075999999999993,25.912000000000006,25.971999999999994,24.976,22.819999999999993,23.42,23.831999999999994,22.336,21.092,23.72,23.188000000000002,19.864000000000004,20.123999999999995,19.104,19.932000000000002,18.635999999999996,19.060000000000002,19.531999999999996,17.748000000000005,18.287999999999997,19.64,19.171999999999997,18.548000000000002,16.471999999999994,16.768,15.543999999999997,16.084000000000003,15.932000000000002,14.816000000000003,14.652000000000001,14.724000000000004,14.707999999999998,14.268,14.159999999999997,13.620000000000005,13.123999999999995,13.432000000000002,12.739999999999995,12.652000000000001,12.751999999999995,12.168000000000006,11.828000000000003,11.676000000000002,11.703999999999994,11.983999999999995],"valid_loss":[1.3457476628875733,1.1258415340423584,0.915237250289917,0.8513166204452515,0.8440772673797607,0.762770431060791,0.7508553997993469,0.7585118385696411,0.7328321918869019,0.6681641330814362,0.6928092520904541,0.6991705616760254,0.6563315632247925,0.6172872403717041,0.6912005033493042,0.6698411013031006,0.5824576953220367,0.5936930362701416,0.5612332360267639,0.5760463824272156,0.5485330241775512,0.561846843919754,0.5642986494064332,0.5202630940628051,0.5354385324287415,0.5810057869720459,0.5746064897727966,0.5499704245662689,0.4840103019809723,0.4925681733989716,0.46472488041877746,0.47599312311172487,0.4767606202220917,0.4446460535240173,0.4419556621360779,0.44451974805831906,0.43574564012527467,0.43887380294799805,0.4219354313659668,0.42023052824020385,0.40241893295288084,0.4276418799209595,0.40762295647621155,0.41423931339740755,0.4104280914115906,0.4115334902191162,0.39646414296150206,0.39721527230262754,0.39922408904075624,0.41544781274318693]}