{"train_acc":[17.606748935240798,18.245604455607733,18.4967784208802,18.671508135852353,18.54319100141968,18.666047832259473,18.671508135852353,18.859888609806706,19.367696843944522,21.09588293109097,25.554220814677297,30.706017254559352,36.933493502238726,44.05372938735394,49.20825597903244,52.57180299224637,54.79414655454843,57.4615048596702,61.671398929780494,62.50955553128754,63.541552910341814,65.50999235557497,67.57671726547996,68.17735066069673,69.0783007535219,70.70001092060718,71.17505733318772,73.07524298350988,73.53390848531178,72.97968767063449,72.54559353500055,74.72152451676313,74.03079611226384,76.52069455061701],"train_loss":[2.273217286060663,2.2509433978950275,2.2442403000047064,2.243450836465129,2.2419036143183044,2.2424785565689453,2.2386542896757327,2.2355048900948766,2.2254722093903134,2.1908815709787177,2.0725133797611304,1.951634807124257,1.7938717524271364,1.5997324006726963,1.4625213626848241,1.3863983377431879,1.3242763836753282,1.249254674725076,1.1398699641865622,1.1206473866000608,1.0958298088434912,1.0387070636841957,0.9895802348399769,0.9713629405220172,0.9450740550000998,0.9076487430646663,0.8897988495639777,0.8445678641992169,0.8166954003659297,0.8364485982491016,0.8564914649486073,0.7852709772116339,0.8063175234879757,0.7428876042196789],"valid_acc":[15.46875,19.53125,17.96875,19.375,15.3125,18.125,13.90625,19.375,19.21875,19.6875,20.46875,14.0625,23.90625,29.0625,17.65625,32.65625,39.375,28.75,30.15625,60.0,48.125,25.78125,54.6875,55.0,56.09375,68.90625,21.40625,75.15625,80.3125,70.78125,31.09375,74.375,74.375,79.21875],"valid_loss":[2.265281009674072,2.233691906929016,2.296139693260193,2.211251997947693,2.2583606004714967,2.247975158691406,9.467596006393432,2.2268044471740724,2.2386001110076905,2.238190937042236,2.2458433628082277,2.2718302249908446,2.0870266437530516,4.708639335632324,2.310942554473877,1.8543280482292175,7.731328392028809,2.006399893760681,1.9664445996284485,2.3980891942977904,7.902281999588013,2.151828145980835,4.647697329521179,1.7001553773880005,1.3434933781623841,0.9617458581924438,2.1976238965988157,1.0481828451156616,0.628020778298378,1.541729474067688,2.0196694254875185,1.878612470626831,2.298139488697052,1.7108450889587403]}