{"train_acc":[17.19722616577482,17.35830512176477,17.20814677296058,17.61493939063012,17.486622256197446,17.37741618433985,17.172654799606857,17.37468603254341,17.320082996614612,17.57125696188708,17.56033635470132,17.421098613082886,17.35557496996833,17.756907284044992,17.939827454406466,18.070874740635578,17.702304248116196,17.63678060500164,17.945287757999346,17.81151031997379,17.718685158894836,17.907065632849186,17.907065632849186,18.76433329693131,18.840777547231625,18.840777547231625,18.840777547231625,18.840777547231625,18.840777547231625,18.840777547231625,18.840777547231625,18.840777547231625,18.840777547231625,18.840777547231625,18.840777547231625,18.840777547231625,18.840777547231625,18.840777547231625,18.840777547231625,18.840777547231625,18.840777547231625,18.840777547231625,18.840777547231625,18.840777547231625,18.840777547231625,18.840777547231625,18.840777547231625,18.840777547231625,18.840777547231625,18.840777547231625],"train_loss":[2.2731765311162935,2.2710245933232773,2.2719292126720463,2.27129702059296,2.2721353695488165,2.2710294582391524,2.2733088526986656,2.2725598669682214,2.2732580813880414,2.2709438618554474,2.2715791146073316,2.2723593299430807,2.2729692439839244,2.271256258852997,2.2700455416052105,2.270995754178622,2.2716977546292387,2.272266276632319,2.2714405022321524,2.2713109951450456,2.2725429201641627,2.2698851292526747,2.2698162414106697,2.266583873492161,2.2655981114249935,2.265567050355614,2.2654996332258355,2.2654627677042227,2.265611096346002,2.265504751687645,2.265511548947439,2.26572567814886,2.265311473840395,2.265679232949472,2.265292320785739,2.2656549464358346,2.2654712697727213,2.265392316589322,2.2656630543599134,2.265429518115277,2.2651185373610594,2.265583346032466,2.2655198856304604,2.2654817807592393,2.265522766519455,2.265152167685495,2.265403897400127,2.265554078452983,2.2653861073175996,2.265247259309774],"valid_acc":[16.30675148096277,19.001337737779874,10.726473559618302,12.102432498761608,18.5508749890332,17.038412186986786,18.676458543672645,16.32040186721663,18.130443091461384,19.001337737779874,19.001337738274557,16.527887739170946,18.987687351395834,18.777471402388617,11.613748669087336,19.001337737753836,16.579759207133492,19.001337737753836,18.589096071340713,18.85937372017214,19.001337737753836,15.932730896206257,19.00133773780591,19.001337737779874,19.001337737753836,19.00133773780591,19.001337737701764,19.001337738274557,19.001337738274557,19.001337738274557,19.001337737831946,19.00133773712897,19.001337737753836,19.001337737753836,19.00133773712897,19.001337738274557,19.00133773785798,19.001337737779874,19.001337737701764,19.001337738274557,19.001337737753836,19.001337737753836,19.001337737701764,19.001337737753836,19.001337737701764,19.00133773780591,19.001337737831946,19.00133773780591,19.001337738274557,19.001337737753836],"valid_loss":[2.3038422910231606,2.2684347272723113,7.878523884711575,2.3014247016820297,2.2626452016974943,2.2722001912412955,2.270963122990563,2.391187815861599,2.2696495911436445,2.271079146913126,2.2664351178613713,2.2699128205511494,2.262510718016781,2.2711294393951578,9.694465445529664,2.2698038624664005,2.267657151187471,2.274712053367581,2.2691655718576293,2.2711458946902257,2.2728062939294325,2.276136988051391,2.272688770519401,2.265023807664511,2.2639694043331087,2.265615457659086,2.263636162579865,2.264776773640739,2.265138219780104,2.2664087263846358,2.265375519655414,2.2635062706226727,2.2659092606742863,2.2637249060769857,2.2662860195363828,2.2647415723537434,2.2644766622674193,2.2650120300900234,2.2637929515882362,2.264594849173529,2.2656319921427865,2.2649759416703352,2.264917553553284,2.264827704253232,2.2643116744757252,2.2649729459694306,2.2650092964744637,2.26458501472771,2.2645602899224015,2.2648559347274717]}