{"train_acc":[17.172654799606857,17.57125696188708,17.743256525062794,17.472971497215244,17.437479523861526,17.584907720869282,18.78344435950639,18.840777547231625,18.840777547231625,18.840777547231625,18.840777547231625,18.840777547231625,18.840777547231625,18.840777547231625,18.840777547231625,18.840777547231625,18.840777547231625,18.840777547231625,18.840777547231625,18.840777547231625,18.840777547231625,18.840777547231625,18.840777547231625,18.840777547231625,18.840777547231625,18.840777547231625,18.840777547231625,18.840777547231625,18.840777547231625,18.840777547231625,18.840777547231625,18.840777547231625,18.840777547231625,18.840777547231625,18.840777547231625,18.840777547231625,18.840777547231625,18.840777547231625,18.840777547231625,18.840777547231625,18.840777547231625,18.840777547231625,18.840777547231625,18.840777547231625,18.840777547231625,18.840777547231625,18.840777547231625,18.840777547231625,18.840777547231625,18.840777547231625],"train_loss":[2.2731154478441176,2.2708382892129566,2.270761603674827,2.271377203205963,2.27218070612915,2.273048582042658,2.2656031515682398,2.2657511832347743,2.2659551905950397,2.2654617980954117,2.2657192299378233,2.265753368343525,2.2652653005949284,2.265636855602733,2.2655050368942757,2.265646849525304,2.2656441051209875,2.26539819982878,2.2655607788300065,2.2657716035504416,2.2656611344876008,2.265250715819381,2.2657785817396565,2.2656505529675095,2.265444608029937,2.265454097412241,2.265826374835891,2.2650344831604774,2.2655358864410458,2.265788801557127,2.2653701737078826,2.2656500688660963,2.2655543153093567,2.2655720017655936,2.265527630654227,2.265229065969962,2.2654006388219434,2.265377990827428,2.265426125005172,2.265751410900173,2.2650956004366574,2.2654702149716424,2.265726584227986,2.265144548210968,2.2655130128380354,2.2652572055330076,2.265427966819289,2.2658071268772577,2.265218497181845,2.265299832285837],"valid_acc":[14.461219252426737,18.873024106530146,7.974555679899706,10.532638074074061,19.001337737753836,19.001337737831946,19.001337737779874,19.001337737779874,19.001337737753836,19.001337737779874,19.00133773780591,19.001337737779874,19.001337737831946,19.001337737753836,19.00133773780591,19.001337737779874,19.001337737753836,19.001337737779874,19.001337738170413,19.00133773712897,19.001337737779874,19.001337737779874,19.001337737779874,19.001337737779874,19.001337737753836,19.001337738274557,19.00133773780591,19.001337737779874,19.001337737753836,19.001337737753836,19.001337737779874,19.001337738274557,19.00133773785798,19.001337738274557,19.001337737779874,19.001337737753836,19.001337738274557,19.00133773780591,19.001337737779874,19.00133773712897,19.001337737779874,19.001337738274557,19.001337737701764,19.001337738274557,19.001337738274557,19.001337738274557,19.001337737701764,19.001337737753836,19.00133773780591,19.001337738274557],"valid_loss":[12.837166759663116,2.2688032904363564,3.6425917982850082,2.3092801803198952,2.2597425881440767,2.2645255412330054,2.2621431314387723,2.265245286163884,2.2600331776212874,2.2645276069784313,2.265214564651922,2.263428153490245,2.265039387901102,2.263826218058571,2.265437125209352,2.2651067088422203,2.2658905219854693,2.2651877563185687,2.2653492066057574,2.26292783338753,2.263638060757301,2.2660135390336795,2.2648669750717993,2.264043058997964,2.2641831942905637,2.266063905165176,2.2609923168906594,2.2684027094191275,2.266634462682226,2.265081801244344,2.267247433282158,2.26551797667984,2.2649368394351637,2.2634456431323167,2.2634465287744456,2.2651269936100094,2.2653981145754987,2.264868598126341,2.26507985044806,2.2641965942686912,2.265304615770382,2.265365678980471,2.26407842534698,2.2648230250681247,2.264827250412411,2.2652975827054402,2.2650209111349047,2.2642269979065714,2.26463224703708,2.2646143197225714]}