{"train_acc":[17.1071311564923,17.205416621164137,17.404717702304247,17.37468603254341,17.38560663972917,17.538495140329804,17.655891667576718,17.39925739871137,17.508463470568962,17.606748935240798,17.39925739871137,17.522114229551164,17.470241345418806,17.907065632849186,17.675002730151796,17.612209238833678,17.300971934039534,17.754177132248554,17.39925739871137,18.23741400021841,18.840777547231625,18.840777547231625,18.840777547231625,18.840777547231625,18.840777547231625,18.840777547231625,18.840777547231625,18.840777547231625,18.840777547231625,18.840777547231625,18.840777547231625,18.840777547231625,18.840777547231625,18.840777547231625,18.840777547231625,18.840777547231625,18.840777547231625,18.840777547231625,18.840777547231625,18.840777547231625,18.840777547231625,18.840777547231625,18.840777547231625,18.840777547231625,18.840777547231625,18.840777547231625,18.840777547231625,18.840777547231625,18.840777547231625,18.840777547231625],"train_loss":[2.2738940795983007,2.2719920767542185,2.273396289776907,2.271526528560817,2.273248181171757,2.272041980285786,2.271610850939991,2.2719869731073232,2.271965768382293,2.271973469456015,2.2738285172489436,2.273416152098846,2.273109400989682,2.2700176373363337,2.2712442085994726,2.2728140593434287,2.273233571400923,2.2714133454264807,2.2731864334155185,2.2693277735291995,2.265450357935165,2.2657266587451828,2.26566718524755,2.2655235835789096,2.265662948858976,2.2654676364995745,2.2657131535316695,2.26558982533139,2.2655435365087615,2.265438156251865,2.2654488624099094,2.265515359374677,2.2654619682976884,2.2653870513583163,2.2656615490448373,2.2652626807244176,2.265580145906801,2.265436127077248,2.2655882495868878,2.2651634666484113,2.2656333963071935,2.265328442098741,2.265315473789183,2.2653600851937754,2.2656392822544738,2.2652748836054086,2.2652291407996006,2.265389118468487,2.265412519393926,2.2655616680893873],"valid_acc":[12.13792350318307,10.224139343039267,10.079445248222418,14.251003303315377,18.95765650160089,18.075841546732338,19.001337738274557,13.205383712254916,16.153867154336325,18.856643642910953,19.00133773780591,18.316088345222063,16.00371290497107,19.001337737779874,7.636026099434472,18.24237625917003,18.59455622635777,14.529471183930363,18.993147505996316,19.001337737831946,19.001337737779874,19.001337737753836,19.001337737779874,19.001337737753836,19.001337737753836,19.001337737701764,19.00133773712897,19.001337737779874,19.00133773712897,19.001337738274557,19.001337738274557,19.00133773780591,19.00133773712897,19.001337737779874,19.001337737753836,19.001337737779874,19.001337737779874,19.001337737701764,19.001337737779874,19.00133773780591,19.001337737831946,19.001337737701764,19.00133773780591,19.001337737753836,19.001337737779874,19.001337737831946,19.00133773780591,19.001337737779874,19.001337737701764,19.001337737831946],"valid_loss":[2.3655462285713305,2.312138130957145,2.4474869265388794,2.2704308394630175,2.2618726957420052,2.2673965281118074,2.2631686461502643,2.2994785899660855,2.2745689961537217,2.2698916038035786,2.255223399633571,2.260807914618547,2.2662185650759135,2.2911958414440337,3.968080770614975,2.2628369156332546,2.2735928852163885,2.2716333354445997,2.2704456122241976,2.262737369930498,2.2657693151388965,2.263943688817209,2.2637412646025807,2.2648180916670673,2.2652124463983014,2.2667887431696703,2.264128664045051,2.2646152915375026,2.2653301229848983,2.2641541942298686,2.2648175445911667,2.265218819208652,2.264013837578809,2.265718391634244,2.262859742156983,2.265084501117189,2.2650294671002285,2.2644766048319025,2.262805847366728,2.265078136156706,2.263274132705847,2.264395327977992,2.26467560535209,2.2649795058162243,2.2647044679489725,2.2648319232121787,2.2651379708494717,2.265157781832829,2.265079929083427,2.2646198391559627]}