{"train_acc":[18.103636562192857,18.578682974773397,18.48039751010156,18.384842197226167,18.720650868188272,18.57049251938408,18.29747733974009,18.608714644534235,18.636016162498635,18.840777547231625,18.840777547231625,18.840777547231625,18.840777547231625,18.840777547231625,18.840777547231625,18.840777547231625,18.840777547231625,18.840777547231625,18.840777547231625,18.840777547231625,18.840777547231625,18.840777547231625,18.840777547231625,18.840777547231625,18.840777547231625,18.840777547231625,18.840777547231625,18.840777547231625,18.840777547231625,18.840777547231625,18.840777547231625,18.840777547231625,18.840777547231625,18.840777547231625,18.840777547231625,18.840777547231625,18.840777547231625,18.840777547231625,18.840777547231625,18.840777547231625,18.840777547231625,18.840777547231625,18.840777547231625,18.840777547231625,18.840777547231625,18.840777547231625,18.840777547231625,18.840777547231625,18.840777547231625,18.840777547231625],"train_loss":[2.25758603994693,2.250558601139648,2.2510756109561987,2.2504699994372896,2.250413543052961,2.249594094074487,2.250944883265948,2.2502474034992486,2.2502412232845463,2.2472678607658643,2.2475801023760518,2.2478905041509156,2.2474566329524053,2.2471760694827263,2.2475171086568686,2.247361564240472,2.2474196984854617,2.2473762273606197,2.247495840818741,2.247279698585493,2.247073531814755,2.247891124893227,2.2473661909460616,2.2473505016913045,2.2474085338201353,2.2473859662010875,2.2472183121413245,2.2472352574612877,2.2473338984422475,2.2472362600847067,2.2472877754737577,2.247370880478345,2.2470763587295535,2.247440846606583,2.246879977899776,2.247391018685756,2.247278626704302,2.246956784196383,2.247329864749823,2.247095503999219,2.2468595735446404,2.247232853149084,2.247139050422361,2.2471099511705086,2.247173327812269,2.246816122572248,2.2470172440444616,2.2471748316692866,2.2470439571056926,2.246886137180926],"valid_acc":[19.001337738274557,18.6191269212398,17.095743809393593,17.47522454880266,19.00133773712897,19.00679789227621,18.7665510932918,18.299707881576836,14.461219252452773,19.001337737779874,19.001337738274557,19.00133773780591,19.001337737701764,19.00133773780591,19.001337737701764,19.001337737753836,19.001337737831946,19.001337737753836,19.001337737753836,19.001337737753836,19.001337737753836,19.00133773780591,19.00133773780591,19.001337737779874,19.001337737753836,19.00133773780591,19.001337737701764,19.001337738274557,19.001337738274557,19.001337738274557,19.001337737831946,19.00133773712897,19.001337737753836,19.001337737753836,19.00133773712897,19.001337738274557,19.00133773785798,19.001337737779874,19.001337737701764,19.001337738274557,19.001337737753836,19.001337737753836,19.001337737701764,19.001337737753836,19.001337737701764,19.00133773780591,19.001337737831946,19.00133773780591,19.001337738274557,19.001337737753836],"valid_loss":[2.250049162647831,2.2542444869052924,2.2626899160023073,2.2621613244250907,2.245444582761556,2.2547455154943727,2.2451014901793114,2.253576987817281,26.83829766363349,2.2492039713364482,2.2497001385206463,2.243298438053016,2.245325492586914,2.247417268492952,2.2454326659072423,2.2461525661040787,2.2469684847313323,2.2474509039656523,2.247920248932776,2.24762992443742,2.2511113198911525,2.245161424056393,2.2462965929328234,2.2465872202729535,2.245719985725767,2.2463155665839345,2.245362672190294,2.2457733412379177,2.2461108696568446,2.247395889638452,2.2460082971856723,2.2455090310741577,2.246531353922668,2.2450351518190295,2.247136988476195,2.2461937426179897,2.2455502286382116,2.246272660332785,2.2456585417905823,2.246070914090277,2.2464564803608082,2.2460903787877182,2.2461227247406406,2.246122590967438,2.245736115583282,2.246103671458284,2.2461755496186533,2.245941314953981,2.2458982159254406,2.2460348175733786]}