{"train_acc":[27.384,29.116,27.984,27.164,26.416,26.168,24.872,24.008,23.46,23.48,22.46,22.408,21.556,21.756,21.324,20.824,21.768,20.968,20.512,19.784,19.42,19.888,19.208,18.632,19.332,19.104,18.36,18.272,18.436,18.864,18.736,18.58,19.152,18.556,18.068,18.58,17.924,17.62,17.768,18.224,17.38,17.252,16.88,16.868,16.176,16.004,15.716,14.936,14.464,13.6],"train_loss":[1.9334675881958008,1.8819192110443115,1.9002219940948486,1.9343082775878906,1.9410963786315918,1.9546796003723144,1.9910823344421387,2.0143028816223145,2.0306580949401853,2.0498511805725097,2.055303981704712,2.0638565287017823,2.077553437652588,2.074506476287842,2.0852034929656984,2.1000826626586915,2.083050094451904,2.1014406155395506,2.1097103285217287,2.1241266905975342,2.12673229888916,2.1316560945892333,2.130211022567749,2.1427309690856933,2.1379853548812866,2.1469530503082277,2.161126494216919,2.1604931218719483,2.157994361305237,2.1555409214019776,2.16313683883667,2.159830361557007,2.159122385787964,2.166502244415283,2.172383334274292,2.17475064781189,2.172270669250488,2.1781905207824708,2.182432284164429,2.1801071741485596,2.1782880740356445,2.189655919494629,2.1974209367370605,2.195848833312988,2.209619965209961,2.2153553301239013,2.2260575428771974,2.236067148284912,2.2511958641052248,2.2589656632995605],"valid_acc":[28.208,25.844,28.184,27.432,21.86,25.572,18.86,12.748,25.096,16.668,21.06,12.624,23.792,22.212,24.228,20.344,17.336,17.76,23.476,20.136,22.368,22.424,20.216,23.396,20.92,20.828,21.368,21.744,18.8,22.812,23.452,21.7,20.372,21.848,22.652,18.968,21.192,21.168,22.488,22.676,22.116,21.656,21.92,20.964,21.724,20.184,20.916,20.48,19.296,18.576],"valid_loss":[2.1840494563293458,1.9926860228729248,1.9219633032226562,1.9347865494537353,2.059402514038086,2.1694955780410767,2.2864721239852903,2.9259174063873292,1.96602149105072,2.3261428257751464,2.160412151260376,3.227083302536011,1.9856744229888916,2.0031023825836183,2.0876060511779784,2.0689577784729005,2.261469107055664,2.181016425247192,2.03801153755188,2.0345580855560303,2.060537145652771,2.0330748802185057,2.0539830862808226,2.0503286182403566,2.0376361317443847,2.0709194083404543,2.043994738006592,2.038365659866333,2.0720609283447264,2.0638228606796263,2.0582907531356813,2.121894888381958,2.074833798599243,2.066751312637329,2.0764093286132814,2.0979148280334474,2.133278674468994,2.0861472721862793,2.090350998458862,2.0708679835510253,2.0866362617492675,2.119975467605591,2.1070291688537597,2.100786016693115,2.098263333358765,2.1251796565246583,2.1314559303283693,2.1486404360961915,2.1569540589141845,2.185566748199463]}