{"train_acc":[23.711368352080374,33.913945615376214,36.38200283935787,43.26744566997925,43.928142404717704,44.19023697717593,42.03341705798842,42.057988424156385,41.16522878672054,40.49907174838921,39.51075679807797,39.57901059298897,38.70809216992465,38.56885442830622,38.336791525608824,36.85977940373485,36.652287867205416,35.67489352407994,35.65578246150486,35.66397291689418,35.36911652287867,35.12067270940264,34.694769029158024,33.95216774052637,34.05864366058753,32.8655673255433,31.72982417822431,32.40963197553784,32.03014087583269,32.11750573331877,32.63350442284591,32.076553456372174,31.882712678824944,31.01998471114994,30.842524844381348,30.49852571802992,30.048050671617343,30.12449492191766,29.36824287430381,29.17440209675658,28.355356557824614,28.093261985366386,26.9029158021186,26.979360052418915,25.969203887736157,25.4313639838375,24.53041389101234,23.83422518292017,23.080703287102764,22.065086818827126],"train_loss":[2.127718677449932,1.8600486186936627,1.8015427209800594,1.6402015083544612,1.627896961822668,1.621799993608747,1.6753916957824397,1.6809911942187779,1.6979311774934862,1.7298553221296298,1.752042072483503,1.7499485824831165,1.7675274552327258,1.7808594011096595,1.7906784019160897,1.8128961535068764,1.8357095588200008,1.8545809290457778,1.8540708612403691,1.8606168222932482,1.8708759139846138,1.8664974807404113,1.8774067172970823,1.8979074620153884,1.9055756023907304,1.9328224337151754,1.9639954148805256,1.943178666553162,1.9488419563967914,1.9505011774091021,1.9431250845486385,1.9489738206435359,1.9626947115039648,1.9713109930985566,1.976028696683813,1.9888742393289733,2.0049637783767484,2.0032375119223764,2.015879973451865,2.0196680548124157,2.0382448009519294,2.0463456962258846,2.0614953031182695,2.0719629153682506,2.091176180101657,2.1060445137623813,2.121165930320046,2.143756992759384,2.156611803930061,2.178387475141313],"valid_acc":[29.290998936103023,32.872860301790325,39.93284010020797,39.23121024314574,46.96278904620102,45.635971497837176,44.17265008584122,46.61879931285368,44.42927734875725,41.79475279233715,41.62002784668392,38.10641841148483,32.83736929734283,38.44494799244475,44.355565263330085,40.841955827662346,33.16497856878936,38.876300199608075,38.63605340020708,38.930901744727656,44.07436730542787,39.449616424977954,38.4968194598345,38.66881432671646,45.332932922209984,43.46829015188231,41.62548800058143,40.87471675479659,37.677796282467924,41.060362009077984,41.30333888428214,43.46556007519391,46.774413715075006,44.060716917455636,44.82786862722417,44.55759097961644,46.321220890342914,42.38717955697318,44.997133418146745,43.77951895892856,41.39616150991275,44.35829533954983,45.36023369544671,43.22804335341862,41.84935433756088,40.134865816546395,40.80373474486015,38.99642359863163,35.01870102908291,34.77299407500333],"valid_loss":[1.9682878124036636,1.9320517002685171,1.6955628165703005,1.8009486928345833,1.537404823398905,1.547911480006918,1.6272259481305549,1.5376984765831716,1.5892611477851426,1.6659815743760422,1.7349955393044407,1.7971545925252075,1.952665492557458,1.7929225138590277,1.5922905944248926,1.733034237570394,1.9285308325553319,1.8047397360044959,1.7199405009052235,1.7189184271858704,1.669389126647677,1.6844547207562681,1.7683879705926782,1.7426113649389532,1.5654014106750904,1.6755090450270045,1.7405940846034644,1.669657120462776,1.7974334299855639,1.7112760777496752,1.706417817455528,1.602533367486026,1.615727598910126,1.6637703417306215,1.6717229884530451,1.6362928219485164,1.637473431974792,1.6903599283678232,1.6481568908680992,1.6810460208255043,1.7286813646215664,1.691392318720561,1.6857554095881477,1.6858965277544888,1.7319313087420158,1.779518843240646,1.8163140954912471,1.8545852452284672,1.9133391031752498,1.9497271948883415]}