{"train_acc":[35.287211968985474,62.861745113028284,67.02795675439555,68.44490553674784,69.19569728076881,69.14382439663645,69.5233154963416,69.5642677732882,69.51512504095227,69.91099705143606,70.00655236431146,70.16490116850497,70.11029813257618,70.15671071311564,70.42426558916675,70.55804302719231,70.8310582068363,70.80648684066834,71.10134323468385,71.58731025445014,71.31975537839904,72.28622911433875,71.93949983619089,72.50464125805395,72.96876706344872,72.70940264278694,73.54755924429398,73.81511412034509,74.43758872993338,74.41028721196899,74.9590477230534,75.4996177787485,75.84634705689636,76.29136179971606,77.04488369553347,77.38888282188489,77.9158021185978,78.28710276291362,78.86316479196243,79.4774489461614,79.73408321502676,80.71420770994867,80.9490007644425,81.9345855629573,82.13388664409742,82.86283717374685,82.91197990608278,83.27509009500928,83.6736922572895,83.78016817735066],"train_loss":[1.823073142634816,1.100311830338789,0.9880601148021082,0.9515790955864395,0.934177717579834,0.9325332397116419,0.9227889476676975,0.9276640667552912,0.9329240387009653,0.9163771826353633,0.9062996058793675,0.905220645990931,0.9066513710906181,0.9092803911778999,0.9005093288445064,0.8949573326933601,0.8856029208732039,0.8912803487146579,0.8811904281862727,0.8778455124823589,0.878658319686039,0.8547701018338538,0.8590967627257463,0.8477460833450873,0.8384156971307408,0.8448269920889644,0.8159239351248213,0.8102483816824848,0.7990708911706621,0.7931822630545973,0.7774231150588498,0.7622663281858781,0.7579319890805359,0.7378578732286307,0.7234280358023996,0.705319566752461,0.6915987089587128,0.6805871940666741,0.6662281216186794,0.6485754753306038,0.638544898301581,0.6112806413441073,0.6026019822845582,0.5741195573001706,0.5688864720158016,0.5504684783823433,0.5434288408566968,0.5290160675854405,0.521593330416003,0.5198806237937504],"valid_acc":[56.643643015305614,64.67280023983022,65.28979770148324,65.95047639816964,70.0537825199625,69.47500614059095,67.99530426836048,66.00507794391409,70.93832755425322,68.75426574363772,69.7398236355509,71.34237898724251,68.3665947743197,71.07210134005136,74.14343825784472,73.29711430958466,70.8728056989433,71.27685713630665,71.35602937354845,68.94810123147313,71.06391110889267,76.3657211505334,74.91878020106313,73.01318627379639,73.17153075557007,75.2791503984983,76.93903737267482,74.07518632902281,76.68787026464567,76.04630211201604,78.16211198631123,76.62780856698245,77.03186000122147,79.71006579611172,79.45616861019651,80.8048267745149,79.98580359720039,80.04313522031018,82.20808648843106,81.828605749751,82.44560321119573,83.40386032716444,83.69324851955795,84.49589123538823,85.66163422591485,85.05828714744345,85.56062136454321,86.01654426882766,86.48884763397147,86.48884763605436],"valid_loss":[1.2711791452297547,1.0519074862150886,1.0341007248518712,1.0190872698888045,0.9114625871990233,0.9285751373261647,0.9615036452730099,1.045933797284678,0.8845036142177484,0.9347870478534643,0.9181612220305562,0.8763467444999332,0.9535520757366488,0.8635803168934124,0.7954671808821214,0.8082081191210213,0.8875748982199476,0.8742486937173172,0.8814282609752558,0.9240919582973115,0.8830957517807716,0.7269606335215384,0.7710128377001969,0.8248687933814844,0.8075110724001026,0.7511184144288252,0.7108945057486435,0.7827682560565298,0.7044344339311756,0.7391421670194971,0.6782510303455761,0.7157432882590657,0.7031801744277271,0.6244118949009129,0.6396930418798146,0.5970401995132374,0.6177342437382018,0.6088560408988597,0.5514066063813279,0.5544059444871301,0.5340081214393828,0.511916943313273,0.498963404021212,0.4788342524311649,0.44559439199865586,0.4549119625457294,0.45353851290549624,0.43235426260357607,0.42321931154456055,0.4237995016841404]}