{"train_acc":[30.973572130610464,60.86600414983073,65.53456372174293,67.69684394452331,68.49404826908376,68.93633286010702,69.1602053074151,69.96286993556842,69.9273779622147,70.07207600742602,69.93556841760402,70.15125040952277,70.82286775144698,70.58261439336027,70.64540788467839,70.8174074478541,70.79556623348257,71.33340613738123,71.43169160205308,71.71562738888282,71.65556404936115,72.51010156164683,72.60019657092934,72.98514797422737,72.75854537512285,73.29365512722508,73.8697171562739,74.0963197553784,74.38298569400459,74.72425466855957,74.93720650868188,75.63339521677405,75.79447417276401,76.30774271049471,76.3896472643879,77.48170798296385,77.65097739434313,78.51916566561101,78.66386371082233,79.45560773178988,80.1135743147319,80.48760511084416,80.83706454078846,81.69706235666703,81.93185541116085,82.65807578901386,83.34880419351316,83.20410614830185,83.84569182046522,84.04226274980888],"train_loss":[1.9311442188239194,1.1603038320377872,1.0333162341639115,0.9799989794518368,0.948955157463944,0.940376136140739,0.9362836271130623,0.9139196192826378,0.9151795662567711,0.9094215710441449,0.9146712752191524,0.9081667189229924,0.8889193482907745,0.900362057041182,0.8996966601693892,0.8940173437518039,0.8957510012667473,0.8760161926174341,0.875957305467557,0.869544935751081,0.8642612546242987,0.8504572567284153,0.8456673349917059,0.8391750855022504,0.8375371695671382,0.8243973087090207,0.8118134520258773,0.7975781879480247,0.7930507065623142,0.7826067480872236,0.7751638094020017,0.7582481660813735,0.7506280436426762,0.7384057836760675,0.731644254969082,0.7059404384599082,0.6988073402426448,0.6763969492454046,0.6616706204060268,0.6508245594613193,0.6225658476717206,0.6157046034696179,0.60232199191969,0.5789381400380473,0.570488610873124,0.5492029741001244,0.5374971412930203,0.5312542393177087,0.5166796346516331,0.5123336639703199],"valid_acc":[45.414835239004134,60.018018509715546,53.71973026867903,63.214938983606366,66.57293401424089,66.4883016174778,59.55936552858648,67.83149962998155,64.30150973397517,72.03035846039413,64.53629637635431,70.03740205639536,68.42665647396164,67.13806000564018,71.72185972821374,65.21608561480633,70.79636353677567,67.4520188929678,74.93516066629655,75.27915040120605,73.29984438684585,71.91023506027706,74.5966310825768,75.63679051908886,73.21521199174906,72.75382893304638,76.5404460958742,76.55409647947239,77.19293456067291,77.43318136028219,78.36959785920286,78.01468781462374,77.92732534289064,79.22138196573448,80.03221491064056,80.27246170962496,80.98774195163925,80.24243086141823,81.1269758913349,81.51191678620364,82.61486800138928,83.11174206292523,83.74785006311538,84.52592208317839,84.70883725967788,85.0173359912334,85.67255453391816,85.66163422216566,86.12847743486999,86.34961369198466],"valid_loss":[1.5746634346107915,1.1762242462025212,1.343003996353438,1.0774094305315995,1.028993236640737,1.0122673090860264,1.2514346869468507,0.9717950319045526,1.100772510566473,0.8408700274065315,1.1017088293882784,0.9041974349384985,0.9531381496155128,0.977234677635236,0.854629083949201,1.0419103194342096,0.879281675413,0.9728356326722165,0.769963661846988,0.7543621839497123,0.7973406766721698,0.8596405827226821,0.7758491317861812,0.7466233617947844,0.8098310657298556,0.8552028211427362,0.7193138538780584,0.7222436139811989,0.6954236128767051,0.6951838319810415,0.6594669757400561,0.6737963438876975,0.6956701906741035,0.630448284611863,0.612155620281577,0.604145558656471,0.5796092375122348,0.6101330451980759,0.5725476896412338,0.5665888865351589,0.5370020217372379,0.5349873157100682,0.5057987253505282,0.4773413035932671,0.47123922171797483,0.4620904794176464,0.4424310938520941,0.4478769123451713,0.4318605442616202,0.4263267505349214]}