{"train_acc":[30.09719340395326,60.041498307305886,65.91951512504095,67.4292890684722,68.52954024243748,69.30763350442285,69.14655454843289,69.34585562957301,69.63798187179208,69.1602053074151,69.56972807688108,70.0229332750901,70.07753631101889,70.23042481161953,70.11848858796549,70.41880528557388,70.5225510538386,71.08769247570164,71.1040733864803,71.14775581522332,71.74565905864367,71.8166430053511,72.3981653379928,72.96876706344872,72.57016490116851,73.21175057333188,73.43562302063995,74.06628808561756,74.09085945178552,74.3502238724473,74.96723817844273,75.63612536857049,75.93644206617888,76.52615485420989,76.49885333624549,77.1704706781697,77.62640602817517,78.28437261111718,78.95325980124495,79.52932183029377,80.0453205198209,80.5995413344982,81.08004805067162,81.98099814349678,82.2622037785301,82.72359943212842,83.06213825488697,83.4061373812384,83.53445451567107,84.16238942885225],"train_loss":[1.9535172525368183,1.1774526628016435,1.0138400732670287,0.9801459394715115,0.9533739918325228,0.929041719552509,0.9245448058136064,0.9257948471493006,0.9196796420100372,0.9256562036732158,0.9213464562257877,0.909580652417217,0.9115156668091987,0.9005799520688766,0.905681220324159,0.9017885773023352,0.8974919764511552,0.8846579144273612,0.88331507276705,0.8848434579910065,0.8612106873555072,0.8660456785549565,0.8559432542908592,0.8359630722737643,0.8430313150721553,0.8273738764826095,0.8196560178597682,0.807215400914822,0.7971287204199409,0.7906429178527027,0.7791522109926404,0.7640087572041852,0.7564010993354092,0.7325891995125363,0.7307165897451036,0.7077428792988067,0.6951983755197512,0.6831255430664651,0.6572477633455532,0.6447924729210849,0.6311080003065926,0.6107144421907287,0.598572148439131,0.5747406372886513,0.5625472956151828,0.5517465942380104,0.5388931372260193,0.52923496823729,0.5268409796009499,0.5132063904404315],"valid_acc":[45.190968904628285,60.080810286618686,63.62172049323198,61.492260232214264,68.89622976455203,65.50820388175329,69.22929919041678,66.27808566940789,69.59785961734434,68.71877473986716,68.08812689524083,69.14193671639251,71.95937645097841,71.0338802573533,68.70239427859121,72.3170165711524,72.03308853598901,74.2963225855126,72.90944333849617,67.55576182597684,72.91490349072737,70.67624013551301,73.5400911831225,71.497993391755,72.95039449741397,73.72846651414437,74.59390100531563,75.071664528731,74.84233803879134,76.00535095309823,77.18474432847277,70.74176199144779,76.62507848763838,77.17928417332554,79.80015834510601,78.95110431583558,81.30989107158358,81.28532037352515,81.76581397316029,82.21627672125607,82.27360834269953,82.66127931316315,83.070790902966,84.21742335433062,85.01733599060853,85.42957765496482,85.72169592357807,85.73534630925914,86.15577820748186,86.62808157533343],"valid_loss":[1.579381523597979,1.1768029882058506,1.0809588321235732,1.1392019247991805,0.9374579872847834,1.0212007858897119,0.9065284482149648,1.0185276091533262,0.9542325534305434,0.9064068607132683,0.9703217740661503,0.9461466293262191,0.831610966994437,0.8733327704450481,0.9443668151175824,0.8454711195025028,0.8419054933631706,0.787122424698933,0.8339579899248775,1.0005238721436374,0.8275042719863004,0.8764862968121118,0.8066002751012481,0.8575192888648293,0.820441762770113,0.806137563859825,0.7812210867206999,0.7684679669596912,0.76498247997881,0.7267481215856934,0.6938131586001564,0.8813949469061481,0.7147841267833878,0.6945030893345827,0.6298197868302919,0.6394477003072228,0.5794289946220877,0.5814638483299436,0.5552802376780458,0.5448693757686416,0.5439003700575914,0.5255623554692956,0.5247090020146292,0.4809946300939233,0.4679918898037498,0.455702291647949,0.44064407983879783,0.4422212488819729,0.42975563009097223,0.42619767381188167]}