{"train_acc":[51.35415529103418,17.953478213388664,14.68275636125368,13.765425357649889,13.424156383094896,12.831713443267446,12.364857486076232,12.105493065414436,11.971715627388889,11.799716064213172,11.392923446543634,10.964289614502562,11.029813257617121,10.707655345637221,10.775909140548208,10.360926067489359,10.188926504313642,10.006006333952172,9.907720869280325,9.757562520476142,9.82035601179426,9.560991591132463,9.247024134541874,9.200611554002407,8.722834989625426,8.739215900404062,8.376105711477564,8.20956645189473,8.012995522551051,7.969313093808012,7.693567762367593,7.371409850387678,7.355028939609042,6.923664955771542,6.58239598121655,6.475920061155406,6.12919078300753,6.060936988096543,5.539477994976522,5.413891012340287,5.307415092279129,4.8651305012558765,4.507480615922248,4.403734847657532,4.059735721306112,3.8167522114229513,3.535546576389649,3.210658512613307,3.2270394233919433,3.0004368242874335],"train_loss":[1.4736736710446232,0.5691001443339837,0.47290031970738455,0.4436271199951451,0.4353446178435238,0.41552609293445486,0.4061832588755487,0.39553091902295173,0.39031975979730527,0.38127121204656583,0.3748443449046058,0.3651327639671735,0.3615009800938913,0.35660498108004096,0.3543841597866489,0.34105748316990936,0.33767569658081126,0.3309522204079117,0.3254867312678919,0.32246189560967786,0.3221406691834905,0.3118454193574536,0.3084902124359603,0.3033895566465553,0.2923307688059577,0.2936094321902043,0.28233249366211816,0.2773796836693526,0.27091813592413727,0.26727418951870013,0.26035455909113286,0.24989121744365064,0.24414615935993933,0.23732872702245617,0.22834220418841397,0.22029092269679584,0.21318073331027412,0.20808805742547073,0.1934358778373961,0.186029029013588,0.18269365410724947,0.17022244004249748,0.15922540636175622,0.15194095459790993,0.14321755615741494,0.13458091413698448,0.1262453835291986,0.11882691515758723,0.1160641965405759,0.11021985998016147],"valid_acc":[23.473204292098032,15.061836251007321,14.663244969207781,14.01348658375315,14.092658821619807,12.304458218250403,11.600098283822845,12.058751260994427,11.10049414502572,12.064211415516795,10.751044252886103,13.082530237688545,10.467116219389013,11.49362527063657,11.32163040422327,10.382483825333665,9.290452919817625,9.648093040408199,10.748314175624913,10.510797453901688,9.732725437171283,9.244041604711157,9.593491495809332,9.181249830411616,8.56425237042491,8.640694532696685,9.14029867149381,8.995604573943183,7.824401428894177,7.848972127994045,8.01550684092642,8.01004668536261,7.854432280433542,8.689835922356608,7.286576211148187,7.455841001341753,7.136421960741487,6.7542111435505205,6.5330748843529705,6.508504189002295,6.101722677085505,6.090802370748506,6.205465615718339,6.058041442572829,6.126293375143931,5.815064564660915,5.651259930031173,5.512025988669222,5.667640392556848,5.468344754156547],"valid_loss":[0.7478582277621862,0.490165218883795,0.47368121010141073,0.46006882626401296,0.4551047662218079,0.40370334471800706,0.39095734382942376,0.3970480966682389,0.362158871405446,0.39849209548675796,0.36280282005049735,0.4228825275059424,0.3481823991752347,0.38443868381399604,0.3766609568450605,0.3426081548867021,0.31417541379754993,0.32617315508333905,0.35524725440999744,0.3507348917577844,0.33279519293765125,0.31490707008466146,0.3238193794695226,0.31560987198560125,0.2972029160622046,0.3015243590184006,0.3105399770320313,0.30400679900592575,0.2702356798071355,0.2706703319655397,0.2728330314577597,0.27911884736238896,0.2738537541459561,0.294972690357123,0.2535950032219019,0.2531240023496634,0.24903927268236392,0.23445917732472366,0.23071562617841454,0.23435096134579106,0.21901375155023028,0.21341544984648375,0.21880096891090617,0.2204319947719844,0.22037092889909932,0.21406670996072646,0.20750716385981574,0.20252090657534205,0.20470790198881994,0.1991687035972974]}