{"train_acc":[54.728622911433874,18.14458883913946,14.68275636125368,13.869171125914605,13.118379381893632,12.779840559135081,12.738888282188483,12.236540351643555,11.88435076990281,11.641367260019663,11.554002402533584,11.289177678278918,10.99978158785629,10.926067489352405,10.579338211204544,10.519274871682867,10.257180299224643,10.175275745331447,9.61559462706127,9.784864038440531,9.560991591132463,9.413563394124708,9.257944741727641,8.98492956208365,8.812929998907933,8.512613301299552,8.630009828546463,8.294201157584368,7.963852790215142,8.07578901386917,7.4615048596702,7.333187725237522,7.032871027629142,6.710713115649227,6.672490990499071,6.4540788467838865,6.265698372829533,6.041825925521465,5.692366495577147,5.405700556950961,5.0780823413781775,4.643988205744236,4.450147428197013,4.204433766517425,3.964180408430707,3.7020858359724826,3.4891339958501675,3.237960030577696,3.1232936551272275,2.8284372611117163],"train_loss":[1.554379549631323,0.5739257707923368,0.4749124176190828,0.44694412053379934,0.42908836237576065,0.4160640238348646,0.41176175523093267,0.39747180826892836,0.3885248692727992,0.3791028960694701,0.37440768905871685,0.36928302473385055,0.3622452082742806,0.3540318173860715,0.34695020429989365,0.3477376108283076,0.3375659856822822,0.3375446922142224,0.32409647851287376,0.32124332272096456,0.31618877989868027,0.31279384494608925,0.3063518678574397,0.2970894706214087,0.2963470555821582,0.28862132938379176,0.28564401693944,0.2789899437848275,0.26856580675071384,0.2687668941351177,0.2563781388119421,0.24694022478671449,0.2435831733115495,0.23040428679964095,0.22848557322921223,0.21753355814657632,0.2152712142329504,0.203807114270872,0.19821215419903637,0.1854124911665669,0.1755275743990808,0.1638300541486883,0.15783169268064653,0.14981141190785105,0.14058819100499947,0.13353677678996068,0.1268053297862692,0.11848552459626137,0.11554662007958501,0.10727478652473255],"valid_acc":[25.662726255569595,16.465095961590862,14.485789946189215,15.53140953826508,15.291162740946987,13.519342599478392,13.128941548420968,11.712031451531487,12.618417100579094,11.518195963279496,11.832154848315952,11.673810367167135,10.581779465400288,11.914057166151537,10.469846298733074,10.783805182728088,11.378962025666738,10.857517267113806,10.595429852747657,11.174206231077747,10.488956836853632,10.276010810481083,8.984684266564742,8.935542875238525,9.0310955820878,9.323213846327008,8.405907888234651,8.979224112042374,8.288514566003627,7.398509378856829,7.652406564147171,7.352098065416669,7.182833275223103,7.267465667612129,7.649676484178244,7.100930957387504,7.038139177672463,6.72145021537483,6.612247124927379,6.645008052061613,6.516694424535032,6.432062028396814,6.112642987796548,5.981599279259598,5.782303639192989,5.522946298755414,5.44650413440074,5.419203361788874,5.602118542037559,5.424663516311256],"valid_loss":[0.7620181039814972,0.5201476914244972,0.4696341336351956,0.5027508541492928,0.4812683761071025,0.4341259162384142,0.4288038510937321,0.37922465100543934,0.4053851670445146,0.3809998590438039,0.39250109800738114,0.3775628764330714,0.35399559562965677,0.39195540747685736,0.3529726855031506,0.35467802555222466,0.37419461308258156,0.3637997349180315,0.3427092724750342,0.37029598506416245,0.3503102295243277,0.34805146318603625,0.3108562191171739,0.3046990155135519,0.31375301397807825,0.31334866858719185,0.2852080002491784,0.30802243594787554,0.2847857966812827,0.25574859470692857,0.2651648397239538,0.2552808492463703,0.2489131494814278,0.2517286444298416,0.2608040158549581,0.2477015348174667,0.24583952329751202,0.23766502119968327,0.23226867548076074,0.23575854561650367,0.22818430327006153,0.22899173600149894,0.21655879040468143,0.2112775493533525,0.21102903357021816,0.20240483625817315,0.1997281981222707,0.20165012509860142,0.20298598638499685,0.20235703949221534]}