{"train_acc":[37.54231735284482,67.85519274871683,73.16806814458884,74.55771540897673,75.49415747515562,75.98012449492192,76.41694878235229,76.81009064103964,76.80190018565033,77.43529540242437,77.46805722398166,77.69192967128973,77.85300862727968,78.28710276291362,78.34443595063885,78.60926067489352,78.44272141531069,79.10887845364202,79.06246587310254,79.48563940155073,79.30817953478213,79.72316260784099,80.08354264497106,80.17363765425358,80.46576389647264,80.58316042371956,81.23293655127225,81.2984601943868,81.62880856175603,81.6124276509774,81.99191875068254,82.2622037785301,82.59528229769575,82.84099595937533,83.58632739980342,83.68734301627171,83.82658075789014,84.03134214262313,84.98143496778421,85.09064103964181,85.04149830730589,85.94790870372393,85.98613082887408,86.57311346510866,86.77241454624877,87.35939718248335,87.61876160314513,87.74161843398493,88.033744676204,87.94364966692149],"train_loss":[1.7625622839285606,0.9524053136789735,0.8134993092128774,0.7706269483008056,0.7472985528032762,0.7296453472163801,0.7180362558461204,0.7018432569410051,0.7012587909558148,0.691916937174281,0.6923417568961853,0.6858561591340736,0.6808184747405873,0.666314182843107,0.6656315506669753,0.6615122062443671,0.666817324923365,0.6468245986118006,0.6464391896671846,0.6404976739664193,0.6340328880021363,0.6362087374315702,0.6245323126397044,0.6155873356238325,0.6083464105147207,0.6030332037256159,0.5878433686645189,0.5867669548128609,0.5763514809301487,0.5771176127337129,0.5616343042352411,0.5568366815907941,0.5435870161831893,0.5402155431764308,0.5189313614675672,0.515400892094492,0.5050421078691736,0.4974554735356392,0.47739192925127516,0.47203835449234893,0.47004757881607173,0.4542297976850435,0.4431290203428586,0.43269330923820515,0.4265811591266453,0.40941780204789613,0.40119604431308353,0.3985248917482482,0.38704543084352055,0.38461916109119243],"valid_acc":[61.058177944977864,69.87905757857916,73.54555133931119,74.73859510182481,76.72609134796858,76.38483169032027,75.46479565163412,76.85986513210041,75.61767997826055,79.19408119041486,76.05176226455967,76.55136640158634,77.25026618045008,78.89377269230921,79.73190641357635,76.46400393193612,80.63829206220738,77.16563378868591,79.41794752749847,78.80914029762901,81.40271369846393,78.74907859954922,80.5290889738428,81.66753119071613,81.89139752550857,82.30636926983377,83.5840454270276,83.02983974300675,82.25176772294374,84.0836495662413,84.3894182194942,84.85899150841827,84.17374211856821,84.60782440038912,85.02825629861184,85.42684758041138,86.49703786575503,85.956482570123,86.48338748049055,86.53798902571428,87.17136695135099,87.71738240088054,87.72284255706921,88.2006060788183,88.32618962908367,88.97867809825644,88.53094542742186,89.04693002874465,89.3417783712865,89.49466269791294],"valid_loss":[1.139736294437221,0.903815166598544,0.7941509711595623,0.7627088711743351,0.714590863600394,0.7190562333589157,0.7449946232430326,0.7140100136341908,0.7407813624608116,0.6424528333679874,0.7327428194960303,0.7145556687963738,0.6879920737206189,0.6381494500422973,0.629625184526412,0.6994341523429126,0.5914710074457314,0.6960293273690286,0.6259877520715508,0.6389444633114592,0.576635375831698,0.6637825928576576,0.6069594690523666,0.5657510511047662,0.5602926823850014,0.5492438393450964,0.5071565914272517,0.5248339326422234,0.542525959163298,0.5011357768229782,0.4813952456227443,0.4708925091929679,0.4998304869458594,0.47425932148486477,0.46994105343079373,0.4626087168809637,0.4253366396570288,0.435923019935801,0.4205655747005872,0.4295394842602989,0.3974445625074197,0.3925383836222162,0.3867762435079451,0.3734146877275078,0.3669482398691854,0.35290148757840945,0.36673185304765304,0.34953487225082525,0.3413062712728917,0.3379563113119272]}