{"train_acc":[33.26143933602708,66.53652943103637,72.5838156601507,74.51676313203014,75.42863383204106,75.9719340395326,76.17396527246915,76.70088456918205,77.2250737140985,77.30151796439883,77.48989843835317,77.8475483236868,77.67554876051109,78.6420224964508,78.49732445123949,78.36900731680682,78.58195915692913,78.92322813148411,79.02970405154527,79.01059298897019,79.6958610898766,79.81325761712351,79.8269083761057,79.99344763568854,80.449382985694,80.30195478868625,80.78246150485967,81.15649230097193,81.03909577372502,81.40220596265152,82.0028393578683,81.96734738451458,82.46969531505951,82.64715518182811,82.83553565578246,83.44435950638855,84.06956426777329,84.15146882166648,84.54461068035383,84.88860980670525,85.50016380910779,85.83870263186633,86.1854319100142,86.47209784864039,86.88708092169925,87.08638200283936,87.4931746205089,87.51228568308397,87.94364966692149,87.87539587201049],"train_loss":[1.8807610768450131,0.99587166981105,0.8295782282647444,0.7769010980225317,0.7438804276244433,0.7308070370434179,0.7245166822462424,0.7106577090539044,0.7065366086864023,0.69466591223731,0.6881975455225275,0.682938288702407,0.6827915218884838,0.6701497575061686,0.6651361426620279,0.6709515214083535,0.6639887764032874,0.6553729824836537,0.6524165575194726,0.6452660898044275,0.6348001049688917,0.6315783702729635,0.6260294856444006,0.6195746562431977,0.6127916175464856,0.6066397033209519,0.6026296370431977,0.5938680957039852,0.5839560356341401,0.5793307972836992,0.5666339253056605,0.564315039800793,0.5512118000247092,0.5425430905210981,0.5332548673970218,0.5177384546988524,0.5071628007733094,0.5063481359837474,0.4862344086502165,0.4747455971976796,0.46801379358480755,0.45395987121327497,0.4371269497012707,0.43273019483415687,0.42230489209214583,0.41477801525216573,0.4035380989511656,0.4013902038592913,0.3870689149987064,0.3911799753260323],"valid_acc":[53.99273799573498,69.45316552416777,72.40164896635332,75.49755657939322,77.21204510212608,75.09350514744537,79.23776242763529,76.24832782559464,78.57981380935566,77.3485489618528,78.02833820322084,79.20227142282329,76.4994949336238,80.3871249562611,79.82199896215407,77.26937672127839,76.56501679060003,80.55638974749611,80.03494498686031,80.56184989889417,79.54626115710792,80.55911982100811,81.48734608981152,80.92222009945367,79.8329192695325,81.92142837538161,82.70496055100844,82.49474460293852,82.05520216013831,82.12072401711453,83.59223565995676,83.51306341865333,83.884353927841,83.77788091298842,84.3784979131572,85.1729503957459,85.25212263673689,85.74353654166757,86.35507384817333,87.20958803029984,87.08127440069039,87.25872942370896,87.8347757220701,87.75833356146464,88.31526932378813,88.44631303232508,89.10153157126064,88.92953670484734,89.13156242488289,89.1970842764436],"valid_loss":[1.3214860376664321,0.928886710113388,0.832681233872034,0.7506547307199425,0.7050265999699391,0.7727557588549178,0.6384588208862857,0.7334088087667721,0.6581066305053697,0.6907101182166434,0.6708508315896476,0.6341761562679034,0.7171150352582614,0.601136745332308,0.6181351077615517,0.6803014753374428,0.7033477955758645,0.6035270453200735,0.604921838160883,0.5980861174353719,0.6369884569218132,0.600184655598931,0.5692309617846508,0.5806632413888609,0.623653001081524,0.5566897507848583,0.5355405694034912,0.5416557826690642,0.5441056055809669,0.5512292886840326,0.5063372455841819,0.509553520228855,0.5013635343760875,0.5055461220595601,0.4889841921729835,0.4565805676443681,0.4573950510588103,0.44652963163694587,0.4225146151974758,0.41088653530949615,0.4122840002203148,0.40119394895174754,0.3867122682532071,0.3808754559780938,0.37057859173844,0.3731996816320558,0.35118340348991706,0.36089139455167796,0.3515009467419003,0.34561924036436537]}