{"train_acc":[18.268,27.392,33.328,37.46,41.848,44.104,47.04,49.032,50.944,53.28,54.872,56.084,57.528,58.128,59.156,60.348,61.048,61.72,62.436,63.472,64.24,64.212,65.264,65.556,66.336,67.444,67.384,67.724,68.652,69.16,69.496,70.216,70.18,70.928,71.2,71.72,72.412,72.42,72.812,73.336,73.26,74.06,73.756,74.42,74.244,74.652,74.748,75.14,75.168],"train_loss":[2.3052936296081543,1.9270908187866211,1.7685466535949708,1.6673570574188232,1.5794192935180664,1.5090000693130494,1.4513172983932494,1.3939374837493896,1.3487246369171142,1.2950491931915282,1.2489898014068603,1.2220909985351562,1.1879670833587646,1.1630001433181762,1.1377993764877319,1.1114763926506042,1.0858121141815185,1.0672678813934326,1.0513987756729126,1.0255413638687134,1.0063138990974427,0.997019629535675,0.9731721373176575,0.9646988263130188,0.9506000901412964,0.9234714962005616,0.9154908193206787,0.9047191124343872,0.8875430341529846,0.8707820461273194,0.8538727262687683,0.8493176782608032,0.8363989683914185,0.827655255317688,0.8122927427482605,0.8047592957305908,0.7879249273300171,0.7765027239227295,0.7705822825431824,0.7607180096817017,0.7502147058105468,0.7352843787193298,0.7468285427474975,0.7264686651802063,0.7338568938064575,0.7170744584274292,0.7142316841506958,0.7042629001617432,0.7025883656692505],"valid_acc":[24.84375,24.0625,33.4375,39.0625,39.84375,30.0,40.15625,45.9375,42.1875,48.28125,51.5625,47.65625,55.0,41.875,56.875,58.125,57.65625,54.0625,59.6875,58.28125,67.34375,47.8125,57.5,57.34375,61.71875,64.21875,62.5,54.21875,57.8125,58.125,65.625,69.21875,62.34375,56.71875,64.84375,64.53125,72.03125,70.78125,64.0625,57.62987012987013,69.6875,71.5625,73.125,63.59375,69.0625,71.5625,73.90625,66.25,72.34375],"valid_loss":[1.9705148577690124,1.970944058895111,1.803066372871399,1.690391516685486,1.5772417068481446,1.855908179283142,1.7670101881027223,1.6173214673995973,2.074667823314667,1.368920361995697,1.4224799156188965,1.4141463398933412,1.2833425760269166,2.1471869945526123,1.2083487033843994,1.1839799165725708,1.1343697488307953,1.2617928981781006,1.0905480325222014,1.136418092250824,0.9493895411491394,1.4668453574180602,1.174738347530365,1.2047916531562806,1.1329780876636506,1.052948498725891,1.3253828287124634,1.2913105607032775,1.199556589126587,1.1484240591526031,0.9411089181900024,0.9540410161018371,1.037226492166519,1.2758620619773864,0.9914034247398377,1.049416571855545,0.7878903150558472,0.8566069304943085,1.0926530718803407,1.1747851000203715,0.925444769859314,0.8017344057559967,0.728436729311943,1.065196794271469,0.8565064609050751,0.8248327672481537,0.7721958518028259,1.004567766189575,0.8060913980007172]}