{"train_acc":[60.98,47.06,41.712,37.708,35.616,33.507999999999996,32.336,31.104,29.763999999999996,29.256,28.444000000000003,27.659999999999997,27.123999999999995,26.732,26.22,25.748000000000005,25.932000000000002,25.78,25.348,24.884,25.048000000000002,24.480000000000004,24.488,24.348,24.299999999999997,24.22,24.087999999999994,23.599999999999994,23.992000000000004,23.031999999999996,23.787999999999997,23.135999999999996,23.512,22.480000000000004,22.676000000000002,22.908,22.900000000000006,22.623999999999995,22.840000000000003,22.555999999999997,22.451999999999998,22.656000000000006,22.563999999999993,22.644000000000005,22.739999999999995,22.912000000000006,22.587999999999994,22.980000000000004,23.531999999999996,23.712000000000003],"train_loss":[1.6682001433563232,1.3039444149398804,1.1606715796279907,1.0666987853813172,1.0050052877807618,0.9529671397399903,0.9166420569229126,0.887163491859436,0.8504219456863403,0.8376506176757812,0.8222270651435852,0.8062446886825562,0.790942988243103,0.7755414715194702,0.7634537669181823,0.7564410555648804,0.7529679233169556,0.7440558656692505,0.7367508932876586,0.7353039523887634,0.7204863195610046,0.7200674782943726,0.7234426719284057,0.7143800582504273,0.7137580115318298,0.710181199760437,0.7056927964019776,0.696225064792633,0.7054941551208496,0.6846883260536194,0.6965370284175872,0.6885730642318726,0.6926801048660278,0.6691738760375977,0.6671005398368836,0.6821830840873718,0.6778949234390259,0.6701462883377075,0.6822354335784913,0.6755850681114197,0.6732985204696655,0.6724866590499878,0.6812102157974244,0.6772169502067565,0.6795509446334839,0.6860060330581665,0.6863452161216735,0.6957777795600891,0.7028288396072387,0.717518943195343],"valid_acc":[51.712,45.356,39.992,39.216,34.532,32.08,29.831999999999994,28.823999999999998,28.316000000000003,28.700000000000003,26.476,26.168000000000006,26.284000000000006,25.024,25.263999999999996,23.403999999999996,25.203999999999994,23.915999999999997,23.384,22.736000000000004,21.888000000000005,22.060000000000002,22.396,21.108000000000004,21.260000000000005,21.403999999999996,20.364000000000004,21.804000000000002,19.988,19.896,20.040000000000006,19.495999999999995,19.400000000000006,19.528000000000006,19.208,18.840000000000003,18.671999999999997,18.787999999999997,18.519999999999996,18.343999999999994,18.111999999999995,18.451999999999998,17.816000000000003,18.052000000000007,17.736000000000004,17.78,17.876000000000005,17.560000000000002,17.927999999999997,17.647999999999996],"valid_loss":[1.428239139328003,1.27823364112854,1.0919548784637452,1.1123820351982117,0.9726527772521972,0.9069622063827515,0.8403695178222657,0.8131073801803589,0.8045055080032348,0.8083576044082642,0.7471466903305054,0.7422499276542663,0.7626384016990662,0.7175991946029663,0.7258741454315185,0.6750790045547486,0.7202044941329956,0.6797868399429321,0.6718979930877685,0.6622288722991944,0.6421859542655944,0.632671591091156,0.6464084194087982,0.6031096889686585,0.6129414773750305,0.6226967295646667,0.5833318482208252,0.6236410253143311,0.5791443335533142,0.5740844804573059,0.5679482735633851,0.5667916886711121,0.5609473789405823,0.565050309381485,0.5514879353523254,0.5488892035865783,0.5399708570289612,0.5393486496162414,0.5365536651802063,0.5348002270507812,0.5291989280319214,0.5282331593322754,0.5183194376564025,0.5251958933448791,0.5111533556556702,0.5177115991020202,0.5142390479660034,0.515700056552887,0.5259207451438904,0.5216413574790955]}