{"train_acc":[60.216,46.776,40.908,37.476,34.94,33.256,31.912000000000006,30.328000000000003,30.144000000000005,28.900000000000006,28.42,28.236000000000004,27.563999999999993,26.708,26.376000000000005,26.336,26.048000000000002,25.951999999999998,26.208,25.992000000000004,25.232,25.031999999999996,24.848,24.72,25.060000000000002,24.480000000000004,24.415999999999997,24.58,23.784000000000006,24.040000000000006,23.836,24.024,23.099999999999994,23.42,23.400000000000006,23.336,22.64,22.891999999999996,23.244,22.647999999999996,23.092,22.804000000000002,22.888000000000005,23.304000000000002,22.947999999999993,23.471999999999994,23.367999999999995,23.323999999999998,23.671999999999997,23.855999999999995],"train_loss":[1.6383764501953124,1.2929026427078247,1.1526945815849303,1.0597408098602294,0.9967258146286011,0.9432918738174438,0.9109609180831909,0.8753803527832031,0.8711834193229675,0.8366661651229859,0.8168694757461548,0.8171533309555054,0.7934256107330322,0.7751753627014161,0.7777565092468262,0.7691178823852539,0.7606526590728759,0.7551039834785461,0.760128993434906,0.753684526834488,0.7445244598579407,0.7415111537742615,0.7309361677646637,0.7262661312103271,0.7179331861877442,0.7196522826004028,0.7209121209907532,0.7222363504600525,0.7078762042999267,0.7086051051902771,0.7075840313339233,0.6997338891410828,0.68948318069458,0.6916788125991822,0.6959520874404908,0.6851149786758423,0.6835088019371033,0.6873235712051392,0.6934641026306152,0.6783472549629211,0.6889898625564576,0.6835127812004089,0.6891228653717041,0.6942555380821228,0.6953392088127136,0.7080072191238403,0.7057758254432678,0.7133438570213317,0.726065139503479,0.7275517119407654],"valid_acc":[50.644,41.936,39.228,35.099999999999994,32.69199999999999,31.507999999999996,29.396,29.903999999999996,27.232,27.799999999999997,26.272000000000006,26.592,24.828000000000003,24.816000000000003,24.804000000000002,24.111999999999995,23.604,24.040000000000006,22.784000000000006,22.036,21.724000000000004,22.135999999999996,21.323999999999998,21.900000000000006,21.251999999999995,20.983999999999995,20.78,21.391999999999996,20.036,20.007999999999996,20.195999999999998,20.195999999999998,19.415999999999997,19.879999999999995,19.168000000000006,19.436000000000007,19.239999999999995,18.976,18.712000000000003,18.632000000000005,18.260000000000005,18.552000000000007,18.311999999999998,18.171999999999997,18.331999999999994,17.831999999999994,17.992000000000004,18.36,18.239999999999995,17.939999999999998],"valid_loss":[1.4074727788543702,1.168790876197815,1.0884396912956238,0.9984047591400147,0.9295927195739746,0.8956317576599121,0.841056372833252,0.8499261403083801,0.7893315211582184,0.7994614925003052,0.7570467007637024,0.7663528684043884,0.7177358834266663,0.7141054852676392,0.715928180103302,0.6930877589607238,0.6774360450553895,0.6942558377075195,0.6557412102890015,0.6301230500411987,0.6293015022277832,0.6439886609268188,0.6188095327186585,0.6331066234588623,0.6190720948123932,0.6056454916191101,0.6091286505508423,0.6147354508113861,0.5848295226192475,0.5798544952964783,0.5846815998840332,0.5827600438499451,0.5627631162071228,0.5723679488945007,0.5609894394874573,0.5654355687713623,0.5599130477142334,0.5475463383102417,0.5427422916603089,0.5438599998188018,0.5378562700080871,0.5387731596183777,0.5347575157546997,0.542868401298523,0.538260902042389,0.5236437267875671,0.5260596216011048,0.5360063809204102,0.5358242111301422,0.5262105794715881]}