{"train_acc":[62.564,48.436,41.812,38.136,34.988,32.708,31.652,30.272000000000006,29.823999999999998,28.260000000000005,27.956000000000003,27.180000000000007,26.983999999999995,26.924000000000007,26.364000000000004,26.028000000000006,25.567999999999998,25.58,24.78,24.695999999999998,25.028000000000006,24.592,24.427999999999997,24.075999999999993,23.852000000000004,24.060000000000002,23.836,23.784000000000006,23.668000000000006,23.444000000000003,23.147999999999996,23.308000000000007,23.036,23.012,22.888000000000005,22.348,22.703999999999994,22.628,22.823999999999998,22.424000000000007,22.616,21.968000000000004,22.227999999999994,22.436000000000007,23.212000000000003,22.668000000000006,22.604,22.855999999999995,22.980000000000004,23.676000000000002],"train_loss":[1.688439260520935,1.3307865926361084,1.1733374034500121,1.0754662713623047,0.9910909243965149,0.9373479282760621,0.9127263418769836,0.8733592042922974,0.8543480242347717,0.8198941666793823,0.8080548669624329,0.7851178894805908,0.7771799927139282,0.7680177135848999,0.7708712839317322,0.7563701245498657,0.7468452759170532,0.7437315961837768,0.7303272498321534,0.7201556613731385,0.7317529412078857,0.7150782733345031,0.7142232248497009,0.7075448722457885,0.7034506438827515,0.7079328539276123,0.7034281535720825,0.6964513910865784,0.6896454243850708,0.6873669552230834,0.6849576252365113,0.6829086626243591,0.6803878728103637,0.6817026667785645,0.6744521502685547,0.674135774898529,0.6729480672836303,0.6766283855438232,0.6861746413993836,0.6785040391159057,0.678685591058731,0.6635537755012513,0.6751855670928955,0.6820695449447631,0.6899489451789856,0.6893053899383544,0.6812594104385375,0.6931197932052612,0.6959086324119568,0.7147346208763122],"valid_acc":[53.328,46.976,40.944,36.548,33.343999999999994,33.492000000000004,30.548000000000002,30.319999999999993,26.876000000000005,26.164,25.635999999999996,27.304000000000002,24.727999999999994,25.012,23.388000000000005,23.656000000000006,23.171999999999997,23.516000000000005,22.900000000000006,23.016000000000005,22.135999999999996,21.964,21.367999999999995,22.128,21.060000000000002,21.108000000000004,21.055999999999997,20.644000000000005,19.592,19.951999999999998,20.364000000000004,19.504000000000005,19.608000000000004,18.980000000000004,19.328000000000003,19.084000000000003,18.268,19.0,17.836,18.64,18.311999999999998,17.628,17.58,18.052000000000007,17.836,17.5,17.632000000000005,17.819999999999993,18.048000000000002,17.476],"valid_loss":[1.4443408391952515,1.3054459253311157,1.1383766911315918,1.016691404876709,0.9408870092582703,0.9480065742874145,0.8767718867301941,0.8531280609893799,0.7827405580902099,0.7481475087165832,0.7394224022483825,0.786467036037445,0.7209477286624908,0.7162126578903198,0.67584516456604,0.681097710533142,0.6679159663867951,0.6785482617950439,0.6515336336135864,0.6739919419670105,0.6360878310203553,0.6303167453193664,0.6149385956573487,0.6381359979629516,0.6074733309936523,0.6078112786865234,0.6080063990211487,0.5954058874607087,0.5684842700862884,0.579061210193634,0.5902098971366883,0.5718292181396485,0.572533774433136,0.5473757862854004,0.5572214352035523,0.5582278661727905,0.5342934504890442,0.5494774212646485,0.5237809952354431,0.537509248752594,0.5342944314575195,0.5203455331230163,0.519382472190857,0.5168307991218567,0.5146521827507019,0.5095118007850648,0.5160142077445984,0.517380284357071,0.5290515661430358,0.5189845530891418]}