{"train_acc":[64.7318990935896,31.623348258163148,24.601397837719773,21.912198318226487,20.2631866331768,18.7916348148957,18.019001856503223,17.410178005897123,16.76313203014088,16.481926395107564,16.08332423282735,15.938626187616038,15.856721633722842,15.482690837610576,15.056787157365946,14.993993666047828,14.846565469040073,14.363328601070222,14.56535983400677,14.284154198973468,13.992027956754399,13.877361581303916,13.672600196570926,13.233045757344115,13.265807578901388,13.096538167522112,13.069236649557709,12.708856612427653,12.61603145134869,12.370317789669102,12.263841869607944,12.160096101343228,11.715081358523534,11.573113465108662,11.597684831276624,11.442066178879543,11.234574642350111,11.141749481271162,10.969749918095445,10.917877033963094,10.674893524079934,10.445560773178983,10.25991045102107,10.210767718685162,10.248989843835318,10.0769902806596,10.0769902806596,9.91591132466965,9.752102216883259,10.093371191438237],"train_loss":[1.8240003181724969,0.9346101368646558,0.7437671461557865,0.6652537168042165,0.612588755373899,0.5717704443349918,0.5595146327400436,0.5335008583582943,0.5221651440834757,0.5095448213997296,0.4983874794254009,0.4933598763728957,0.4873466288026691,0.48185012445213415,0.46692691463641467,0.46725537524520666,0.461734046377026,0.4492951990788168,0.45300589041820816,0.44980803800225455,0.4381801047849254,0.4343928592660951,0.42901029323300016,0.41775492178348395,0.41742796771837737,0.4112597675809951,0.4101698176464009,0.40005478289263524,0.39425639715910193,0.3930023709336287,0.387171756642555,0.38777840677744385,0.37567941542599703,0.3683822121671731,0.36971178711716934,0.3627748827467166,0.3575570229373802,0.3492595302924535,0.344080521486414,0.3434484718446585,0.3388348577082958,0.3353791782087122,0.32952051937004045,0.3259805338122614,0.3237757970571544,0.3211608054245535,0.3256431046278961,0.3194057258118367,0.3165411182570512,0.3238399099484143],"valid_acc":[40.934778455688274,29.49302465238938,22.583199103284926,19.593764503327165,19.364438015678672,19.014988124580483,16.21392885626946,16.03374375536484,15.979142210141106,15.430396678559745,14.900761693638756,14.649594582901855,14.54039149516214,13.937044419398475,14.649594582901855,13.885172949769625,13.75412924331556,13.767779629204924,13.24360479505711,13.333697341968517,12.697589341153503,12.307188293428709,12.757651040899617,12.741270580040236,12.279887520191977,12.23074613115692,12.066941495485736,11.452674111718778,11.856725545332935,11.378962022958987,11.594638128259035,10.996751208059194,10.890278193623189,10.64730131904389,10.669141937758255,10.221409266923672,10.07944524830053,10.128586637335573,9.923830846495775,10.196838571572982,9.372355235986916,9.934751151791332,9.689044198701126,9.519779409132425,9.334134154330314,9.426956781210649,9.287722842556448,9.394195854492992,9.085697126270091,9.219470909360481],"valid_loss":[1.2394550638763313,0.8730882362754545,0.6830372225984724,0.5950442028070388,0.5927824201326496,0.5827528276634586,0.49833442958392143,0.4981188034473647,0.4916205780701209,0.48066750298166955,0.4672797168009684,0.4580689209753818,0.4561780749353685,0.4376895869747095,0.4619856028459319,0.43141701461388227,0.430224957374739,0.4289153428412782,0.41176568712309847,0.41605343645264486,0.4064944594282428,0.3912830427444615,0.4026269517655279,0.4005040175765903,0.3880318088850631,0.3840261503800625,0.3820804203224435,0.3630431311397198,0.3811006963264412,0.36275891013256945,0.36547313994882136,0.3550140179653831,0.3485214171110453,0.34576265597741146,0.34328635190720735,0.3330210497642332,0.3333911366566274,0.3320942370883565,0.3205769519381651,0.33189820552863086,0.31116259393785844,0.3250322272197263,0.31631594954084,0.31111692054424855,0.3101190838192594,0.30870000496980626,0.3074163585987098,0.31227858908694733,0.3009978584806275,0.30625046289245555]}