{"train_acc":[26.457901059298898,38.11564923009719,47.310800480506714,50.125586982636236,50.28939609042263,50.76717265479961,50.64704597575625,49.819809981434965,49.30108114011139,49.92628590149612,47.886862509555534,48.61854319100142,48.76597138800917,47.66845036584034,47.93873539368789,47.733974008954895,47.14699137272032,47.35994321284264,47.15518182810964,46.92038877361581,46.54635797750355,46.977721961341054,46.893087255651416,47.20159440864912,47.58927596374358,48.39467074369335,48.26908376105712,48.29365512722507,48.632193949983616,48.427432565250626,48.78781260238069,49.77885770448837,49.9590477230534,49.81707982963853,50.67161734192421,50.86545811947144,51.35142513923774,52.06126460631211,52.8202468057224,53.05230970841979,53.1560554766845,53.43726111171781,54.04335481052747,54.26176695424265,54.44195697280769,54.81598776891995,54.60576608059408,54.095227694659826,53.48913399585017,53.344435950638854],"train_loss":[2.062258414609263,1.758426235663887,1.5185996803821298,1.4559895427802172,1.4503415709722898,1.4466298727329425,1.4544064226897246,1.4719729454246322,1.491140376653189,1.4778129719901556,1.521316710343277,1.5106968254166633,1.5159166222174798,1.5364108610793703,1.5276498088959563,1.5409572257529027,1.5559973319675304,1.5451120931898856,1.5584809545920224,1.5702712742590001,1.5773708838178195,1.5665637681847955,1.5729587464740316,1.5598064388811712,1.5557736899246877,1.5400074694085566,1.5340234276195717,1.5377652122423198,1.5319551438552084,1.5395064920242325,1.5277126951354083,1.507584220225001,1.507060899840727,1.5005397027765441,1.484082759656903,1.4777845907018632,1.4682190735891838,1.4494349300646556,1.4343859111298063,1.4273132156229598,1.429849460797499,1.4189872778671413,1.4106387130763967,1.4060194449509624,1.4001917741412455,1.3977649443871045,1.3980062499868566,1.4141513385717508,1.4258312091330612,1.4313398128229158],"valid_acc":[31.240274099548735,35.209806437313894,38.67700455954146,45.08176581324353,30.12094242256642,44.66952414836653,46.82901526029874,51.80321602955566,50.768516750273726,53.935406371167176,39.20390946990901,52.19634715745769,37.795189603553354,48.43430068998054,49.075868847400805,53.45218269697861,48.62540609930503,44.40470665361486,44.027955991571126,47.86098446606867,53.22831635989501,46.45772475340224,45.19096890525315,51.120696716029485,58.21889759334391,51.12342679282202,51.115236560465675,55.7782085225722,57.85033716579149,58.74034235252171,58.841355208894434,56.01572524523272,60.03166889747949,59.33003903864682,58.15610581737807,60.50124218536213,61.404897758814855,61.980944060925204,65.43995195147336,63.744573972693125,64.93761773583162,65.71568975256201,66.03510879482859,67.30186464401912,68.41300608828058,67.6704250742793,69.21018864688072,68.48944824992749,69.68522208970231,70.07835321697948],"valid_loss":[1.9731602713869656,1.929197190154757,1.8827875906121458,1.6028990611230982,2.1224282325451567,1.6185386095544545,1.5786788289671745,1.3753091586453345,1.4622713135782541,1.4001351737992997,1.7829360168660842,1.411866808247451,1.9297118686745125,1.489181467227878,1.4750957357043466,1.3726422596714603,1.4710928638592806,1.6003235947923384,1.6618266241429833,1.5257413922632228,1.403496929516048,1.56292082396462,1.5455872053016806,1.4060175673974462,1.2489684815716497,1.485639475927348,1.3969549870698665,1.2951772341730423,1.263694056760585,1.2199809356196487,1.200440915919544,1.2973201607449765,1.1919568767385924,1.2088030983877143,1.260289793241821,1.176499771461293,1.1571561060216309,1.1310440271465514,1.0481961737062067,1.077413880924956,1.0471116586237776,1.0235299296414109,1.0394452154488303,1.01317236995244,0.9623874193386174,0.9814764620836063,0.9453795073564751,0.9809724122994512,0.944352722251935,0.9303856610295006]}