{"train_acc":[35.904226274980886,68.08725565141422,74.3502238724473,76.25859997815878,77.46532707218522,78.03046849404826,78.85497433657311,78.46729278147865,79.16075133777439,79.13071966801354,79.16075133777439,79.01059298897019,79.33002074915365,79.21262422190674,79.36551272250738,79.29998907939282,79.20443376651743,79.28087801681774,79.26995740963197,78.81675221142295,79.17986240034946,78.91776782789123,79.29998907939282,78.75122856830839,78.87954570274107,78.39630883477122,78.50278475483236,78.60107021950421,78.28437261111718,78.00316697608388,77.56361253685705,77.56907284044993,77.05853445451567,76.9165665611008,76.81555094463252,75.91460085180736,75.9173310036038,75.02184121437152,73.93524079938845,73.21448072512831,72.18794364966692,70.88293109096865,69.31309380801572,66.97881402205962,64.68002620945724,61.71235120672709,58.709184230643224,55.05078082341378,50.395872010483785,45.81194714426122],"train_loss":[1.807076577186272,0.9499855181126012,0.7851899608235777,0.7246296692912568,0.6932566106885727,0.6798964013396698,0.6612849543940048,0.6651371536237178,0.6566443695334142,0.6536697777738943,0.6500219367627587,0.6564533412912156,0.653451950806281,0.6598519512799105,0.6535463876386807,0.6597460129186291,0.6573959426925707,0.6579268212673561,0.662267333511912,0.6690313402737047,0.6679423114703292,0.6715469786898726,0.6698394576652063,0.6803476710604361,0.6838422865603081,0.697973519924935,0.6985145807721879,0.6964643179387443,0.709193341399015,0.7106038171436324,0.7307187413185122,0.732123931865186,0.749854316718716,0.7500710210074266,0.7656420784686816,0.7839653933817634,0.7930617182682055,0.8157310113123675,0.8469152982362275,0.8701983606748944,0.9013621827374513,0.9335967927464911,0.9779399455836914,1.04082761981725,1.0971160017924628,1.164723567720765,1.2470069686385161,1.3444311064222019,1.4549320004607855,1.5723760025957154],"valid_acc":[57.069535067425846,72.30882634041028,76.54863632432516,78.23582407507102,79.53534084910461,80.65740260345227,80.96863141289383,81.64842064988783,81.60200933582279,81.26620983165542,82.3418602758955,83.1554232974379,81.2389090617513,82.58483714984993,82.56299653071899,82.76229217245192,80.90856971043998,83.9853667848386,82.16440525162722,83.48303256940515,83.4502716422709,84.3102459805861,83.9362253947621,84.20377296469208,83.8215621491674,83.78061099087448,84.27202489726318,84.40579868472763,84.63785525026216,85.02006606786972,83.84340276892321,84.91359305468345,84.59963416860556,85.04463676176238,85.69166507308016,84.82623058295034,85.25485271129031,85.42957765600626,85.67528460951304,85.80905839760234,85.727156077059,86.45335663061749,86.22130006279178,85.97013295538748,86.33596330567873,85.64525376068143,85.7544568527952,86.16123836471198,85.97286302994092,86.03565480798966],"valid_loss":[1.2652683731391952,0.8334862715362406,0.7122482271724813,0.6755827588294829,0.6185211098608421,0.5963063577006518,0.5756008648365324,0.56474883717822,0.5745346301788194,0.5754073002545786,0.5441979347037145,0.5160948392834183,0.5857659607849868,0.5376462316776025,0.5418701332720808,0.5339296929207308,0.5980838210333633,0.4967490666164006,0.5489713638461958,0.5205032430486886,0.5209261676307626,0.5032659044157762,0.5063343209193736,0.5034426143910845,0.5273206223840486,0.5144470921409957,0.4899199651234624,0.4908828017879507,0.4736281958860191,0.48130945209177306,0.5129627433376838,0.4793025789162879,0.4922710225926222,0.46808074354236945,0.4488654915383636,0.4840784927655628,0.47340147937199106,0.4770590164723959,0.4584203998680089,0.4605972332822795,0.4555614617608416,0.4397822378586745,0.45369684020216333,0.4486038546243709,0.44354238503362464,0.4641875771451157,0.4592942946500654,0.4372064828548857,0.4437525554079399,0.4385057401257126]}