{"train_acc":[34.37807142077099,66.94878235229879,73.3154963415966,75.9582832805504,77.19777219613411,77.95129409195151,78.59014961231844,78.93960904226275,78.78399038986568,79.23446543627826,79.0187834443595,79.33002074915365,79.15256088238506,79.24265589166758,79.27541771322485,79.39008408867534,79.25903680244622,79.68494048269083,79.2235448290925,79.07065632849186,79.0187834443595,78.8467838811838,78.9559899530414,79.13617997160642,78.66386371082233,78.84405372938735,78.48367369225728,78.67751446980452,78.56011794255761,78.25707109315277,78.17789669105602,77.55542208146773,77.61002511739653,76.86742382876488,76.99574096319755,76.18488587965491,75.86545811947144,74.99453969640712,74.55225510538386,73.15441738560664,72.51283171344326,70.84743911761494,69.08376105711477,67.36922572895052,65.02675548760512,61.988096538167525,58.8238506060937,54.75865458119471,50.406792617669545,45.732772742164464],"train_loss":[1.846410578029104,0.9836626173536812,0.8046331114418527,0.7299891641349059,0.6986594136474408,0.6833245944049898,0.6685379535542365,0.658081843965736,0.6644927251152796,0.6535599899627866,0.6552272661031432,0.6546501302818056,0.6574127890598414,0.6520831573344064,0.6548855776894597,0.6572611605716192,0.6637053428759049,0.6520326923006575,0.6659943169220652,0.6712496729250934,0.666205825133395,0.6766257245128978,0.6769219139224514,0.6734121961860244,0.6817617137788542,0.6852303540666278,0.6923065180925351,0.6940629556539135,0.699484812148445,0.7147418255074076,0.7120525555552334,0.7285560197518801,0.7344957480097853,0.7531622954626668,0.7570939386849114,0.7832979374386486,0.795497721806616,0.8195395955120852,0.8275243991377105,0.8704715101456192,0.8960120813924959,0.9310508893477912,0.978437546794821,1.0279921331662882,1.0933548787333527,1.163667277554517,1.2471230351613758,1.3478957885892366,1.4617297729576755,1.569073902359042],"valid_acc":[57.33162248460389,73.0268366607272,75.66682136896192,78.85555161169404,78.87193207421973,80.22605039514336,81.08875481071973,80.10319691943141,80.79390646547014,82.10980370806979,81.17884736096374,82.05520216013831,81.46550547442978,82.4019219739753,82.43741297941216,82.18351579245551,83.66594774694609,82.9479374245463,81.50099647611745,82.73226132424517,83.14177291113197,83.36836932381046,83.36836932443532,84.52319200695864,83.32741816655896,84.94908406074518,83.56766496554337,84.17920227100771,84.79073957584717,85.18660077934408,84.80165988593336,85.35586557162053,84.52592208255352,85.03371645313422,85.31491441270272,85.69985530757147,86.19399929080478,85.9674028781263,85.60157252450244,85.63160337333406,85.77083731365457,85.94010210551443,85.91553140849744,85.87185017502621,86.3195828421116,86.00289388085541,85.92645172024994,85.74080646274007,85.71623577113859,85.7326162347057],"valid_loss":[1.2500408136658152,0.8080166221094572,0.731856944249939,0.6445168259151706,0.6473256187472942,0.6121564650275874,0.5878118786341162,0.6041309432823733,0.595301654916902,0.5518675627037747,0.5861959450725724,0.5571106956063613,0.5703664800257598,0.5431528710014564,0.5481048467523516,0.5468077668402235,0.5109988967070999,0.5330305405248116,0.5647868019473742,0.5324294341603454,0.5364269751950347,0.5274635075370732,0.5273571920377323,0.4911533732187602,0.5207286617691711,0.47095324941777444,0.5082841671008814,0.5002407045894735,0.4750987382234404,0.471479880549098,0.4829822231448511,0.459701839287593,0.4921094174239139,0.47481743932753184,0.46769714835020165,0.4569292966009029,0.4450476519640815,0.4544865817227011,0.46394403590690675,0.4685234384150889,0.4641588572200678,0.45940285156369326,0.4550065174652046,0.4498079708160563,0.43757141262285537,0.44465916054870225,0.4461836039242162,0.4485961573034238,0.4453815344814951,0.4414794421275882]}