{"train_acc":[21.62,21.428,20.156,19.876,18.912,18.008,18.8,18.34,17.724,17.68,17.812,16.516,17.18,17.096,16.556,16.548,16.76,16.332,16.168,16.052,16.088,15.516,15.444,15.18,15.476,15.292,13.284,11.18,9.86,10.12,9.82,9.548,9.76,9.82,9.9,9.632,9.74,10.032,9.84,10.1,9.6,9.944,9.78,9.7,9.76,9.82,9.996,9.832,9.9,9.572],"train_loss":[2.082768751449585,2.0779533378601074,2.099327640686035,2.127588611679077,2.144196540374756,2.1498062561798097,2.1605067668151854,2.16821388671875,2.17058781539917,2.190872605895996,2.1918522914123537,2.210643617172241,2.2076885832214357,2.208105732269287,2.219522705078125,2.2230581913757326,2.223787568511963,2.245780376739502,2.2469631830596923,2.2385119401550293,2.229372696990967,2.251914120941162,2.2787992710113527,2.2714100203704835,2.270457703399658,2.2689195552062986,2.306007910232544,2.301906128387451,2.3027616432189943,2.3027035932159423,2.3027852143859864,2.3028825218963624,2.302712320480347,2.3027306716156004,2.302673680267334,2.302767046203613,2.302663900756836,2.3027055336761473,2.302679674987793,2.3026063571929933,2.302676149597168,2.302665871963501,2.302657655944824,2.302581377105713,2.302591413574219,2.3026238914489747,2.30260780128479,2.302593554229736,2.3025862409973143,2.302596084976196],"valid_acc":[12.384,11.06,16.188,20.948,17.412,11.788,18.624,16.592,12.672,18.244,15.66,13.856,10.504,15.684,19.148,12.216,14.748,18.748,11.504,17.284,15.016,15.26,16.02,13.66,17.376,18.308,10.532,9.88,10.084,9.972,9.928,9.972,10.356,9.852,9.912,9.928,10.04,9.928,9.88,10.04,9.972,9.88,9.88,9.928,9.852,9.852,9.852,9.912,9.94,9.852],"valid_loss":[2.909904424972534,3.3205498840332033,2.4931361134338377,2.109342445678711,2.1878903258514404,2.8063154572296143,2.2181395040893555,2.3965673429107666,2.422588550415039,2.115570199508667,2.363425916290283,2.2986223542785647,4.6681629838562015,2.4113540288543702,2.158560475234985,2.2991000006866456,2.2533942933654787,2.258103769493103,2.3460581630706785,2.210444345550537,2.180736504745483,2.218734125595093,2.1851107759094237,2.177612282333374,2.184997234725952,2.167185605316162,2.3035704823303225,2.302877553100586,2.3026564792633057,2.3029666869354246,2.302685281906128,2.3027793992614747,2.302600481414795,2.302672799758911,2.302655118408203,2.302681572265625,2.302661201400757,2.302642007751465,2.3026566431427002,2.302708760910034,2.302710676422119,2.302719742050171,2.302674395904541,2.302599527130127,2.302656845932007,2.302635562515259,2.302654002685547,2.302639145965576,2.3026304888153075,2.302643951339722]}