{"train_acc":[32.379600305777004,61.38473299115431,64.94485093371192,66.72490990499072,66.90509992355575,66.85595719121983,66.56110079720432,66.88871901277712,66.00687998252702,66.61570383313313,65.81576935677624,66.1078955989953,65.38440537293873,65.60008736485749,65.09227913071967,64.77558152233264,65.08681882712679,64.70186742382876,64.68821666484656,64.77012121873976,64.30599541334499,64.56808998580321,64.14764660915147,64.02478977831167,64.0821229660369,63.71901277711041,64.50802664628154,63.519711695970294,64.56808998580321,64.35240799388446,64.10396418040843,64.06847220705471,63.63164791962433,64.06301190346183,63.931964617232715,63.94015507262204,63.63437807142077,63.284918641476466,63.18936332860107,63.121109533690074,62.16282625313968,60.89057551599869,60.385497433657314,58.86753303483674,57.101124822540136,55.35382767281861,52.67281860871464,49.31746205089003,46.101343234683846,42.186305558589055],"train_loss":[1.8986779947761,1.149093860958658,1.0498295957062902,1.0103113743185386,0.9992091064957197,1.0061818012650179,1.0128799112548446,1.013721742028035,1.0329600905465992,1.0276080653619803,1.0401028051534646,1.0440598130942147,1.0582304747067932,1.0600119520642293,1.067490832220067,1.0820606708318317,1.0824445508134877,1.0861720328014908,1.085314442702122,1.092783902089018,1.1101274105923735,1.1042763090711682,1.1171817211549173,1.1207681119253219,1.1142569890875762,1.1309468008563992,1.1234331914297264,1.1388189974695075,1.1173333155480067,1.1183518579501674,1.1253252358393364,1.1327814510702578,1.1439920048780339,1.1422902834237083,1.1454227633047693,1.1446571148117517,1.1485266820876974,1.1613664919598155,1.171024712240955,1.1814691413108915,1.2076178494923446,1.2376586577641568,1.2548614902710882,1.290676704658045,1.336356621388982,1.376195061788739,1.4370903711567882,1.51397796300505,1.5945005915864554,1.6909429781741812],"valid_acc":[51.27358104088548,60.067159899167166,62.96923203051616,65.33620901596484,68.87438914312993,63.00199295494265,61.69974610406444,67.08072838430085,67.65950476252681,63.976630537186225,69.30847142765857,70.22304731015605,67.39741734482803,68.59592126478007,66.07059979818257,67.75232739044858,66.5538234711214,69.55144830390418,69.79442518285752,67.44109858371476,68.33929400056223,68.18094952107973,71.08848180257704,69.832646265139,71.9293455983976,69.0081629318441,72.0685795410093,73.64929427627771,73.40358732110462,74.68399355597622,71.16765404481775,72.22692401986694,73.82128914206615,74.13797810332235,75.45114526636962,75.3064511704853,76.23467744095501,74.13524802647774,78.21125337805404,77.94097573023801,76.79707335780087,78.23855415170735,78.22217368876508,79.41521745190359,79.28417374003402,79.72371618241766,79.25414289349358,79.5189603872038,79.3060143581235,79.06030740524159],"valid_loss":[1.528270094259752,1.2125037183385114,1.1123841608712004,1.0297390648092333,0.9249813169873139,1.127902186516706,1.1455176607253963,0.9456532532858508,0.9709907625168631,1.0446981176664405,0.9474502700712559,0.9070158135282693,1.0048752932818776,0.9559847820419921,1.0050784484080428,0.9794390879107874,1.0049196917417935,0.9356482225419419,0.9103326707612176,0.9950084646346512,0.9431707244767626,0.9390952005872967,0.8662112328756835,0.912557640973016,0.8413884381153239,0.9453811060380232,0.84798450297189,0.8042025735416733,0.815720780167729,0.7714068607257005,0.9044404488340956,0.8291040268247396,0.7963853000930624,0.7865540061634502,0.7538993362021156,0.7559738690111613,0.7215268679975946,0.7706330224601918,0.675860157549347,0.6812792009896463,0.7063419951434191,0.6639263724416039,0.6637145281049556,0.6397434279687536,0.643953527906687,0.6308295267955908,0.6328249551430489,0.6349300648606723,0.6466305604382364,0.672618360486734]}