{"train_acc":[15.376214917549415,17.78693895380583,18.324778857704487,20.650868188271268,32.02468057223982,40.06497761275527,48.46292453860435,56.740744785410065,62.90815769356776,67.98077973135307,72.19067380146336,74.0826689963962,75.70983946707437,77.74926285901496,78.66113355902588,79.37370317789669,80.64322376324124,81.23293655127225,82.33045757344108,82.64169487823523,83.26416948782352,83.78835863273999,84.09140548214481,84.77394343125478,84.378071420771,85.12067270940264,85.35000546030359,85.94790870372393,85.88784536420225,86.1854319100142,86.42295511630446,86.94441410942449,87.11914382439663,87.11095336900732],"train_loss":[2.374357469349797,2.2554976523566928,2.2459374465340414,2.211382273087872,1.944126103998884,1.689760258458933,1.4869206894741993,1.276820322708804,1.1087656030361213,0.9674353128543415,0.8593305176335728,0.7959600532824287,0.7453879846604329,0.6907939240181825,0.663742591528389,0.6501131266944596,0.6102788591568447,0.5947121774524116,0.5595857261817269,0.5536309708879285,0.5342761248665839,0.5175324335061294,0.5092327415982201,0.4898127810955308,0.4934612768887823,0.4772483941976767,0.4701276618840458,0.45506154022320816,0.4524083898013318,0.4488814367345291,0.4403404435782606,0.41790995091945177,0.416649900501285,0.41267522136183743],"valid_acc":[18.28125,10.78125,19.53125,28.28125,33.28125,21.875,46.5625,38.59375,50.0,70.3125,72.03125,67.65625,51.71875,77.96875,62.34375,58.75,82.65625,54.0625,72.34375,77.5,82.96875,67.5,85.46875,78.4375,83.28125,87.03125,70.0,82.65625,75.9375,76.40625,84.21875,87.8125,87.34375,86.5625],"valid_loss":[2.2903181076049806,3.4510080337524416,2.274855446815491,2.048640418052673,1.8280199885368347,2.5037776470184325,1.5102644085884094,1.7544405341148377,1.4907315969467163,0.9220726788043976,0.8852924764156341,1.0288854002952577,1.424981427192688,0.6505565375089646,1.3392077565193177,1.2156654238700866,0.5877111613750458,2.0899120807647704,0.8693914592266083,0.7277600467205048,0.56953464448452,1.0544523298740387,0.4666498929262161,0.6641995549201966,0.6020912274718284,0.45750351548194884,0.8938928842544556,0.5985242009162903,0.7616102695465088,0.7118931949138642,0.5053371310234069,0.4189214676618576,0.4715459555387497,0.43295048773288725]}