{"train_acc":[35.98340067707765,67.41836846128645,72.80768810745877,74.74063557933822,75.63339521677405,76.27225073714098,76.9165665611008,77.2250737140985,77.40799388445997,78.10691274434859,78.24615048596702,78.2925630665065,78.44272141531069,78.43726111171782,78.8194823632194,78.96145025663427,78.82221251501583,79.54024243747952,79.86513050125588,79.68221033089439,79.7777656437698,79.99890793928142,80.67052528120564,80.42481161952604,80.62411270066616,81.01179425576062,81.23293655127225,81.5578246150486,81.65064977612755,82.06290269738997,82.29769575188381,82.53521895817407,82.69083761057115,82.87648793272906,83.3515343453096,83.7419460522005,84.32892868843507,84.5364202249645,84.86949874413017,85.15616468275635,85.79775035491973,85.88511521240581,86.50485967019766,86.56765316151578,86.8570492519384,87.25019111062575,87.62695205853446,87.80714207709948,87.965490881293,87.92180845254997],"train_loss":[1.8085953205111143,0.9690137747217503,0.8169338794056343,0.7667896012701659,0.740665040924076,0.7217028594451843,0.7049873920003569,0.7018757283075728,0.6863014174299208,0.6719810914183543,0.6739387652219689,0.6686471398772144,0.6652592260582134,0.6578845531383013,0.6550699602220599,0.6520453269621997,0.6494919149144268,0.6364904247648242,0.6287620867380502,0.6327984947635967,0.6291417726018068,0.6239074454878282,0.6091292542219813,0.6101691206560992,0.6070537005818748,0.5927088537811908,0.5880936611436842,0.5803267805547945,0.5760432080409146,0.5656868383830274,0.555148167811693,0.5547803619145644,0.5435359688178543,0.5362941335158095,0.5285531229977135,0.5086718285556989,0.49578849826627674,0.49012268000949843,0.481424227270664,0.4687403807138087,0.4581636179609175,0.4524388128432486,0.43698036581183464,0.42421852712406266,0.4211064451475311,0.4119836732507585,0.39864360024682477,0.39725518197657644,0.38967220728491364,0.39038996937572534],"valid_acc":[57.70564306886572,69.96368997367595,73.39812716824855,75.67774168029783,74.07245625009531,75.34194217592217,77.22569548739058,73.23159245531618,76.60869802677901,78.80368014206519,77.71710939482072,78.32591662406531,78.71085751518486,80.00764421591475,79.79742826513709,81.18157743989124,80.68743345499162,79.35515575153262,80.36801441543281,82.57664692035755,81.96783968778034,82.56026645449926,82.55207622500686,79.31147451264589,82.25176772627634,82.60667776960572,82.96431788915486,82.65035900307696,83.76150044837986,84.68699664367128,84.48497092363573,84.01812771301428,84.47678069081073,84.81531027453046,84.60782440038912,85.49782958857736,85.53878074645371,86.58713041474932,86.81099674912518,86.7864260554408,87.81566518394955,88.15146468645062,88.20606623334066,88.73297114100046,88.8039531535405,88.96775778921169,88.92407655032495,89.34723852580886,89.45098146340027,89.62570640749134],"valid_loss":[1.2491662641614207,0.9126914922332987,0.8032411694308621,0.7291012314197853,0.7721990893494667,0.7458693459505934,0.6878745744931922,0.8278449685835435,0.7136427550167908,0.6440148694006094,0.6671256627973426,0.6636845805958137,0.6512394137630696,0.6163532769440166,0.6169086357721477,0.5839581653053082,0.5938787041643125,0.6310881241025494,0.6038397227361652,0.5467688255167641,0.5636140220112335,0.5355221068969103,0.5338622246237306,0.6249241729867576,0.5481753681231236,0.535994723481932,0.5335391584218627,0.5318770743771233,0.5005910748599538,0.47651648641636646,0.479086670007833,0.4965238751867319,0.48402322612385734,0.4697884289757971,0.47817139699556777,0.4494571884177547,0.4541371632759439,0.4223565664085925,0.4238032091527656,0.4094475024572289,0.38709378327598,0.3793867721658572,0.3760795680230247,0.3583922739673844,0.36704285838292255,0.35412755519853034,0.3520629516274608,0.3436385131626894,0.3429162381188661,0.33429293234184304]}