{"train_acc":[21.99956317571257,31.399475810855083,36.51851042917986,38.295839248662226,42.208146772960575,46.54362782570711,46.49448509337119,46.857595282297694,46.644643442175386,46.75657966582942,45.95664518947253,45.67270940264279,45.721852134978704,45.451567107131154,45.51163044665283,45.36420224964508,45.271377088566126,45.508900294856396,45.32598012449492,45.63448727749263,46.016708528994215,45.929343671508136,46.29791416402752,45.98121655564049,46.45353281642459,46.254231735284485,46.11499399366605,47.24527683739216,47.45549852571803,48.27181391285355,48.705908048487494,49.25193840777547,49.56590586436606,50.294856394015504,51.02380692366496,51.681773506606966,51.927487168286554,53.22976957518838,54.19897346292454,54.654908812929996,55.26373266353609,55.96811182701758,56.667030686906195,57.507917440209674,57.85464671835754,58.949437588729936,59.42175384951403,59.74391176149394,59.23610352735612,59.19515125040952],"train_loss":[2.1694944708371016,1.927952922951437,1.8129806550189347,1.7682493310496967,1.6694691642944737,1.5571431621162213,1.559599000097714,1.5675891690136003,1.5589014096487632,1.5526137681615084,1.5752958149267906,1.585152936499882,1.585671908003776,1.5945014261816661,1.5920784190009094,1.5940431620182396,1.606648824979635,1.5881367397448949,1.6048943665762636,1.5998543003728403,1.5875426030541737,1.5926809403603939,1.5770772742928278,1.5871194951253336,1.5769649271596866,1.5713959410811038,1.5857724530267001,1.5613252152206205,1.5500346869506911,1.5340648784092763,1.5151965414265742,1.5065694736109116,1.4920564887955081,1.4783313905123971,1.4616744210004833,1.451821797511405,1.4350354884979675,1.4104908275411576,1.3897232543150253,1.3691403514838731,1.354528775287531,1.3377619384092,1.325692937300431,1.2988072977298288,1.282572311072471,1.265928089312751,1.2565024409919532,1.2507016982875485,1.252939705480534,1.258329166209475],"valid_acc":[27.014114498711326,34.07409429728518,34.56823828041435,35.31627945060431,42.19607414879427,47.07199213768992,45.70695350761739,45.41210516174295,49.99590488379579,35.62477818111839,42.048649976065334,43.29356520706223,43.00144694011527,46.4140435182647,47.95926724757553,36.99254688892074,42.76939037301857,48.80013104402097,51.385514211301874,51.93971989376057,42.392639712537,46.250238880302334,50.76305659366847,54.12924185608655,47.56067596796302,52.480275191058915,37.72966774876416,52.13355537878409,49.43896912261789,56.086707252357265,54.84725217848634,58.08239373299234,55.97204400905374,58.718501733390774,58.11515465741883,60.03712904991898,62.08741707244517,62.28944278977297,64.05853285502182,61.93999290148669,64.10767424686877,65.445412104746,67.4137978111029,67.93524256528177,66.7340085726509,67.68134538061629,68.8825793765798,70.06470283233985,69.32212181635983,70.38685194749355],"valid_loss":[2.0244022182927623,1.911899934360718,1.86900157316815,1.8494063879836997,1.6742098458051689,1.5341050907891773,1.5515020512815951,1.5731100842656502,1.471528073064577,1.9140191937440632,1.6656476838110497,1.635538843080392,1.7298516350539195,1.5507439710658515,1.5699138430465451,1.7895630749598024,1.590517970306216,1.4942166257534024,1.4332537424483325,1.37442278055533,1.8163173670212738,1.5815277158581018,1.4547718528636489,1.372272293568113,1.4911570682055424,1.4142642017469063,1.8304758795603848,1.3915388378907834,1.4496117028821913,1.2752954005550676,1.324042820449465,1.231844120202159,1.2719187068849385,1.2403125208697132,1.216128674465119,1.1927020514690598,1.117443575235897,1.1191142267115843,1.0675053529356129,1.1252007573023681,1.0635744070596056,1.026919282082502,0.9680581329762488,0.9539978858368764,0.9821953714884888,0.9773909550890094,0.938103371394667,0.8970553896335313,0.9237428321966997,0.8947348057899901]}