{"train_acc":[49.29562083651851,16.62116413672601,13.088347712132801,11.480288304029699,10.710385497433663,10.279021513596149,9.962323905209132,9.724800698918855,9.192421098613082,9.244293982745447,8.870263186633181,8.739215900404062,8.564486185431903,8.471661024352954,8.316042371955888,8.083979469258495,7.794583378835867,7.505187288413239,7.4314731899093545,7.475155618652394,7.032871027629142,7.0847439117614925,6.836300098285463,6.658840231516876,6.464999453969639,6.148301845582608,5.9844927377962165,5.959921371628269,5.722398165337992,5.6186523970732765,5.348367369225727,4.957955662334825,4.881511412034513,4.7122420006552375,4.469258490772091,4.220814677296062,3.980561319209343,3.554657638964727,3.4864038440537257,3.207928360816865,2.8885006006333924,2.618215572785843,2.2660259910450975,2.148629463798187,1.9493283826580807,1.7909795784645581,1.670852899421206,1.5343453095992174,1.5425357649885285,1.3077427104947077],"train_loss":[1.4095856032218426,0.5241239087816225,0.4243190788384334,0.37672839092351706,0.3507901677235097,0.3387567557445764,0.32821991546283946,0.3214310171127163,0.3054857986377188,0.3023875416125795,0.2940306648802416,0.2911834064364576,0.2842029153721372,0.2792433900474864,0.2763422942843723,0.2690185840322264,0.26177696434707115,0.25484474463514645,0.25133345340802393,0.24884497051196314,0.23840671902701652,0.2376639268925399,0.22859263111243958,0.22146437861870713,0.217848904831995,0.21213569105374472,0.2051771368843194,0.20055790421443825,0.19707088786415025,0.19044255133544538,0.18141649707222632,0.17247450720867477,0.16929247096934355,0.16144266171630872,0.14990347875730692,0.14440662671192592,0.13916586500738884,0.128399740338677,0.12164409306484941,0.11733786129881178,0.10492897041583799,0.0964958083197398,0.08769365131978686,0.08436378912443487,0.07791750494460294,0.07302811140623938,0.06991825275634904,0.06660064371713413,0.06442572740640419,0.05987837456066666],"valid_acc":[21.351934260780993,14.74514728704338,11.53457642851292,10.630920857143082,10.933959431051903,11.332550712226563,9.353244697866359,10.57904938918054,9.478828250839499,10.104015944692648,8.460509433458384,9.738185588985914,8.842720248358177,8.482350050506426,8.411368043798461,9.235851372927598,8.889131560756908,8.26940402517532,8.217532557212778,8.703486306996226,8.818149551966059,7.988206067273111,7.884463130306585,7.726118647491461,7.794370580062562,7.529553084686043,7.417619918018829,6.931666164486188,6.997188021462421,6.825193154007664,6.131753526958548,6.492123728142914,6.311938628904613,6.557645582411396,6.516694423493604,6.442982335775255,5.976139123070922,6.008900050205156,5.812334490107489,5.812334489066046,5.785033717495622,5.528406455985532,5.310000273007731,5.45196429058943,5.424663516311256,5.326380735949982,5.318190503124981,5.293619807774306,5.277239346914925,5.1216249430272995],"valid_loss":[0.6783336265175195,0.4713421117475419,0.3782045840572242,0.35195283961093,0.36269990243736716,0.36973353223575905,0.3155906380171558,0.3480969039933447,0.3211886889295062,0.3360036588165247,0.29011360906865324,0.3239827819892492,0.30129760031946956,0.2901074562431579,0.28404444452520505,0.3144050286649281,0.30257964871809345,0.28443955566133317,0.27811610826602023,0.29291222681072715,0.2974764956106714,0.2721046958042501,0.2723721032739727,0.2691566638882224,0.2715303370530106,0.2618671978062515,0.2554059258906176,0.2430851248338639,0.24787456297128194,0.23878865592766885,0.2202593667777491,0.2295766100147087,0.2269167957315932,0.23839886935977542,0.23562765841356623,0.2331749215018704,0.2154500176720493,0.22129513209562063,0.21369089909302047,0.21406713581605274,0.2145372796512333,0.20682927075603735,0.20167823904869628,0.20943751570438704,0.20996226498073975,0.2015241241080159,0.20534902209780487,0.20344105354104985,0.2033780331477092,0.20054046611921406]}