{"train_acc":[50.73441083324233,16.618433984929567,12.550507808234144,11.242765097739436,10.404608496232385,10.161624986349238,9.719340395325986,9.331658840231512,9.069564267773288,8.57540679261767,8.630009828546463,8.28055039860216,8.34880419351316,8.217756907284041,8.067598558479858,7.82734520039314,7.663536092606748,7.4314731899093545,7.39598121655564,7.2594736267336515,7.057442393797089,6.773506606967345,6.738014633613631,6.5851261330129915,6.284809435404611,6.208365185104299,6.006333952167736,5.92442939827454,5.542208146772964,5.348367369225727,5.1709075024571405,5.072622037785294,4.824178224309279,4.44468712460413,4.316369990171452,4.17440209675658,3.819482363219393,3.576498853336247,3.3280550398602173,2.9922463688981082,2.782024680572235,2.5445014742819723,2.372501911106255,2.107677186851589,1.9165665611007938,1.8292017036147143,1.6462815332532443,1.5370754613956592,1.4579010592988908,1.3405045320519804],"train_loss":[1.445221970692412,0.5240740050710522,0.4080529704200163,0.3671357884093431,0.3440752235988062,0.33183056116917775,0.3167843243707876,0.3090087864098427,0.3018579361456847,0.286584980352172,0.2903375459788759,0.2817309747177583,0.2802394434811312,0.2723560388384785,0.26738003439175273,0.26229137649432765,0.25684264797277556,0.24865799098214272,0.24721366219955643,0.24065180092421867,0.2339426887677176,0.23053376528292982,0.22926302396588494,0.22136228990903703,0.2137548410181846,0.21053088514568166,0.20283544383169302,0.19992640905144876,0.1911715634709898,0.18241752081202722,0.17814466419719355,0.17149859594002786,0.1649011593721697,0.15584186110366857,0.14918592175497483,0.14370223473640747,0.13268193038866172,0.12608869974759257,0.11822588670646095,0.10766760885399788,0.10183390037675241,0.09498779089851664,0.08854592577122543,0.07991365526810058,0.07442245604501901,0.07183949372774781,0.06681149923274667,0.06349081753914737,0.06320502460767728,0.05856005168708375],"valid_acc":[22.53405771591619,13.178082940788642,12.056021186440987,12.779491658989102,11.056812908846737,9.50885910008769,9.888339838351172,9.833738293127439,9.260422068278274,9.265882222800641,9.6890442009923,8.8918616380181,8.46323950801181,8.845450327285675,8.894591716320718,8.27213410243651,7.775260038192826,7.827131508863118,8.556062134892159,7.666056947745361,8.266673946247835,7.442190612328062,7.709738183924344,7.360288294492477,7.521362855610221,7.177373120700722,7.633296021652569,7.035409100411286,6.380190557726522,6.5631057358923215,6.729640447574965,6.754211142509078,6.40203117581602,6.86614431021772,6.191815228370956,6.1918152294123985,6.213655844794147,5.719511861560832,5.722241937780581,5.763193099406124,5.763193096698373,5.460154523414431,5.334570966692098,5.329110813836039,5.536596687769091,5.217177644461074,5.3782522045373895,5.290889733220865,5.334570966692098,5.279969423134673],"valid_loss":[0.7040950267869934,0.4264266621686046,0.38908985694961123,0.42384749011038014,0.3653458648892233,0.3160772085232128,0.3265101821415938,0.33124851923049553,0.31293477735232295,0.3155307948545389,0.3244267398473551,0.2985467549483923,0.2882589794415286,0.30228881367703625,0.2982045368022,0.2825495605980814,0.2724257933609042,0.26968315644513385,0.2912937261015905,0.26831098376513474,0.2799613828246256,0.2629375281849502,0.2651096399864443,0.26237377932328204,0.26111013307927844,0.25254936419626123,0.2699990205617472,0.24921401144038183,0.22600319808516672,0.23308924498319392,0.23966655561576333,0.24176685726375088,0.22731795058977744,0.24247852273653758,0.22423916683282388,0.22427448931028934,0.22533124688643685,0.21051573798106388,0.21394648388995954,0.21643013671826092,0.21239785768522698,0.20669060353923088,0.20409317247826056,0.20623167679575224,0.2086316596466147,0.20242867309275375,0.20938622987530878,0.20206336191298774,0.20835165568923653,0.20317422555142567]}