{"train_acc":[29.321830293764332,64.1421863055586,71.0631211095337,74.14273233591787,74.60685814131266,75.53237960030577,75.92006115540023,76.21491754941574,75.99104510210768,76.65720214043901,76.91383640930435,77.22780386589494,77.09675657966584,77.2114229551163,77.13770885661243,77.66462815332532,77.4434858578137,78.03592879764115,77.86665938626187,77.84481817189035,78.39084853117834,78.1970077536311,78.21611881620618,78.43180080812493,78.77306978267991,78.66659386261877,78.93960904226275,79.16075133777439,79.79141640275199,79.70678169706235,79.92792399257398,80.0589712788031,80.45757344108333,80.73877907611663,80.84525499617779,81.34487277492629,81.7298241782243,81.73801463361363,82.3386480288304,82.25674347493721,82.76455170907502,83.41159768483128,83.38975647045976,83.8648028830403,84.43813476029267,84.65654690400787,84.88314950311238,84.9049907174839,85.01692694113792,85.07426012886316],"train_loss":[1.9788722401429721,1.0637393958237646,0.8634524678147697,0.7875951869630704,0.7701573870230726,0.7549659630689114,0.7399730012837854,0.7262066963673992,0.7363223315743337,0.7195573524185778,0.7126832168748236,0.714832858590433,0.7101347330512993,0.7077934652114521,0.7064496154567489,0.6991863448188674,0.7046328530218373,0.6872163250012286,0.6930117404355458,0.6910766003381038,0.6805712012103178,0.6869782911086949,0.6830729769478332,0.6780713797559433,0.6683172911578057,0.6703612891668522,0.6642073458090118,0.6585126952129354,0.6410146774755655,0.6504960357915032,0.6361244695147821,0.6361994471913982,0.6218359424282373,0.6190282129051514,0.6100894399048317,0.6010879697016758,0.5964506129985737,0.5852017211474041,0.5693939279570022,0.5754345186324025,0.554264096566992,0.5373155806501242,0.5351497956898531,0.5275946821599623,0.5177186959153298,0.5006823350446667,0.5005154644634522,0.49638990943148315,0.4892139708395672,0.4921679082943438],"valid_acc":[49.676485844757686,68.63141226855063,72.78931993692109,74.95700128438604,74.37822490397306,75.3091812510791,76.1036337317932,75.42384449271631,75.10442545419895,78.54432280391879,74.50107837906015,77.98192688915582,76.5186054744521,78.7053973623288,79.4097572940486,77.31032788290393,80.66832291145558,80.27246171024983,78.71085751851747,79.85475989032975,79.98580359615895,80.2806519403671,81.24709929249342,79.36880613846341,79.62543340039008,81.86682683244905,82.57118676312741,81.79584482199189,83.00799912533384,83.49122280118871,83.32468808929778,83.54582434849532,81.99787054140258,84.14371126869517,83.66321766801859,84.82896066021154,85.46779873724628,85.40500695961413,86.17488874831017,85.22755194034475,86.72090420054747,86.08206612309613,87.21231810860247,87.44437467372045,87.7010019373134,88.13781430076956,87.88118703925947,88.11324360541889,87.93305850451426,88.46815364874826],"valid_loss":[1.4427535969943703,0.9453279829089708,0.8115974147677334,0.7667580083093537,0.7873718201822827,0.745811469708709,0.7291401779748626,0.7558997757227403,0.7739255384329564,0.6609177044140345,0.7898913925189852,0.6780093664710184,0.7086980564561919,0.6422077834682651,0.630127853355451,0.6903699786654789,0.596489215607289,0.6027038849432771,0.65068162959755,0.6248047124778431,0.6116976856252948,0.6097864297720603,0.5716981724115746,0.6417943040784824,0.6211786246961385,0.5572029170065971,0.5343517734890583,0.5735211934396078,0.5261314044977283,0.5159614749338024,0.5125212454542637,0.515579885408478,0.5691322062453688,0.49669754602345145,0.5173184642816743,0.4743503473505653,0.45440210735069847,0.4572228052151441,0.43634632438337445,0.46769904152058034,0.4224313113503525,0.44484620959314386,0.4061393905587147,0.39941366177271226,0.3985413449698862,0.3859665798055227,0.3954329986381828,0.3876347239677045,0.394488447808823,0.3779821801096597]}