{"train_acc":[35.429179862400346,66.97881402205962,72.63022824069019,74.3775253904117,75.15288850060064,75.89821994102873,76.08933056677951,76.52888500600633,76.69815441738561,76.78278912307525,77.16501037457682,76.67358305121765,77.24964508026646,77.05580430271922,77.56361253685705,77.33700993775254,77.68100906410396,77.89669105602272,77.73561210003277,78.09599213716282,78.15059517309163,78.41815004914274,78.52735612100032,78.95872010483782,79.03516435513815,79.10614830184558,79.00240253358086,79.25630665064978,79.73135306323032,79.91973353718467,80.28830402970405,80.71420770994867,80.66233482581632,80.91350879108879,81.06912744348585,81.57693567762368,82.02468057223982,82.243092715955,82.59255214589932,82.8655673255433,83.47712132794584,83.75013650758981,83.87299333842962,84.36715081358524,84.57191219831823,84.83127661898001,85.32816424593207,85.27356121000328,85.38822758545375,85.51381456808998],"train_loss":[1.8105645904676928,0.9747517389333104,0.826273895766754,0.7839160482735305,0.7561873425897896,0.7425408317647777,0.7367472569533957,0.7251273978221257,0.7211206338935978,0.7143842740598901,0.7099270580688964,0.7177602764924073,0.7064993353120179,0.70612134755901,0.698371654015331,0.7076032198554657,0.6970848454858352,0.6889944132972755,0.6889284649074396,0.6823161436088014,0.6831680156816962,0.6790598722684718,0.6788803007296239,0.6649872451691932,0.6626838146240752,0.6545323306547967,0.6548077920886045,0.6499215445560673,0.6413917237427137,0.6346394885142219,0.625040619813603,0.6176599245723893,0.6172131559233537,0.605496807983378,0.6037314759535444,0.5932528206298897,0.5799646892830888,0.5703221185441437,0.5607852580926298,0.5583530491266994,0.544371524361709,0.5328096928809477,0.5278937808418295,0.5124193499530131,0.5081078453695096,0.49698036991119177,0.48943215079399727,0.49058618051614955,0.483045607596958,0.48562347271875406],"valid_acc":[57.094105762880666,70.83185454106695,69.48592645192687,76.08725326885094,76.36845122675315,74.69218378775979,77.7607906293334,75.87157716355091,76.01081110449628,73.37628654682645,79.6609244031192,76.85440497757804,78.55251303674379,79.55718146781898,80.62191159968171,80.40350542086966,78.79548991298938,80.16052854191632,80.67378306597794,78.7627289848137,79.75101695398808,80.64375221610489,81.80676513270295,82.38827158871081,82.43468290215098,79.78650795609234,82.7431816299573,82.90152611485532,82.5220453718012,83.01345928256396,82.65854923819313,81.75216358685435,82.71588085838688,83.68232820780545,84.3484670605764,85.35586556995422,85.49782959024367,85.76810723639338,86.67722296707623,86.50522809691373,87.13860602421674,87.05943378093458,87.04578339358721,87.15771656296216,87.85934641846222,88.0695623675736,88.30434901099419,88.07775260102346,88.52821535016066,88.39444156290452],"valid_loss":[1.2747583263397946,0.8736211096935501,0.8959890286672314,0.7285616023198969,0.726449819429523,0.7691943360317505,0.6745137007843316,0.7438098632744858,0.7553726968951026,0.8023944101376838,0.6238539971238536,0.7275300024149963,0.6662328258901652,0.6250131194494993,0.5930965581115079,0.596238444448445,0.6421755712861046,0.6083592423551997,0.595598860182605,0.6554347124214029,0.6204270868041162,0.5861483095055368,0.5689124408181311,0.543643076749707,0.5372594213812145,0.6366272158399027,0.534453011168651,0.5399358545971651,0.5331054049187287,0.5251229332624253,0.5371508819699115,0.5524966824197591,0.5329818300742762,0.5157982809117465,0.49419186811094484,0.45306274877002917,0.45958091569651766,0.44923941575568627,0.42163288475479127,0.43563202457087685,0.4080772361515449,0.4114861948155124,0.4114654802137636,0.40323832132927684,0.3967391248417023,0.38222035933905835,0.37935272208540194,0.3915137218552415,0.37721148518530007,0.37882466249701047]}