{"train_acc":[37.564,49.036,52.816,55.096,55.66,57.264,57.6,57.304,57.164,57.148,57.296,57.656,57.204,57.212,56.924,56.956,56.38,56.748,56.676,56.656,56.216,56.46,56.34,56.1,56.676,56.452,56.228,55.788,56.496,56.58,57.064,56.596,56.796,57.184,56.708,57.452,58.564,58.328,59.136,59.144,58.976,59.436,60.184,60.224,60.264,60.412,59.676,60.136,60.096,59.756],"train_loss":[1.692900915145874,1.41093936378479,1.3177016449737549,1.2682754627227784,1.2574565152740478,1.2186487955093384,1.2123148795318603,1.2143149048995971,1.2180048420333862,1.223244260482788,1.2238777402496337,1.2286695058822632,1.2235824280548095,1.2343561896514892,1.2315154737091065,1.24685698802948,1.249975668334961,1.2509368387603759,1.2540638775253297,1.2593437735366821,1.264503017501831,1.266761266860962,1.2711994406127929,1.2767307888412476,1.2746527412033082,1.2742637008666993,1.2756716105651855,1.2821602758407593,1.2767755098342894,1.2730678680038452,1.258344509048462,1.2685627433395386,1.2660623734283447,1.261963881149292,1.2660731003189087,1.2549916134643555,1.2317324207305909,1.2357281463623047,1.2253230965805053,1.2209707010650634,1.216447713470459,1.205592287902832,1.1961463557434082,1.2057718562698365,1.2043140169525146,1.2004061186218262,1.2141178256988525,1.2048745837783814,1.2276992931365966,1.2431184099578858],"valid_acc":[42.604,51.444,54.488,53.108,55.408,59.164,56.036,56.748,59.676,62.688,57.308,57.8,58.38,59.564,60.192,59.204,60.012,61.376,63.124,60.556,62.872,61.568,60.272,61.344,63.812,63.292,61.324,65.456,63.424,63.756,66.016,65.68,64.908,65.68,66.296,67.908,68.836,68.124,68.288,68.888,70.264,70.792,70.792,71.524,71.892,72.42,72.452,71.92,72.772,72.796],"valid_loss":[1.5483335038375854,1.3472997523117065,1.26898980052948,1.3425827256011962,1.284105322227478,1.1589868641281127,1.220514998512268,1.2461846389770508,1.1273571361923218,1.0607342779541016,1.1990031147003173,1.2085015459442139,1.1895747677993775,1.1223867728996277,1.1244508261299133,1.1464902996444701,1.157351741104126,1.0839104831695556,1.054901176185608,1.1153526819610595,1.0692918216133118,1.0902286455535888,1.0966472359085082,1.1016936507797241,1.0223648621940613,1.0544142765045166,1.0762871663284301,0.987333525390625,1.0388611821746827,1.03412488155365,0.9594554315567017,0.9794390685844422,0.9920331109046936,0.9891356256484986,0.9600794607734681,0.917748061504364,0.8871478258132934,0.9075828258132934,0.9052935670471192,0.888377797279358,0.8470553238296509,0.8345909240722656,0.8376740702819824,0.8097283853340149,0.7991760563850403,0.7975241613197327,0.7831880809211731,0.7962189567947388,0.7695771070098877,0.7753201000976563]}