{"train_acc":[37.132,47.776,51.868,54.088,55.94,56.62,57.168,57.052,57.3,57.084,57.028,57.392,57.336,57.024,56.636,56.084,56.564,56.392,56.368,55.98,56.028,55.896,55.92,55.92,56.384,55.888,55.996,56.256,55.88,55.76,56.54,56.252,57.032,56.74,57.628,57.244,57.56,58.148,58.308,58.848,59.684,60.104,60.408,60.216,60.928,60.8,60.704,60.284,60.128,58.94],"train_loss":[1.7121567211151123,1.4367452840423585,1.3401609015274047,1.280310375289917,1.2459995692443848,1.2362030757522584,1.2230639277648925,1.2260603133773804,1.2257328903198241,1.2288153261947632,1.2285079398345948,1.2329933888244629,1.2298730536651612,1.2338794411468506,1.2486362358093261,1.2627426191329956,1.2587537971115113,1.2609654040908813,1.269613165626526,1.2738444767379762,1.2718799446868896,1.270834390335083,1.2739116996765136,1.2894388000488282,1.2714706019210815,1.2810609082794189,1.2775899878692627,1.2766907831573486,1.2818100724029542,1.2961539469909669,1.2723631281280519,1.279348319129944,1.2681201919555665,1.2654367680358887,1.2502979195785522,1.2554925262069703,1.2479560421752929,1.2421147080612183,1.2322416417312623,1.2260302043151856,1.2047688298797607,1.1941465120697021,1.1987403797149658,1.1991366941452026,1.1852904888534546,1.1860524135589599,1.1899242705917359,1.2030812892913818,1.2181720168304444,1.2420925493621826],"valid_acc":[42.636,46.12,53.272,52.568,58.216,56.004,56.368,57.196,59.088,49.156,55.176,57.252,55.156,57.788,58.364,61.504,57.052,61.296,62.152,62.648,61.708,60.664,60.624,61.408,60.952,62.708,64.844,62.492,64.504,63.868,62.732,64.212,64.368,66.328,66.732,67.432,67.144,68.252,67.76,69.688,69.968,70.604,69.128,71.748,71.652,72.08,71.856,72.188,73.292,72.7],"valid_loss":[1.6135119162368774,1.4942661197662352,1.3063599791717528,1.3302109046936035,1.1769889028167724,1.2499459228897094,1.2494645014762877,1.2266184814453125,1.1523387913131713,1.393766904182434,1.2660298935699463,1.2211429063415526,1.2843668181991577,1.151095007247925,1.1500294411468506,1.0794938347053529,1.2075027680587769,1.101211130104065,1.069277334728241,1.061677444114685,1.1045659180831908,1.1522542403411866,1.112402342453003,1.0922234477233888,1.0829293453598023,1.0559039540481567,0.9926952482223511,1.0531339358901977,1.0021903208732605,1.0444131832122803,1.0394241325759888,1.0085926433563233,0.9963184280776978,0.950078856010437,0.943859994392395,0.9198635644149781,0.9354963865280151,0.911756696434021,0.9167033937263489,0.8652394721984863,0.84858506483078,0.8392089674186707,0.8767277157211304,0.8116836443901062,0.8125084559822082,0.7937530151748657,0.8054589015388489,0.8007223718452453,0.7764112926101685,0.7877124044799805]}