{"train_acc":[38.124,48.592,51.692,52.984,54.588,54.972,56.0,56.0,56.352,56.876,56.9,56.98,56.688,56.74,56.808,56.124,56.108,56.412,56.452,55.668,55.86,55.896,55.928,55.584,55.82,55.616,56.22,56.22,55.92,55.932,56.948,56.336,57.008,57.136,57.288,57.68,58.24,58.276,58.352,59.14,59.508,59.748,60.3,60.752,60.268,60.288,60.356,60.2,59.568,58.704],"train_loss":[1.6775792531204223,1.4184327725601196,1.3418573013305664,1.317841687889099,1.2811769117736815,1.268417653427124,1.2516379328918457,1.2463239023208619,1.2410263111686706,1.2376695946121217,1.2409513503265381,1.2358255936431886,1.2477829378509522,1.2496201019668578,1.2446541004180909,1.2601602000427246,1.2681775387191772,1.260047642059326,1.2644900146484375,1.268124697265625,1.2712099644088746,1.2705555442047118,1.2848680678558349,1.2784403202819825,1.280820018157959,1.2797665610122682,1.2821388019943238,1.2775651736831666,1.2763779810714722,1.2795071895599366,1.269636442451477,1.2742140113067626,1.26574270362854,1.2597879331970214,1.2563303060150146,1.2486541598510743,1.2444734397506714,1.2435384479141236,1.2345639025878907,1.2268683070373536,1.2081552869796752,1.2038059218597412,1.194060524368286,1.1952378660202025,1.1947314777374267,1.1984702209472655,1.2088370441436767,1.2094840009880066,1.223325457649231,1.243281926689148],"valid_acc":[43.488,48.616,36.384,54.312,53.416,56.16,54.14,57.412,59.84,54.964,59.148,53.128,58.856,57.808,58.42,61.044,61.276,56.104,61.912,60.32,62.892,62.964,61.216,63.052,63.488,61.524,61.048,62.656,59.756,64.304,64.984,62.26,66.104,64.692,65.656,68.268,65.524,67.472,69.224,70.072,69.476,70.332,70.644,71.228,71.604,72.056,71.8,72.096,72.464,72.868],"valid_loss":[1.5669461235809325,1.4007620406723023,2.0470174867248536,1.281511850128174,1.2964680693435668,1.2400262660598755,1.2751949802017213,1.177512125415802,1.1452638050079347,1.3222283601760865,1.1706063570022582,1.3629436910247803,1.1669064660263062,1.192677269554138,1.1713326304626466,1.1013503789901733,1.0961239472579956,1.2083315855789185,1.0716474215698242,1.1049443102645875,1.0528178322601318,1.0601244348144532,1.094683334274292,1.0636915938568114,1.0432149199295044,1.0803367512130737,1.1038791049957275,1.0518090189933778,1.1069567906951905,0.9972766807556153,1.0009019943237305,1.0524086567878723,0.9482483000183105,0.9959739529418945,0.9905075899505615,0.9043688953208924,0.9798643533706665,0.9166791105270385,0.8817129103279113,0.8688929952812194,0.865653992023468,0.8473212492370605,0.8460616167259216,0.8202192651367187,0.8102601755142211,0.80287112241745,0.804595298538208,0.796250717716217,0.792692567653656,0.7815297006225586]}