{"train_acc":[82.10931527792945,81.36944414109425,81.53598340067708,81.51960248989843,81.4622693021732,81.15922245276838,81.15922245276838,81.15922245276838,81.15922245276838,81.15922245276838,81.15922245276838,81.15922245276838,81.15922245276838,81.15922245276838,81.15922245276838,81.15922245276838,81.15922245276838,81.15922245276838,81.15922245276838,81.15922245276838,81.15922245276838,81.15922245276838,81.15922245276838,81.15922245276838,81.15922245276838,81.15922245276838,81.15922245276838,81.15922245276838,81.15922245276838,81.15922245276838,81.15922245276838,81.15922245276838,81.15922245276838,81.15922245276838,81.15922245276838,81.15922245276838,81.15922245276838,81.15922245276838,81.15922245276838,81.15922245276838,81.15922245276838,81.15922245276838,81.15922245276838,81.15922245276838,81.15922245276838,81.15922245276838,81.15922245276838,81.15922245276838,81.15922245276838,81.15922245276838],"train_loss":[2.2594341737052117,2.2504191538958724,2.251055805107984,2.2501310805143375,2.250469745006105,2.247699349418899,2.247504381629933,2.2476006176738066,2.247782499415002,2.2472546000895677,2.247439147343708,2.2475910088869373,2.247265345641225,2.2473097384932834,2.2473461233503342,2.2477999874451178,2.247605048582988,2.2476248689336757,2.247424366823825,2.247646418463472,2.2473849451436454,2.247214918979146,2.247430863905854,2.247362374139819,2.2474844281533093,2.2475352598171354,2.2471219880411404,2.2472417139520133,2.247250467040881,2.247097136868365,2.247231765593766,2.247532286836133,2.246990576469444,2.2474355646079056,2.2471568135828823,2.2471644295424476,2.2471740667874913,2.247066017658908,2.2474858825665263,2.247029960734805,2.2467762641515145,2.2471975989381834,2.2471028513115305,2.2470526025065354,2.2467839187235894,2.247260320234783,2.2471122471437686,2.246964856658399,2.2469919215803573,2.2470577864768244],"valid_acc":[80.99593218446425,81.435474624036,80.99866226219409,82.91517649957305,80.99866226219409,80.99866226219409,80.99866226216805,80.99866226172544,80.99866226229824,80.99866226235031,80.99866226224617,80.99866226219409,80.99866226172544,80.99866226219409,80.99866226287102,80.99866226224617,80.99866226222012,80.99866226222012,80.99866226219409,80.99866226222012,80.99866226222012,80.99866226172544,80.99866226172544,80.99866226222012,80.99866226219409,80.99866226224617,80.99866226222012,80.99866226224617,80.99866226224617,80.99866226219409,80.99866226229824,80.99866226222012,80.99866226216805,80.99866226224617,80.99866226222012,80.99866226222012,80.99866226216805,80.99866226224617,80.99866226224617,80.99866226287102,80.99866226229824,80.99866226172544,80.99866226216805,80.99866226219409,80.99866226224617,80.99866226219409,80.99866226222012,80.99866226172544,80.99866226222012,80.99866226287102],"valid_loss":[2.2458430971025707,2.2500041288807378,3.5937784324163182,2.26225004218558,2.246427018752623,2.243334704735,2.246763731136789,2.2494430987013296,2.2432573917583873,2.2473015687777385,2.2473494895127004,2.243715961981394,2.2485023860397138,2.2468833898865963,2.2477676612113853,2.2469137628214693,2.246356604169506,2.2456289994576375,2.2486142785690606,2.245105021005571,2.244877315113672,2.24799725883029,2.246763426567127,2.246888889571647,2.24442115723444,2.2434891679629394,2.2450922493878784,2.2477710827903974,2.24606630778657,2.2469380284030045,2.2466171867981726,2.245476016229186,2.247626390161384,2.245737797635503,2.2458313572868582,2.246392095856046,2.246679768905602,2.2465685270170366,2.2451569630403303,2.2454738213840284,2.2464036145541315,2.246005894162802,2.245999915733453,2.2461253598162765,2.246519226579943,2.246266571556166,2.246168650014482,2.2461305575417785,2.2461421213147683,2.2461650241566558]}