{"train_acc":[82.04106148301845,81.34487277492629,81.37490444468713,81.15922245276838,81.15922245276838,81.15922245276838,81.15922245276838,81.15922245276838,81.15922245276838,81.15922245276838,81.15922245276838,81.15922245276838,81.15922245276838,81.15922245276838,81.15922245276838,81.15922245276838,81.15922245276838,81.15922245276838,81.15922245276838,81.15922245276838,81.15922245276838,81.15922245276838,81.15922245276838,81.15922245276838,81.15922245276838,81.15922245276838,81.15922245276838,81.15922245276838,81.15922245276838,81.15922245276838,81.15922245276838,81.15922245276838,81.15922245276838,81.15922245276838,81.15922245276838,81.15922245276838,81.15922245276838,81.15922245276838,81.15922245276838,81.15922245276838,81.15922245276838,81.15922245276838,81.15922245276838,81.15922245276838,81.15922245276838,81.15922245276838,81.15922245276838,81.15922245276838,81.15922245276838,81.15922245276838],"train_loss":[2.2572352699516407,2.2497501038458325,2.2497554566905245,2.2476243905082756,2.247686189947475,2.2476943578862776,2.2471570692377942,2.2476711836108034,2.2474953574203202,2.2473666350289805,2.2474366011832547,2.2476512898885357,2.2474106070749804,2.2471723564850317,2.2473864162203863,2.2475425087886176,2.247584430101567,2.2475060796430437,2.2473564245587054,2.2474683862827587,2.2476343864877504,2.2471476762956364,2.247421010113106,2.2476567918196952,2.2474563382683956,2.24725534099151,2.2471820072431523,2.2470772199473474,2.2471928890972297,2.2470954714532736,2.2473290657338403,2.2472646524646573,2.2471968710025454,2.2473430763728706,2.246994071201009,2.2471975340025128,2.247263137984643,2.246883827564406,2.2472473191709854,2.2470323108645185,2.2472327103635115,2.246895372939185,2.247463278313762,2.246891946970694,2.247120452809831,2.2470354862813022,2.2470342539616177,2.246943898319196,2.247028680247121,2.2469399453146797],"valid_acc":[82.79232302232496,81.53921755944037,80.99866226287102,80.99866226222012,80.99866226224617,80.99866226222012,80.99866226224617,80.99866226224617,80.99866226224617,80.99866226219409,80.99866226224617,80.99866226219409,80.99866226224617,80.99866226222012,80.99866226224617,80.99866226224617,80.99866226224617,80.99866226224617,80.99866226222012,80.99866226172544,80.99866226229824,80.99866226224617,80.99866226172544,80.99866226216805,80.99866226222012,80.99866226222012,80.99866226222012,80.99866226172544,80.99866226219409,80.99866226224617,80.99866226172544,80.99866226235031,80.99866226219409,80.99866226219409,80.99866226229824,80.99866226224617,80.99866226222012,80.99866226224617,80.99866226172544,80.99866226224617,80.99866226222012,80.99866226224617,80.99866226219409,80.99866226219409,80.99866226219409,80.99866226222012,80.99866226172544,80.99866226172544,80.99866226172544,80.99866226229824],"valid_loss":[2.2549089691055673,2.246987969281258,2.2457874138833214,2.2438564018696914,2.244965520087733,2.2462401585541296,2.2507625067405552,2.2451112720583546,2.242397222580366,2.2455121127135396,2.247156077108993,2.2462067988747516,2.245488680064159,2.2474813594608265,2.24823345894954,2.246244274338736,2.2458247284510526,2.246232981640036,2.2470414910530874,2.2465926473109277,2.2450682490876126,2.2457360986077806,2.2484837625994527,2.244966603349958,2.2449995443436856,2.246882763192468,2.246206531640779,2.2474095846049766,2.2470195997441187,2.2471436034803514,2.2472198562756938,2.2469608135229118,2.2471612694840872,2.245512689249226,2.246775666893272,2.246472556896502,2.245335597052563,2.2470747933490207,2.2464217191285476,2.2468015017388785,2.245918836037498,2.2464295856789094,2.245581673060508,2.2459414715673045,2.2459351417945377,2.245872589016713,2.2458159004350873,2.2459287100385796,2.2459434998078063,2.2460502826655575]}