{"train_acc":[14.812,17.46,23.512,28.348,32.2,35.732,38.408,39.376,42.064,43.952,45.548,46.972,48.648,50.448,51.54,53.548,54.384,55.3,56.276,56.92,57.928,59.124,59.828,60.088,61.192,61.388,62.412,62.98,64.096,63.716,64.628,64.824,65.604,66.076,66.64,67.4,67.776,68.3,68.9,69.456,69.528,69.984,70.208,70.144,70.316,71.184,71.696,71.484,71.668],"train_loss":[2.4940460904693604,2.4746636096954346,2.047585090675354,1.8493038362884522,1.7610365408706665,1.6950015792083741,1.6459265233612062,1.6170387662506103,1.5578748950195314,1.5142940664672853,1.4679860249328613,1.4390432437896727,1.3949447820663452,1.3545472850036622,1.3254156634902954,1.2869996339416503,1.264363616065979,1.236671042404175,1.216608015613556,1.1891247323989869,1.170068056564331,1.147741654472351,1.1237646545791626,1.1096099184417725,1.0985223179626464,1.0812497227859497,1.0592228897094726,1.036859109725952,1.0148045477294922,1.0125462817764281,0.9977413128662109,0.9832017986869812,0.9663903511047364,0.9497092288589477,0.9382640723800659,0.9250271977424621,0.9109620450973511,0.8960013321113587,0.8802012256240844,0.8670027787780762,0.8566139170455933,0.8427798956489563,0.8441037929344177,0.8355963195991516,0.833765677280426,0.8159763450813293,0.8073719315338135,0.8021535669136047,0.8019937120056152],"valid_acc":[13.59375,20.46875,24.53125,28.4375,33.59375,25.0,34.84375,30.46875,29.6875,28.4375,35.46875,39.375,29.6875,39.84375,49.0625,45.9375,50.78125,51.40625,55.9375,48.125,53.28125,35.15625,59.21875,56.25,44.84375,42.03125,54.375,61.5625,55.625,51.40625,65.625,54.21875,57.34375,56.71875,63.125,55.78125,57.8125,69.84375,60.9375,56.493506493506494,70.3125,70.15625,66.40625,67.5,67.1875,63.90625,73.125,55.3125,68.125],"valid_loss":[5.04928150177002,3.481422519683838,1.9949719667434693,1.8271972775459289,1.7723415970802308,1.992593562602997,1.7713715314865113,2.051641380786896,1.9336611032485962,2.6426443815231324,1.8223949670791626,1.7496036529541015,2.081308352947235,1.6597275018692017,1.4553792476654053,1.554982876777649,1.388118028640747,1.478376603126526,1.2922701954841613,1.4433581113815308,1.4522787809371949,1.8801159739494324,1.1248962581157684,1.2414552450180054,1.492850649356842,1.7408177495002746,1.3745530128479004,1.1412076652050018,1.2426446497440338,1.4505298614501954,1.0252690613269806,1.6078901648521424,1.2048985064029694,1.2382331132888793,1.0239221513271333,1.2786815643310547,1.2346092104911803,0.8868641436100007,1.050415140390396,1.232095048025057,0.9540841281414032,0.8844076216220855,1.0237173676490783,0.9609858751296997,0.9102731108665466,1.0207564651966095,0.7943454504013061,1.22125563621521,1.0741819500923158]}