{"train_acc":[60.94,49.508,46.66,45.076,45.008,44.788,44.088,43.288,43.408,43.536,43.452,42.172,42.104,41.28,40.896,39.42,39.064,38.396,37.824,37.184,37.196,36.368,35.599999999999994,35.06,34.215999999999994,34.14,32.632000000000005,31.924000000000007,31.708,31.036,30.028000000000006,29.480000000000004,28.284000000000006,27.572000000000003,26.664,26.328000000000003,25.203999999999994,23.968000000000004,23.58,21.872,21.439999999999998,20.432000000000002,18.840000000000003,18.200000000000003,17.052000000000007,16.367999999999995,15.644000000000005,14.623999999999995,14.227999999999994,13.260000000000005],"train_loss":[1.6526417488861085,1.3695567597198486,1.3016923959732056,1.2636828091049195,1.2626915776824952,1.24892357006073,1.2452061776733399,1.2273840372085572,1.2221899086380006,1.2234002460098266,1.213354490737915,1.1978856686401367,1.1917341044998169,1.166714255027771,1.1545128731155396,1.1324978113174438,1.1199032804870606,1.0955785680389405,1.0869387894821168,1.0727444649505615,1.0662588586807251,1.039773670539856,1.0243396779632568,1.0066737941360473,0.9869281183242797,0.9791601656341553,0.950457490978241,0.9301090635299682,0.9099888637542725,0.8933035042953491,0.8700084169769287,0.8485238145828247,0.8261978569412232,0.800646457748413,0.7766682966041565,0.7584197797775268,0.7296249562263489,0.6960638257598877,0.6825724641418457,0.6387639018630982,0.6176005358314515,0.5923970673370361,0.5541097893333435,0.5284687521076202,0.5010145418167115,0.4712146993637085,0.45608472036361697,0.4336296921348572,0.41664732120513914,0.3957863918209076],"valid_acc":[58.328,51.188,44.664,52.904,45.656,43.68,47.148,51.368,43.368,53.976,55.116,48.78,44.744,46.756,48.684,44.232,46.852,42.712,37.644,37.76,38.3,43.42,39.208,37.552,36.344,42.016,34.632000000000005,36.008,33.432,33.116,30.248000000000005,34.980000000000004,30.031999999999996,27.144000000000005,28.5,26.464,25.647999999999996,28.959999999999994,25.995999999999995,22.988,23.512,23.596000000000004,20.748000000000005,19.628,19.236000000000004,17.924000000000007,20.727999999999994,16.751999999999995,16.528000000000006,16.208],"valid_loss":[1.5989583534622192,1.404686256980896,1.2510635227203368,1.5985813397216797,1.2681180780029297,1.2284839134216308,1.346799065322876,1.5365441418266297,1.2165551696777344,1.5381893447113038,1.599773767929077,1.46926243309021,1.2379985273361207,1.3359467822265625,1.442960937423706,1.283947940864563,1.4473743043899536,1.2437672552871704,1.0796181800842286,1.1005760403823852,1.101063418006897,1.2931648075103759,1.15686624168396,1.0694106675338746,1.0655437580108642,1.186507399482727,0.9990142017745972,1.0183784526062012,0.9773202655220031,0.9667598914718628,0.8771375499725341,0.9984682457160949,0.8567620959663391,0.7946478671836853,0.825386237449646,0.7683894758415222,0.7486507009124755,0.8517764945983887,0.7577516218185425,0.6749830937767028,0.6883670192146302,0.7011041963005066,0.6052315031814575,0.5856563483238221,0.5556730370903015,0.523993879737854,0.6043275920677185,0.49106789978027343,0.4877094185829163,0.47812516008377076]}