{"train_acc":[61.768,49.912,47.288,46.288,45.832,45.28,44.76,44.232,43.72,43.664,43.176,42.588,42.332,42.14,41.292,40.408,40.376,39.476,38.252,37.872,36.988,36.684,36.064,35.147999999999996,34.632000000000005,33.912000000000006,33.108000000000004,32.188,31.799999999999997,30.784000000000006,29.992000000000004,29.784000000000006,28.604,27.524,27.396,25.879999999999995,25.0,23.959999999999994,22.947999999999993,22.263999999999996,21.203999999999994,20.188000000000002,18.896,17.831999999999994,16.86,15.915999999999997,15.007999999999996,14.248000000000005,13.280000000000001,13.067999999999998],"train_loss":[1.6671082682800293,1.393575147781372,1.3336476291656494,1.3005144437026979,1.282594193382263,1.272543049659729,1.2590777822494508,1.2479824307632446,1.2376121350860596,1.233300390586853,1.2192357834625245,1.2004310850143434,1.1879557318115235,1.1855015409660339,1.1675554767227172,1.1479981063079834,1.1422523623657226,1.1241770039367676,1.097619651222229,1.0870711908340454,1.0631470092010498,1.0489250517463684,1.035787190361023,1.0058434031677246,0.9979463856124878,0.976662610206604,0.9565732396316529,0.937490143699646,0.920477287158966,0.8906139186859131,0.8743177823066711,0.8605529758834839,0.8305057985305786,0.8040615807914734,0.7902992071533204,0.7547804312133789,0.7291103086471558,0.7036519279098511,0.6707448554420471,0.642415224647522,0.6119907388114929,0.5860327370071411,0.5475253997039795,0.5230191740798951,0.49270795305252074,0.4668005394268036,0.43710402490615846,0.42237786827087404,0.3965623030662537,0.3891766837501526],"valid_acc":[63.772,49.924,53.116,45.008,53.82,55.74,46.352,45.656,51.864,49.116,47.616,48.732,49.244,48.06,45.74,51.148,44.212,42.22,40.384,41.32,45.152,42.236,39.404,43.436,36.364,33.932,39.572,31.816000000000003,31.396,34.768,33.2,33.879999999999995,30.804000000000002,29.012,27.147999999999996,28.683999999999997,26.367999999999995,27.872,24.200000000000003,26.268,23.144000000000005,23.031999999999996,20.208,20.268,18.336,17.516000000000005,16.959999999999994,17.912000000000006,16.760000000000005,15.995999999999995],"valid_loss":[1.8180362573242188,1.3896824517059325,1.4279520217132569,1.2549041066741944,1.467128564491272,1.6313649197006226,1.28745138130188,1.2636060277175902,1.4887949686813355,1.3979925270462037,1.3879835985946656,1.5424761265563964,1.3877265048980714,1.3343719934082032,1.2811565077209472,1.4715831610107422,1.2898828044509887,1.2086263818740846,1.1727884559631347,1.21902300617218,1.345320977897644,1.2284291025543213,1.1658007037734985,1.3487672840881348,1.0333570323944092,0.962876637134552,1.153536836242676,0.9252659577941894,0.8931838015937805,1.0741108236312866,0.953254462299347,0.9716144560623169,0.8975741736602784,0.8505766857719421,0.7960384082412719,0.8291394578552246,0.782961282081604,0.8094994783210755,0.6995726776504516,0.7467289487838745,0.6663737977027893,0.6752154545974731,0.5868466052818299,0.5973110350131988,0.5333019264411927,0.5048531130886078,0.4927883193397522,0.5195218277931213,0.4886560096549988,0.4687933652114868]}