{"train_acc":[61.156,51.22,47.644,45.98,45.704,45.376,45.34,44.928,44.168,44.808,43.236,43.176,42.696,42.156,42.072,41.712,42.108,41.188,41.16,39.916,39.312,38.784,38.432,37.58,37.504,36.616,35.916,34.760000000000005,33.900000000000006,32.903999999999996,31.884,30.408,29.623999999999995,28.976,27.611999999999995,26.92,25.492000000000004,24.988,23.123999999999995,22.512,21.816000000000003,20.067999999999998,19.268,18.200000000000003,16.971999999999994,16.596000000000004,15.367999999999995,14.736000000000004,13.715999999999994,13.468000000000004],"train_loss":[1.6659904907226561,1.4147563766479492,1.3314142328643799,1.2930485489654542,1.283136677722931,1.2769164879226684,1.2725150398254395,1.2459661883544921,1.2412075438308716,1.2520597998428344,1.2224640549468995,1.2174907723236084,1.2044176428985596,1.1966114348602295,1.1848518176651002,1.1784111560821533,1.1816141599273682,1.157768493232727,1.156273784942627,1.1332211603546143,1.1162447272491456,1.1053150188064575,1.0891581019973755,1.0692259266471862,1.0626541066741944,1.043271547012329,1.0218621982574463,1.0005476558685302,0.9752771466445923,0.9449109912490845,0.9188744987869263,0.8800120486259461,0.8504914672088623,0.8250129564666748,0.7977579414367676,0.7704328709793091,0.7366076357841491,0.7210834450912476,0.6782774258804322,0.6543907493019104,0.6345014745140075,0.5896756701278687,0.5639325166130066,0.5363434322547913,0.5083734180259705,0.48339770478248595,0.45139525815963744,0.43278477491378786,0.41282712401390076,0.39747837165832517],"valid_acc":[53.796,56.812,54.464,47.912,48.9,49.808,47.872,50.404,46.604,44.76,41.308,48.3,44.1,54.496,49.724,47.684,44.808,43.912,42.624,47.416,42.672,41.544,38.872,39.244,39.516,43.176,39.128,37.664,34.488,35.42,30.924000000000007,30.415999999999997,31.072000000000003,30.232,28.628,27.560000000000002,26.548000000000002,24.971999999999994,24.436000000000007,23.311999999999998,21.947999999999993,22.483999999999995,21.555999999999997,19.644000000000005,19.504000000000005,19.084000000000003,17.123999999999995,18.004000000000005,18.024,17.004000000000005],"valid_loss":[1.4884825594329834,1.6454633292770386,1.5040491917037964,1.369837653312683,1.3539573908615112,1.435560164489746,1.3596489980316162,1.4051745669555664,1.3092309252738952,1.2580615803527833,1.1898753721618653,1.3594120790863038,1.2274853008270263,1.6798088599014283,1.3873888887023926,1.317023112335205,1.2799065991592407,1.19742319480896,1.2108303796958924,1.3560774787139893,1.2099931034469604,1.1725653408813477,1.0859468161773682,1.1244598783111572,1.1115898871994019,1.226075091934204,1.1008487306976318,1.093077342300415,0.9920184973907471,1.006268540725708,0.891772685661316,0.8716266486740112,0.8927244981193543,0.8568409858322144,0.8247704642295838,0.8087438581466675,0.7593805077743531,0.7206024962997436,0.7069928402137756,0.6741856455802917,0.6267598708534241,0.6424929635620117,0.6236458651924134,0.5696549493026734,0.5646984915065766,0.5606882956314087,0.499298086681366,0.5221834517097473,0.5246038087654114,0.49531521812438967]}