{"train_acc":[13.256,15.628,17.016,19.52,21.72,23.876,25.648,28.008,29.14,31.02,32.308,33.472,34.744,35.716,36.208,37.488,38.084,38.084,39.068,40.348,40.896,41.612,42.684,43.072,44.164,45.56,46.42,47.284,48.44,48.072,49.36,49.328,51.188,51.716,52.488,52.244,52.82,53.268,54.588,55.148,55.032,54.924,56.036,55.88,57.176,57.08,57.244,57.568,56.948],"train_loss":[2.4244587507629394,2.478271856994629,2.3110023124694825,2.119832383651733,2.019812021636963,1.9662288641357422,1.9200368837738038,1.8628284966278077,1.8264229388427735,1.7951265561294556,1.7735456973648072,1.744888483581543,1.7177586349487304,1.6887693695449828,1.6798803750228881,1.66769583442688,1.6491198741912843,1.6500455364227296,1.6286956336593628,1.598710132408142,1.584869435157776,1.5736286991119384,1.5506068844985963,1.528242589416504,1.514972067565918,1.475923388710022,1.4666141443252563,1.4367651110458375,1.4162021337127686,1.4209126651763917,1.3820139416503907,1.3870686129379273,1.3562799990081786,1.331109567298889,1.3197533689498901,1.318043035812378,1.2974141005325317,1.2917425638961793,1.2689951353073121,1.2543698329925537,1.2469913793563843,1.2451611758804322,1.2354023739624023,1.2267077002716065,1.1965348257446289,1.1870362550354003,1.1972609218597412,1.1827458660888672,1.1975401682662963],"valid_acc":[11.5625,16.875,17.65625,10.9375,12.34375,9.6875,24.6875,28.90625,24.21875,12.1875,9.84375,30.625,40.625,17.96875,9.375,31.71875,14.53125,22.5,30.46875,22.96875,27.34375,11.71875,37.8125,33.28125,22.1875,26.09375,11.5625,12.34375,37.5,38.75,15.78125,34.21875,45.625,39.375,16.25,30.625,35.78125,13.75,50.3125,28.084415584415584,10.625,31.25,43.75,10.3125,12.96875,50.0,38.75,31.71875,36.40625],"valid_loss":[3.675831913948059,8.262669134140015,2.21138391494751,2.5377469301223754,18.59289050102234,2.599594974517822,1.8443142294883728,1.8622612595558166,2.1522061824798584,2.5486188650131227,2.716267204284668,1.8545331954956055,1.744228231906891,2.1256133794784544,2.8708290576934816,1.9934955835342407,2.353116774559021,7.917368412017822,2.403905153274536,13.005953693389893,2.4476191639900207,3.79918897151947,1.8757596969604493,1.9182787179946899,6.397792339324951,2.1285598397254946,3.2075621366500853,2.5819236040115356,1.8449687838554383,1.6287523746490478,2.728769326210022,2.068969213962555,1.568615186214447,2.0473043441772463,2.825015425682068,1.7702230215072632,2.184771955013275,3.7495018005371095,1.3852402329444886,2.43261000707552,3.824384927749634,1.817815327644348,1.5948996543884277,13.84678258895874,3.013572597503662,1.3497781157493591,1.6737704634666444,3.987712097167969,1.7069459438323975]}