{"train_acc":[37.572,51.084,57.58,60.832,63.356,64.8,66.244,67.06,67.952,68.548,69.116,68.984,69.428,69.768,70.06,69.62,70.18,70.36,70.104,70.076,70.672,70.576,70.548,70.404,70.632,70.82,70.676,70.572,70.216,70.288,70.6,70.216,70.392,70.504,70.416,70.4,70.348,70.396,70.228,69.756,69.82,69.784,69.74,69.404,68.768,68.288,68.14,67.068,66.516,65.436],"train_loss":[1.6968281466293336,1.3465855585098268,1.1844537692451478,1.1031813402175903,1.0405618941116332,1.0059760275650025,0.9743787422561645,0.952325421409607,0.9306223354721069,0.9189122867012024,0.9022211423873902,0.8995248857879639,0.8876805804061889,0.8768103121566773,0.8841454786872863,0.8899028172492981,0.8823346943855286,0.8792508057022095,0.8849078828620911,0.8773063230133057,0.8681106521987915,0.8658932739830018,0.8742753155136108,0.8729141255187989,0.8721545349502563,0.8712867150497436,0.8716172518539429,0.8811345729446411,0.8796667262077331,0.8881005180358886,0.8832584746932983,0.8975662154579163,0.8885188288116455,0.8853131716156006,0.8976249052619935,0.8915093629264832,0.8994025319099427,0.9058121734237671,0.9016473558235168,0.9165434608078002,0.915018190574646,0.9204423224258422,0.9287757946586609,0.9377868644332886,0.9582291554641723,0.9694114988327026,0.9791041830635071,1.0131165072631836,1.0247381546020509,1.0628618001174928],"valid_acc":[45.052,53.196,60.424,60.26,65.484,67.264,65.78,68.34,70.512,70.556,70.408,71.124,69.96,72.364,73.636,73.5,73.176,74.26,75.184,73.04,74.328,73.256,74.996,75.484,75.976,76.024,76.9,75.224,77.54,77.94,77.4,77.304,77.748,78.212,77.992,78.3,77.768,78.852,79.252,78.876,78.824,79.28,78.708,79.604,79.436,79.42,80.032,79.648,79.748,79.816],"valid_loss":[1.5021069192504883,1.2958396074676515,1.1094857655715942,1.1198137691116332,0.9725317887496948,0.9310437526321411,0.9664586202812194,0.8945159259796143,0.8324055954742432,0.8225869978713989,0.838994044303894,0.8287955638313294,0.850011641960144,0.7798105521202088,0.7621271290206909,0.759186729221344,0.7604208363723755,0.738146964969635,0.7164109869384766,0.7758163158416748,0.7392283665657043,0.7693950975418091,0.7205677068710327,0.7042812665557862,0.6903065462684631,0.6915948266220093,0.6597822547340393,0.703702204246521,0.6489451742362976,0.6425347614860535,0.6498840919303894,0.6566496098709107,0.6456126551437378,0.6327442307090759,0.6395898202896119,0.6253081811141967,0.6323583109664918,0.6119615138626099,0.6038120485782623,0.6072751050376892,0.6088156786727905,0.6074152026462555,0.6086236360931396,0.5862606404781342,0.59813158203125,0.5927394784164429,0.589189488697052,0.5863893335723876,0.5894617478561401,0.5932483313179016]}