{"train_acc":[40.2,52.672,57.564,60.076,62.3,63.732,65.128,65.308,66.076,66.332,67.144,66.756,67.392,67.196,67.48,67.828,68.284,68.224,68.304,68.572,68.276,68.872,68.704,69.292,69.472,69.56,69.644,70.348,70.372,70.436,71.076,71.02,71.464,71.788,72.024,72.024,72.684,73.184,73.592,74.016,74.096,74.944,75.376,75.516,76.052,76.16,76.74,76.544,76.876,76.672],"train_loss":[1.628187005996704,1.3062776412582398,1.1866442778778077,1.1229497326660156,1.0626677888107299,1.0320955597305297,1.003070781841278,0.9949455035591126,0.9765382069778442,0.9672539054489135,0.9537336940002441,0.9559618121337891,0.9445339677810669,0.954882042388916,0.9361499655151367,0.9328101265335083,0.9246771807098388,0.9300303831100464,0.9224725627136231,0.9159820329475403,0.9202773564147949,0.9129155560302734,0.9092108932495118,0.9057420593833924,0.8946769051742554,0.8953209098625183,0.8943768910598755,0.8737933139228821,0.8679716994094848,0.8773299519348144,0.8585925136184692,0.8569401840591431,0.8426743289184571,0.8340563451194764,0.8267201476669311,0.8214512117004394,0.8098534569740296,0.8039499547195434,0.7870735820007324,0.7821580011367798,0.7720676992607116,0.7515965509796143,0.7416983813095093,0.7367120212554932,0.7262803864383698,0.7209343595886231,0.7111086131668091,0.710359897594452,0.7090141103744507,0.7130209422492981],"valid_acc":[46.908,53.696,55.544,60.244,59.256,63.68,61.648,68.38,67.032,67.58,69.44,68.564,70.76,69.108,69.36,68.912,70.528,70.676,71.24,72.276,71.5,68.804,72.3,73.256,71.948,72.98,71.248,74.644,73.86,74.688,75.58,75.592,75.388,75.28,76.572,77.164,77.472,77.824,77.852,79.16,79.348,79.844,80.208,80.764,80.88,81.16,80.988,81.728,81.34,81.868],"valid_loss":[1.4488332245635986,1.2772127412796022,1.2895232234573364,1.1342641851043702,1.1769053532218934,1.0305920832443238,1.1049806363296508,0.8982996668624877,0.9362405843734741,0.9336198196792602,0.8664316456604004,0.9015401114082336,0.8375670442390442,0.8897034696578979,0.8928442342376709,0.900673610610962,0.8404775915908813,0.8377748938179016,0.8150984244728089,0.7866560842132568,0.8122055813217163,0.903235256652832,0.7967567896652221,0.7837374070167541,0.7875696774673462,0.775298959236145,0.8386305095672607,0.7340213988876343,0.7401728451156616,0.7153063833236695,0.7166736812973022,0.700016799621582,0.69962071559906,0.7104676744937897,0.6823245726203918,0.6479129495048523,0.6551046700668335,0.6371156045150757,0.6377541859436036,0.6019234117984772,0.5927837562561035,0.5855524329185486,0.5712783560848236,0.5552714067459107,0.5507485960578918,0.5426644521331787,0.5531622802639008,0.5321384495449066,0.5389274158096313,0.5253180407524108]}