{"train_acc":[50.61974445779185,18.117287321175056,14.876597138800918,14.169487823522985,13.533362454952496,12.790761166320848,12.760729496560003,12.528666593862624,11.67958938516982,11.66593862618761,11.523970732772739,11.335590258818385,11.106257507917434,11.018892650431368,10.68308397946926,10.52200502347931,10.371846674675112,10.265370754613954,10.008736485748614,9.896800262094573,9.749372065086817,9.405372938735397,9.353500054603032,8.946707436933494,8.87572349022605,8.777438025554218,8.586327399803423,8.515343453095994,8.223217210876925,8.114011139019325,8.01026537075461,7.5843616905099935,7.3004259036802495,7.158458010265377,6.697062356667033,6.612427650977395,6.429507480615925,5.96811182701758,5.695096647373589,5.473954351861963,5.17636780605001,4.9060827782024745,4.635797750354925,4.269957409631971,4.147100578792177,3.688435076990274,3.475483236867973,3.4263405045320496,3.0605001638091096,2.9212624221906793],"train_loss":[1.4491719918518176,0.5727245744899122,0.476379448739777,0.45006417579345986,0.43571727581389724,0.416964170439894,0.4119724791695929,0.4019631358965836,0.3847340343267204,0.38414632797605724,0.3795259615551427,0.37361052165216163,0.36281369650117873,0.3581962027025884,0.3535494953703123,0.3463579014397688,0.34432109459409604,0.3358004338468958,0.3338486580227978,0.32707055695611237,0.3251230544870866,0.3121367476110025,0.3086853143923327,0.30622860671157226,0.2990331048738023,0.2920201128521405,0.28809161252026166,0.2823713162886051,0.27317595701232233,0.27418450996372473,0.2669170589846425,0.2541483816288699,0.2463844822811432,0.23959577162999754,0.2281357576209957,0.2240535986661729,0.2192522422239173,0.20544040731966098,0.19572904485095677,0.1881705854896428,0.1801813055255781,0.16909287992953942,0.16170291897620198,0.1478740987890189,0.1449838044589506,0.13240962111511853,0.12417468143183813,0.12208926525551561,0.11233555562236859,0.10635926966321797],"valid_acc":[20.05241748549767,18.676458545859674,15.646072782610048,13.942504573295992,13.306396571022958,15.323923668081221,16.795435311860743,12.634797566229096,12.072401649383238,12.956946682632534,11.073193372413854,11.684730678919621,11.572797508503228,10.134046794565705,10.297851428570581,12.192525048875453,10.494416990751148,9.637172730322007,10.54901853555829,10.172267876222307,9.309563461687375,10.617270467087963,9.7081547401543,10.44800568064359,8.646154684511316,8.973763958561435,8.856370633622674,8.501460592376176,9.544350104483115,8.725326925085724,8.179311475556176,8.354036419230667,8.157470857466677,7.614185483532012,7.786180347237561,7.196483660487587,7.491332003029427,6.492123727101472,6.475743262909489,7.092740723937638,6.227306231100087,6.306478471674495,5.7904938697268165,5.847825495544342,5.563897456631764,5.8723961888121465,5.563897458298072,5.7249720154583486,5.637609542683805,5.569357611154132],"valid_loss":[0.6330673801895377,0.5769809817157385,0.5033205320662039,0.45116961405094935,0.43289403044955177,0.49946733796611825,0.5262859214730161,0.4138398366473798,0.400343612482046,0.4282265712397407,0.36426576401655625,0.3850966011714042,0.37512891618437544,0.3418338479202995,0.34481262791807343,0.40007667771564914,0.3487839136575643,0.3217762737934151,0.3506932336795457,0.3413216474190232,0.3153884906478692,0.3433593197786049,0.326166760579267,0.34959329450520027,0.2915992785853671,0.3045706536483861,0.29744155058182803,0.2882565393026483,0.322124768425539,0.2982541297306713,0.277603371749688,0.2833267293233583,0.27946266026926353,0.26836114809083433,0.2644527439605598,0.2534875831024647,0.25917938626270765,0.23201345407277563,0.23121552629713482,0.24307950105003587,0.2221451980082958,0.22359777957102556,0.21056336595696493,0.2150897315296443,0.2056742852056447,0.21462296287581878,0.20409206963403104,0.21412575332287043,0.20913110612853095,0.20771982314747478]}