{"train_acc":[37.712,51.016,57.092,60.156,61.488,63.204,63.916,63.836,64.86,64.828,65.26,65.692,65.952,65.94,65.308,65.74,65.88,65.788,66.332,65.408,65.928,66.124,65.576,65.536,65.816,66.448,65.98,66.06,65.888,65.684,65.836,65.804,65.94,65.9,66.248,66.284,66.496,66.804,67.036,66.788,67.404,67.34,67.628,67.184,67.508,67.212,66.808,66.404,65.636,64.704],"train_loss":[1.6944730918121338,1.3569818509674072,1.2070420373344422,1.1342008968353272,1.0938347119522094,1.0587431731033325,1.0411311922454833,1.0366909745025634,1.012062266407013,1.0137854114151001,1.0030063896560668,1.0016668421936035,0.9934921363067627,0.9900816717147827,1.0049853953933716,1.001700030708313,1.0059895394325256,1.0008011666488648,1.003362892112732,1.0091525973129272,1.006237147026062,1.0051716424751282,1.0123437802314759,1.0158171095275879,1.0026233351325988,0.9947031184005737,1.0074702196884155,1.0132484033203124,1.016236720237732,1.0177215279769898,1.0182597357177734,1.0173414944839478,1.010719764175415,1.0122766172790527,1.0061610420227052,1.0040930964660644,1.0012625268936157,1.0010641537475586,0.9961113431167603,1.007951820449829,0.9892902236938477,0.9922051779174804,0.9900273509597778,1.0025444841003417,0.9993858311462402,1.0061140535354614,1.019105186328888,1.0322874515533447,1.048331496295929,1.0878768690872191],"valid_acc":[41.8,54.532,57.512,58.492,62.112,64.748,61.108,59.372,66.468,67.324,64.26,66.704,67.156,67.32,67.152,69.444,63.464,71.612,70.936,66.528,69.78,70.08,71.384,70.932,71.012,71.812,72.46,72.476,73.096,72.812,75.012,71.928,74.252,74.476,74.92,75.276,73.656,75.712,76.168,76.308,76.456,76.772,77.112,77.428,77.44,78.084,78.096,78.208,78.728,78.364],"valid_loss":[1.6265458423233032,1.2712966649627686,1.2026655421447754,1.14453554145813,1.082442745780945,1.007262459373474,1.0903209820365907,1.2027599739456176,0.9614937187194824,0.9086866127204895,0.9985630832672119,0.9409768736648559,0.9346544770812988,0.9388634702301025,0.9508520695304871,0.8743150043296813,1.0444209727478027,0.8145154358863831,0.8273671108055115,0.9737500168228149,0.8744183238601685,0.8695659191513061,0.8140732236862183,0.834838974494934,0.8289040867996216,0.795187726097107,0.7894424449920654,0.7929579635620118,0.7697675300216675,0.7744327379417419,0.7150325002384186,0.7945566236495971,0.7389896268844605,0.7385453427886963,0.7134540466499328,0.7161927599525452,0.7467267283630371,0.6875763037490845,0.6886341289710999,0.6730375707626343,0.6717403357124329,0.6675622186660767,0.6567784622764588,0.6502360486793518,0.647429735584259,0.6301904846954346,0.6301266520690918,0.6312372211837769,0.6158957718849182,0.623950897769928]}