{"train_acc":[21.836,21.256,21.692,21.204,20.836,20.504,20.84,19.968,20.368,20.508,20.08,20.84,20.536,20.328,20.628,20.104,20.716,19.944,20.428,20.276,20.028,20.072,20.296,20.564,21.304,21.096,20.96,20.892,20.708,20.984,21.768,22.204,23.22,23.0,23.104,22.732,24.092,24.304,24.86,25.248,26.652,27.844,28.444,29.752,30.74,32.144,33.196,33.952,33.756,34.432],"train_loss":[2.071954929885864,2.0870266443634033,2.073926148338318,2.0864995133972166,2.087080189971924,2.086702497253418,2.1066138105773926,2.100705187225342,2.1010447448730467,2.108414804916382,2.116080715637207,2.099570573730469,2.0907896822357177,2.108444825973511,2.1027238162231447,2.115180504684448,2.0892211183166505,2.1067638736724854,2.104325416946411,2.103003494796753,2.1123750705718995,2.1042205448150635,2.09134474357605,2.0813173920440673,2.0832715901184082,2.084938861846924,2.085800096435547,2.085399817352295,2.0782938243103026,2.065262427902222,2.0582575493621826,2.042089122314453,2.034818395843506,2.021059075393677,2.0169048404312133,2.0186555362701415,1.9865805850982665,1.98101235206604,1.965203363571167,1.9577388076400757,1.9376985052490234,1.9098823152160644,1.8865423596191406,1.87355234375,1.8340735134506225,1.821885570678711,1.7974704733276368,1.7943810236358642,1.7813481808853149,1.773530909423828],"valid_acc":[17.416,12.392,9.852,18.552,10.328,18.308,12.276,17.888,17.572,18.688,15.492,20.256,13.572,16.844,17.288,15.764,12.188,13.784,15.056,15.4,16.728,20.748,20.14,18.26,11.392,21.356,15.288,21.12,17.468,19.376,22.856,21.152,20.352,22.42,16.428,19.6,19.624,26.16,21.976,25.78,26.376,27.74,32.048,27.892,31.248,29.972,34.84,33.672,36.42,37.396],"valid_loss":[2.215746446914673,2.82703445602417,3.8288100732421877,2.1455173666763305,5.044948774871826,2.272017019882202,3.2197565198516847,2.5320136698913576,2.274325828704834,2.3534655909729003,2.4705804194641114,2.1546242037963865,4.041327332611084,2.537600239868164,2.4519914974975587,2.232953933792114,3.1509016999816897,2.459498173675537,2.279051139373779,2.332173231430054,2.1841116161346434,2.2561167805480955,2.1297291667175293,2.1871622956848142,2.4547242787933348,2.0708832820129395,2.2070026737976076,2.0402294564819337,2.4357617068481447,2.1469637084197997,2.0146974533843993,2.09306430934906,2.179815363922119,2.099657182006836,2.112318332519531,2.0904515769958496,2.1755788233947753,1.9145010452270508,2.0797796368408203,1.8899315985870362,1.9688082330322265,1.9090842398452759,1.8152769510269164,1.9725437842559814,1.8490313640594482,1.8286534560394287,1.7474961995697023,1.7945557802963257,1.7392600357818604,1.693163885536194]}