{"train_acc":[21.704,21.436,21.296,20.776,20.864,21.144,20.704,19.692,20.736,20.404,20.172,20.432,19.956,19.416,20.268,20.196,19.98,19.592,19.712,19.372,19.544,19.68,20.66,19.812,20.504,20.276,19.692,20.896,20.912,20.92,20.972,21.74,20.836,21.432,20.944,22.052,22.344,22.104,23.236,23.632,23.496,24.292,24.44,24.712,25.352,26.404,26.92,27.564,28.024,28.3],"train_loss":[2.072783535194397,2.068010637435913,2.079928426780701,2.082868409957886,2.0973849519348144,2.084802451095581,2.1007681675720216,2.1202343534851074,2.106026714477539,2.1050430316162108,2.1146438317108154,2.0988925593566896,2.109064274139404,2.1235060276031494,2.1096507061767578,2.1107210775375367,2.1173656898498536,2.11778438999176,2.1201036347961426,2.119282054901123,2.115331366844177,2.110977452926636,2.1075723329162597,2.1076346653747557,2.0927954919052123,2.090883421859741,2.1246911212921145,2.0791750106430054,2.072080400161743,2.0862049867248533,2.079374850234985,2.0611155612564085,2.068014029006958,2.0675905070495606,2.051623579788208,2.046857857208252,2.0351018001556396,2.0291909020614622,2.0100145707702635,2.016649138832092,1.993415933265686,1.9843931045532226,1.9814460343933105,1.9750845781707764,1.9581958323669433,1.9424162096405029,1.9267214657592773,1.9139700794219972,1.9000282300186158,1.901776449508667],"valid_acc":[20.724,15.544,15.94,8.924,21.004,9.908,12.184,15.94,13.096,21.876,19.296,17.672,19.156,19.996,20.096,14.984,19.256,17.304,16.9,15.904,19.06,13.448,21.664,18.728,19.24,20.04,18.66,20.84,21.784,19.44,21.3,22.096,22.816,19.8,18.74,24.404,21.568,23.78,25.868,25.264,24.412,24.184,22.524,25.236,22.916,27.752,31.028,29.732,27.068,27.82],"valid_loss":[2.1560939014434815,3.3767474794006347,2.452891728897095,3.7657359257507323,2.5743295963287354,3.6225529890441894,2.3660363149261476,2.5031054809570312,3.9019077668762208,2.1019750540924074,2.1309601537704466,2.2456789730834963,2.0913135372161866,2.2517123569488526,2.290480780105591,2.436980072555542,2.130305567474365,2.182416424407959,2.144747170448303,2.221672774963379,2.1251543074798582,3.040983528289795,2.0383576569366455,2.1218749578857423,2.1685056640625,2.0856598709869383,2.189360810165405,2.05858173828125,2.056620375404358,2.166005535888672,2.122376219100952,2.038170026550293,2.0237831577301026,2.0534225363159178,2.316759120788574,1.9919239350891114,2.0412214852905275,1.9750620233535767,1.9444825724029542,1.9583426175689698,1.9602235276794433,1.9490965481567384,2.1008499839019774,1.9411244829559327,1.9783499673843383,1.8774719589614868,1.8499711672210692,1.8389497115707398,1.907282296066284,1.8665655945205688]}