{"train_acc":[20.54,20.404,20.72,21.252,21.224,20.076,19.952,21.18,19.888,20.224,20.48,20.328,20.008,19.396,19.184,19.892,19.48,20.232,20.112,20.812,20.6,20.968,20.064,20.396,21.16,20.004,20.34,20.796,20.312,20.772,20.224,21.02,21.816,21.48,22.12,22.28,22.66,23.124,23.528,23.472,23.792,24.064,24.792,24.816,26.064,25.6,26.856,26.992,26.96,28.06],"train_loss":[2.0913645624542236,2.0857012163543702,2.091899705123901,2.072683322601318,2.0836972633361817,2.111431185684204,2.0991428467559814,2.090437992553711,2.1117703118896483,2.1109119229888917,2.117640190658569,2.1065210746765137,2.10526062789917,2.1438643155670167,2.1273216300964357,2.126500637741089,2.1259566094207765,2.102447061004639,2.1043661085510252,2.095325520782471,2.0868371327972413,2.0911469679260253,2.104965200958252,2.0897789576721193,2.0827960903930665,2.0860898499298095,2.087504593887329,2.0964902350616454,2.098918727684021,2.0845516806030275,2.079068395462036,2.0758674716186523,2.052893040008545,2.062049658508301,2.0483857109832764,2.033749793777466,2.0258130919647215,2.0201579944610595,2.009275630531311,2.0057153701019286,1.9964859860992432,1.9931568563842774,1.9786733153533935,1.974203585472107,1.9514110901641846,1.9478204651641846,1.9273619127655028,1.923244737586975,1.9165543311309814,1.903044395904541],"valid_acc":[10.876,14.232,17.764,14.964,9.296,18.376,12.412,11.708,16.54,18.204,14.972,12.612,14.836,16.872,19.328,18.808,17.196,16.244,14.276,20.44,22.08,14.364,15.524,18.02,18.276,17.68,17.164,14.42,20.14,18.872,17.848,21.3,23.112,22.668,24.996,17.724,23.828,18.4,22.26,18.348,26.972,21.312,25.732,25.992,24.684,25.896,29.668,25.196,28.744,31.036],"valid_loss":[3.4234097770690917,2.365557891921997,2.1326664471435546,2.214535138397217,2.9457350324249267,2.1773880368041993,3.4694019831085203,2.433885158004761,2.1949865607452392,2.1591498793792723,2.4208372735595702,2.538442653579712,3.286467541503906,2.2336415419006346,2.166968452911377,2.1747941443634033,2.2916796533203123,2.1913380010986327,2.3877644773864746,2.126241771697998,2.0442316149139406,2.741749534301758,2.2211362269592283,2.1228055506896975,2.118267033996582,2.2439909267425535,2.1250255487442016,2.628372889022827,2.0555361504745484,2.1092401426696776,2.1685056240081786,2.0574289039611817,2.0676312141418456,2.0166313039398194,1.9496608779525757,2.097625351333618,1.9761634762954712,2.328142380981445,2.0796294575500487,2.0780159106826783,1.935703383140564,2.037761835479736,1.9047033605194092,1.9456046975708008,1.956469819946289,1.9028631856536866,1.8355933669662476,1.959806005935669,1.8607495696258545,1.821480939102173]}