{"train_acc":[13.983837501365075,15.840340722944196,17.87430381129191,18.319318554111607,18.32750900950093,18.671508135852353,20.650868188271268,25.20476138473299,30.80703287102763,39.052091296276075,45.66178879545703,52.978595609915914,59.315277929452876,63.59069564267773,67.23271813912854,70.01201266790433,73.138036474828,75.0409522769466,77.6837392159004,78.87135524735176,80.11903461832478,81.17014305995413,81.76804630337446,82.62531396745659,83.18226493393033,83.96035819591569,84.27978595609916,85.22441847766736,85.67216337228349,85.5902588183903,85.36365621928579,86.43387572349023,86.79152560882385,86.82155727858469],"train_loss":[2.6305405783239273,2.5106955508263047,2.2649792762800924,2.2522975014354043,2.244068584106785,2.2366956449875057,2.2068616195681625,2.110763269141471,1.9570546985987403,1.7506335211773945,1.565207455243374,1.3845610115691358,1.217397878807133,1.1018126060104245,1.0022482187112398,0.9203562939597931,0.838545342453497,0.7744515149682138,0.7017991731973198,0.6629646702261618,0.6306693011578923,0.6036864987650695,0.5759578452052879,0.5465035436584841,0.5393318835435585,0.5201852209341243,0.5060435310648924,0.4791850895552027,0.47005312662399584,0.46910865673874874,0.47049207866120263,0.4383641973099614,0.427349461333075,0.41980301431658174],"valid_acc":[11.71875,9.6875,15.78125,13.90625,17.96875,14.6875,20.625,24.84375,20.15625,33.59375,27.03125,47.1875,46.09375,68.125,33.59375,56.71875,74.6875,61.71875,65.3125,76.5625,78.4375,58.125,80.3125,79.6875,81.09375,84.0625,73.125,83.4375,79.6875,85.625,79.375,89.0625,84.21875,86.5625],"valid_loss":[2.4170406103134154,7.193424320220947,2.2664647817611696,2.318855309486389,2.3637411117553713,2.279513931274414,2.226344347000122,2.156534433364868,2.2773717880249023,2.0175639510154726,2.0336141109466555,1.477331805229187,1.5891795039176941,1.1484373211860657,3.369411516189575,1.2837836861610412,0.8059221029281616,1.149125337600708,1.0979427099227905,0.6894451469182968,0.6978442430496216,1.2762132644653321,0.6138968706130982,0.6504469156265259,0.5942211717367172,0.48173876106739044,0.9421144485473633,0.5318269699811935,0.6753706097602844,0.4679976999759674,0.7037636041641235,0.3378430411219597,0.4866280436515808,0.40087310373783114]}