{"train_acc":[1.544,2.376,3.86,5.672,6.868,8.044,8.776,9.852,10.26,11.688,12.596,13.516,14.18,14.848,15.632,16.26,17.4,18.376,18.704,20.364,20.984,21.296,22.624,23.808,24.368,25.64,26.296,26.968,27.828,28.44,29.372,30.204,30.276,31.628,32.62,33.152,33.728,34.284,34.596,35.132,36.672,36.668,36.972,37.424,37.632,37.884,38.404,38.772,38.944],"train_loss":[4.790992383728027,4.638365379638672,4.361847723846435,4.17309915435791,4.054809140319824,3.983024850387573,3.9188774519348146,3.863316159744263,3.808439388580322,3.7471102714538573,3.6902996936035155,3.634869301223755,3.5846433722686766,3.5482765437316894,3.4967641273498535,3.4578427143096926,3.4151394616699218,3.368213575286865,3.323423297653198,3.255483323135376,3.2094015016937254,3.1610597274017334,3.1128710247802736,3.059749899368286,3.0227401884460448,2.9601241930389404,2.9366888093566894,2.8798078065490724,2.8362870991516114,2.8135485572052,2.7723340814971924,2.7316873263549803,2.701680805130005,2.6587777256774903,2.6242304052734373,2.600567970123291,2.556748188934326,2.528188787918091,2.5178654795837403,2.478825544128418,2.4318643448638917,2.4097514308166503,2.4139792401123046,2.379271241607666,2.383171703796387,2.3514061546325684,2.335845875091553,2.321509494934082,2.3131695919036863],"valid_acc":[1.25,0.9375,5.0,7.03125,5.0,7.03125,7.8125,8.4375,5.3125,7.34375,9.53125,9.84375,8.59375,10.46875,19.0625,14.21875,14.375,12.65625,19.21875,17.03125,17.65625,8.75,21.40625,14.84375,15.78125,23.4375,17.1875,17.5,22.03125,26.875,27.1875,26.09375,23.125,22.5,27.1875,28.125,29.375,33.28125,30.15625,24.675324675324674,32.5,33.90625,34.84375,32.34375,29.21875,24.6875,38.4375,25.625,36.09375],"valid_loss":[27.725745391845702,4.590625858306884,4.302425861358643,4.138958978652954,4.076996326446533,4.080282592773438,3.9674177408218383,4.009595775604248,4.70488977432251,4.605023002624511,3.907545328140259,3.821222734451294,3.8478508949279786,4.069697761535645,3.566880464553833,3.5718873739242554,3.6094584703445434,3.5562875986099245,3.576286864280701,3.6571901559829714,3.589645504951477,4.048171782493592,3.2079701662063598,3.6190842628479003,3.7037211418151856,3.1799925565719604,3.409718728065491,3.6598926067352293,3.1413036346435548,3.0585630178451537,2.974420952796936,3.1321486949920656,3.1635430574417116,3.202652359008789,2.9639556884765623,2.845698356628418,2.6864789724349976,2.530985641479492,2.7999212026596068,3.0095148922561052,2.859043002128601,2.5793349504470826,2.4849661350250245,2.718138408660889,2.8981906890869142,2.870461678504944,2.4343071222305297,2.8970301151275635,2.374291789531708]}