{"train_acc":[25.360380037130064,36.90619198427432,47.17702304248116,48.01790979578465,48.66768592333734,48.058862072731245,47.95784645626297,47.3162607840996,45.937534126897454,45.885661242765096,45.40242437479524,44.58064868406684,45.20858359724801,44.39226821011248,44.84001310472862,44.826362345746425,44.51512504095228,44.84274325652506,44.124713334061376,44.28033198645845,44.13836409304357,43.829856940045865,43.77798405591351,43.28655673255433,44.34312547777657,44.340395325980126,43.52954024243748,43.9417931636999,44.40864912089112,44.63525171999563,44.760838702631865,44.97379054275418,46.41258053947799,46.38800917331004,46.92038877361581,47.3162607840996,47.288959266135194,48.241782243092715,48.697717593098176,49.33657311346511,50.136507589821996,50.50507808234138,50.728950529649445,50.92279130719668,50.578792180845255,50.96920388773616,50.988314950311235,50.83269629791416,50.136507589821996,49.38298569400459],"train_loss":[2.095785843892507,1.7914845656395688,1.5264260713952824,1.512992448937988,1.506556060085836,1.5208301666822577,1.5261828553875787,1.542479498125755,1.5817184435874727,1.584742372676745,1.596921122958075,1.6174333987569813,1.6108774416334988,1.6263963473576104,1.612016994567551,1.625889994216249,1.6218801133950569,1.624937159949754,1.6345193770380406,1.6381320291905341,1.645539118458093,1.651950834333031,1.6492139716667549,1.6583011200871416,1.6436765906955786,1.6427454728675068,1.6634273610417598,1.6503142075232964,1.640087598013516,1.640366404301555,1.6381747292628699,1.63349304299981,1.5996220706005706,1.595891902211635,1.5841404465175135,1.5780515797965922,1.573978127539646,1.5480427125844551,1.5442728317758982,1.5312357654969375,1.509337684180495,1.5066226414487496,1.5005116676729657,1.4934104790239209,1.5043130152946973,1.498603480812815,1.495428384098929,1.4995085785869846,1.5242540330960785,1.5474052011699828],"valid_acc":[26.814818859217503,37.23825384289618,36.588495454733795,43.492860848795154,46.463184907924614,45.97996123206974,38.444947991871956,46.51505637640788,45.47489694041654,44.74050615549107,47.44874280025438,49.90581233365591,47.28766824132365,50.36173523679478,48.505282698667244,41.21324633466299,45.04900488600514,48.75371972943521,44.7213956153397,49.458079664487634,46.02364246939431,46.84266564712539,49.39528788695962,50.522809796350366,48.83016189389402,48.02478910069842,54.85817248753109,53.168254660148904,52.33285101822584,55.03835758406165,48.805591196772895,51.55477900055814,56.993092903696045,56.553550466727906,56.24505173454752,56.15768926177298,61.522291080004436,61.366676677158246,56.63272270574015,60.53946326701874,60.555843730585856,63.16579759165528,62.37134510891037,63.5944197217657,64.29877965671398,66.1443118825683,64.06945316469142,65.11234267846467,67.55030167207934,66.48830161810267],"valid_loss":[2.040691185125786,1.8349073092765436,1.8692099190014755,1.6300594649543607,1.569287466005037,1.575840137170116,1.8451435100586715,1.555349972158969,1.6058235798854787,1.5722016015989182,1.5092943036561777,1.4574805351637867,1.5390719954988132,1.4399783791401952,1.5139037503888682,1.7286047072456017,1.6066720189722508,1.4806507377055103,1.5934872123265547,1.500941129085385,1.6203059310451466,1.5413984371385676,1.4794731770404295,1.4518190660830514,1.481855750493991,1.5072087069011286,1.3637949981574635,1.3710877581425605,1.3832156886736544,1.3541218014515088,1.4919576703673834,1.3914353242523596,1.2462358710129844,1.2587651161919837,1.2730467419515759,1.2801189685083307,1.130675338885816,1.1558267046255817,1.2777039195660105,1.1944399968604498,1.1760184919581262,1.1124951190010408,1.1202785335290981,1.1029732944618498,1.0774867683498541,1.0229405364122193,1.0771919956091154,1.040775081746138,0.9860710228113361,1.0391373832342505]}