{"train_acc":[23.656765316151578,34.11597684831277,38.18936332860107,43.862618761603144,45.852899421207816,45.93480397510102,45.429725892759635,45.49251938407775,44.78814022059627,43.9827454406465,43.21011248225401,43.24287430381129,42.60128863164792,41.97608387026319,42.13989297804958,41.948782352298785,41.82592552145899,41.26078409959594,41.948782352298785,40.900404062465874,41.151578027738346,41.495577154089766,40.48815114120345,40.80757890138692,40.90859451785519,41.20072076007426,41.78224309271595,41.66757671726548,41.626624440318885,42.254559353500056,43.00262094572458,42.9971606421317,43.73976193076335,43.97455498525718,44.14109424484001,45.08026646281533,45.30686906191984,46.39073932510647,47.010483782898326,47.13334061373812,47.22343562302064,47.60292672272578,48.28273452003931,48.90520912962761,48.978923228131485,48.891558370645406,48.75778093261985,48.361908922136074,47.6111171781151,47.34902260565688],"train_loss":[2.1200480186823376,1.8511089657388478,1.7584174402783086,1.6147011152271413,1.5655691460567465,1.5748408135074292,1.5849467208190973,1.5886391492810092,1.6054985120565437,1.6275837200104806,1.6467802144430006,1.6447508870299055,1.6660402670455472,1.690969479244141,1.6809416270951223,1.6816143335259297,1.6968161950820109,1.7010348095726704,1.6873464069864277,1.7152974260182727,1.7082029380456738,1.7104946774817769,1.7273440857023161,1.725512632040578,1.7234761503777207,1.7123507073290862,1.701704348775254,1.7144690178569857,1.7033378999801108,1.68835531891961,1.673543918727722,1.6713843308930263,1.6578387431186061,1.636235406972363,1.641343467553474,1.625351977033283,1.613066565044012,1.5909175618423623,1.5720752429738243,1.57176417774335,1.5651865470249267,1.5617959313326506,1.542972342538641,1.536400156210145,1.5359083661947681,1.5221745303797516,1.5336260863939748,1.5585807624232422,1.563116872442124,1.585874931617271],"valid_acc":[33.62636162582573,29.65136913366838,26.81754893647869,43.78497911522138,40.096644735462576,45.54587894868667,46.13830571488486,50.26345245487134,40.08026427127059,39.80452646789076,41.61456769143254,43.228043353314476,44.97802287731844,37.63411504628894,48.54623385758504,48.022059024582816,50.80946790710864,37.388408091740715,46.411313441420084,47.63711812971408,45.90624914768401,49.346146495633405,45.97996123206974,42.52095334282339,49.08678915696627,49.13320047040644,41.781102404364916,49.25059379097115,52.87613639382682,49.37344726887013,52.75055283991638,52.2700592439263,52.45570449497923,53.474023315172246,53.255617133131736,58.401812770989,55.98569439483895,59.43105189731072,58.21616751879048,58.53285648015081,55.368696934331524,59.351879657361174,63.400584235075875,62.780856699494294,61.86355073702788,64.16227579302979,63.14395697252434,64.49807529511429,64.08310355266367,62.95831172147141],"valid_loss":[1.9208103678352682,2.114795061589628,2.259077922734657,1.6023485078289363,1.7772805936936193,1.587135012083614,1.579811538813946,1.482164820685115,1.71102991502868,1.7185562887675783,1.6855693451162996,1.6286601872606747,1.5790509693081496,1.7755569230817279,1.4897314249670226,1.529158056695207,1.479818544063278,1.6836155716755645,1.547798587686909,1.49974719892377,1.553360118210249,1.4732977850840918,1.6139558870651989,1.6705736381753942,1.4654485703054896,1.4882068850848373,1.7473303185441629,1.5071415920515845,1.4051064911272444,1.4753533948170452,1.4234112697586374,1.4187371672744062,1.3876370222947532,1.3692800401388312,1.3788610569346158,1.2695668150854071,1.2833468127287773,1.213463897256477,1.2243593886123216,1.235990791682181,1.321538443865304,1.1989545974747327,1.106914630350582,1.1072043967405178,1.1372153660163347,1.0852663208487423,1.1268320458162953,1.083950771709479,1.1091540888195532,1.1308362354090948]}