{"train_acc":[68.572,63.56,62.984,62.524,62.34,61.112,60.1,61.432,60.472,59.724,59.744,59.712,59.336,58.68,58.916,57.736,58.228,58.056,57.168,56.108,56.04,55.12,55.464,53.736,53.344,52.684,52.42,51.46,51.108,49.872,48.768,48.1,47.472,46.14,45.516,44.248,43.588,42.528,41.684,40.856,39.944,38.28,37.396,36.36,34.708,33.824,33.212,32.584,31.444000000000003,31.227999999999994],"train_loss":[1.838095839614868,1.7124009712600707,1.6896836547470093,1.6908338040161133,1.7012152859115601,1.6906324966812134,1.6545953484725953,1.6788812812805176,1.6697599282455444,1.6444101398086548,1.647058949546814,1.6427329299163818,1.6357647818756103,1.623880107154846,1.622210961303711,1.596986414718628,1.6022555799102782,1.5931378157806397,1.5827874590301514,1.5567280180740357,1.5493131039428711,1.5349069561004638,1.5335977674102783,1.503672389564514,1.4920700260162354,1.4786548023223878,1.4596343716812135,1.4442466278839112,1.4201279479598998,1.3958624870300294,1.3774305352020264,1.3601693901824952,1.3399881754684448,1.3135416248321534,1.2956750089263915,1.261844139175415,1.244619419593811,1.2110913483428956,1.1808749462890624,1.1537825239562989,1.130966255722046,1.0946056440353393,1.0717284901809692,1.0421980199432372,1.003027658920288,0.9745801705169678,0.9510663165283203,0.9288325226211548,0.90868970993042,0.8976146790695191],"valid_acc":[67.66,64.608,69.324,63.936,70.148,67.2,74.336,77.492,70.856,85.684,68.136,84.836,72.96000000000001,62.084,66.056,72.592,77.19200000000001,76.24,62.16,73.304,64.024,70.584,61.892,68.596,59.3,59.64,64.868,60.904,55.54,54.42,52.936,58.132,51.768,51.908,47.288,52.764,48.66,45.252,60.264,40.66,43.316,38.976,38.364,38.992,35.632000000000005,34.108000000000004,33.19199999999999,36.728,36.192,34.432],"valid_loss":[1.8724158850479127,1.8569086520385742,1.8299176611328125,1.7207196521759034,1.9824658557128907,1.847238994064331,2.077680358505249,2.5467093718719482,1.8643650911331178,3.0339377172088624,1.8188181715393066,4.3181914108276365,2.1405008880996705,1.6990700332641602,1.8842165713882446,2.206555618286133,2.063261675376892,2.2439622620391844,1.7049453763961793,2.5363123628234865,1.933506686782837,2.321017789840698,1.6840913047027588,2.2699164930725098,1.6264673751831056,1.7211726959609985,2.0630085818481447,1.6552739789581299,1.5741969015884398,1.4601808721923828,1.4930035763931275,1.6701147092056274,1.4204895975494385,1.4709019177627563,1.3316392042922973,1.6756074533081056,1.3782830864715576,1.2899279443359375,1.8417598011779786,1.1584432245635987,1.2356215958404542,1.1198115212631226,1.0872238246917725,1.1025963676071167,1.0170005299949647,0.9860374229621888,0.9520476070022583,1.0454758164596558,1.0395659794425964,0.9835599396896362]}