{"train_acc":[76.824,75.944,76.30799999999999,77.264,76.604,76.732,76.852,75.872,75.932,76.864,76.628,76.18,75.68,75.752,76.69200000000001,75.076,74.872,74.336,76.32,75.604,75.836,74.492,73.928,73.01599999999999,72.276,72.52,70.888,70.852,70.02,68.86,68.708,69.072,67.672,66.64,65.80799999999999,65.124,64.50399999999999,63.932,61.908,60.236,57.172,54.384,52.536,51.108,49.38,48.392,46.708,46.06,45.448,44.96],"train_loss":[2.0375942699813843,2.0014239725494383,1.9979659969329835,2.0358149215698242,2.007327546348572,2.013595989303589,2.011423787918091,1.9997513049316407,1.989883254776001,2.014577746887207,2.0060805822753904,1.9888758853912354,1.9910973890686035,1.9975454663085936,2.005337384414673,1.9740741806030273,1.9562779731750488,1.949658648109436,1.99540848903656,1.963179761505127,1.9797931546401977,1.935441567840576,1.936930359954834,1.907986543006897,1.891899220314026,1.8945256072235108,1.8701074124145507,1.8670018463897704,1.843721184387207,1.8246422207641602,1.821129418373108,1.822669369544983,1.795036625442505,1.7669033211898804,1.7550976346206666,1.732354515991211,1.7199009841156006,1.6982253036880492,1.6555646616363526,1.630305048828125,1.5726274402999878,1.5176651289749146,1.476539188270569,1.4313795724868774,1.3967414601516723,1.3648438147735595,1.3368601748657227,1.3085730158233642,1.2951017531585693,1.274649607963562],"valid_acc":[78.80799999999999,83.28399999999999,77.24,80.144,75.648,85.436,74.636,80.332,81.344,81.608,77.864,80.324,80.236,83.752,88.03999999999999,77.556,79.452,80.77199999999999,83.464,80.912,77.44800000000001,76.444,75.34,83.944,86.408,78.876,84.70400000000001,71.584,70.32,76.036,70.132,81.34,82.44800000000001,73.912,77.712,65.412,75.184,73.48400000000001,63.416,62.96,59.108,58.472,58.264,57.74,55.068,50.292,48.536,45.948,46.94,45.16],"valid_loss":[2.1498120236968994,2.239678104095459,2.152309547653198,2.16646357421875,2.010364257736206,2.331432590560913,1.9851841110610962,2.1739286604309083,2.134443323287964,2.455510322265625,2.063231502532959,2.2745081184387206,2.313231352157593,2.4785960431671143,3.1198762952423094,1.9755790619659424,2.272688151702881,2.0745265747070314,2.38989540687561,2.3640630165863037,2.043581660079956,2.043433443069458,2.0237140298843386,2.8608975545501707,3.042791880874634,2.1540421770477294,2.480765699920654,1.9293273020935058,1.862347640914917,2.1396654090118408,1.8248711000823974,2.866870960769653,2.441093125152588,2.059125537948608,2.0633515951919557,1.7660961736679077,2.1085880936050416,2.0958000849151612,1.6912041962051392,1.7314906997680664,1.5609249729156494,1.6259781700134277,1.6840100567245484,1.6459324045181274,1.5422630373382569,1.4089569382476808,1.345785021018982,1.2989806900024414,1.3050397995758056,1.2928778170776367]}