{"train_acc":[77.268,76.936,77.056,77.18,76.384,76.304,76.764,77.248,77.368,77.78,76.5,76.056,76.684,76.9,75.916,76.34,75.488,75.34,76.112,74.72,75.508,73.4,72.668,71.376,72.78,72.372,71.22,69.908,70.116,69.288,69.12,68.78,68.48,68.144,67.188,64.6,62.464,61.38,60.276,59.404,56.684,54.108,52.06,51.06,49.444,48.108,46.908,46.108,45.068,44.744],"train_loss":[2.0488157192611696,2.0143300925064085,2.0171723973083497,2.0290986157226563,2.0151139975738523,2.0076568520355225,2.0265130046081543,2.0280649828338624,2.0487018794250487,2.036242530288696,1.9964581825256347,2.0007296128845216,2.0002058574676513,2.0239333755111693,1.9919311282348633,1.9921054123687745,1.9802454369735718,1.9801653797149659,1.988224566040039,1.9491520449447632,1.953916552810669,1.9296485709381104,1.9006199615859984,1.8927198789215087,1.9124725831604004,1.8999938869476318,1.8764521506118774,1.8455015240478516,1.8455517276000977,1.8236692476654053,1.817130061340332,1.7993180738067627,1.8037213930511475,1.7836413024520874,1.7678961945343017,1.7259861437606812,1.674400444984436,1.6533518432235719,1.631620198287964,1.605865441055298,1.5563643669891358,1.5148848784637452,1.4666474127578735,1.4371550074005126,1.3927734257507325,1.35976874835968,1.3337673816299438,1.3180560341262817,1.2856956592559814,1.2724351084518433],"valid_acc":[77.496,80.384,78.752,86.856,84.512,85.328,87.056,81.488,85.628,85.644,87.78,76.936,80.872,84.036,79.444,82.672,74.756,82.86,74.27199999999999,78.304,78.624,78.564,75.732,87.276,76.512,82.3,76.02,72.812,71.956,88.98,83.388,77.724,73.936,80.088,68.408,76.624,71.404,67.684,65.128,59.036,59.356,62.948,56.276,58.028,55.832,48.908,46.624,49.184,45.568,46.832],"valid_loss":[2.0446624919128418,2.100404207458496,2.08150685836792,2.3771544968414307,2.2697701210021974,2.529725997848511,2.580838425369263,2.2228375144958497,2.783115188369751,3.3131078932189943,3.955638696899414,2.1257599882507323,2.245927643661499,2.3225002687072753,2.066181041641235,2.3566603428649904,1.9906280096435547,5.2386942436218265,1.953453937072754,1.9955988272094727,2.1317817164611816,2.134662165527344,2.0018960497283937,4.070760072784424,2.031778162841797,2.3130445256042482,2.186720419921875,1.9636177529907226,1.9552998665618897,5.896325951843262,2.434787747344971,2.054996994781494,1.982507381439209,2.635010765914917,1.8072203601455687,2.1911122705841066,1.8822535587310791,1.8499698851776123,1.7431310424423219,1.5951019131851196,1.7309428619003295,1.7205277463531494,1.5354241695404052,1.6396494622802735,1.5316849701690674,1.3877169717788695,1.3106021154403686,1.3564639701080323,1.3128342623138427,1.3001296646118163]}