{"train_acc":[40.712,53.392,58.044,60.772,62.12,62.496,63.3,63.624,63.976,63.84,63.548,63.5,63.644,63.628,63.384,63.964,62.724,62.812,63.168,62.664,61.92,62.24,61.884,61.244,61.432,60.888,60.488,59.924,60.116,59.284,59.416,59.08,58.408,57.5,57.524,56.68,56.328,55.288,54.416,53.472,52.528,51.516,49.884,48.076,45.748,43.752,41.032,38.064,34.888,31.388],"train_loss":[1.6174367496490478,1.3075151228713988,1.1883710768127442,1.1228535676574707,1.0933309812927245,1.071789489479065,1.0529045295333863,1.0508312963104247,1.0406423795318605,1.0514903812408447,1.0546966578674317,1.056231482696533,1.0536218957710266,1.062667795829773,1.0638886252593993,1.0649496705436707,1.086826170978546,1.0931838693618774,1.0840150622940063,1.0963629753875732,1.112240849685669,1.1147243421936035,1.1261499730300903,1.1442688612365723,1.1456669857788087,1.1592638134002686,1.1696836737823486,1.1912098834609985,1.191930252532959,1.20826803855896,1.2097956205368041,1.221673727493286,1.2459331010818482,1.2584802242279052,1.2764509944152833,1.2927233754730225,1.3046197352600097,1.3252610384368897,1.3518626494216919,1.3854952103424072,1.4036376918411255,1.4287831653594971,1.479767346725464,1.520510309829712,1.5770060718154908,1.6308261753082276,1.6931542191314697,1.758605280227661,1.8160320067977904,1.9035110385513305],"valid_acc":[48.864,55.02,59.712,60.276,63.324,64.94,65.484,65.808,63.26,68.868,68.048,67.452,64.784,68.096,69.168,64.532,69.98,70.228,67.34,67.664,69.088,70.576,68.752,69.676,70.776,70.58,70.28,70.452,70.212,69.376,71.56,70.308,69.712,71.352,70.908,69.82,72.016,71.452,70.952,72.556,72.496,72.688,72.508,72.296,71.904,72.84,72.672,71.928,72.404,71.476],"valid_loss":[1.3970759145736695,1.248295961227417,1.14661706199646,1.1480403246688842,1.037525057182312,1.0082032150268554,0.9717346493148804,0.9763815773773193,1.0615828007125854,0.8964168158340454,0.9258889818954468,0.9299730354309083,0.9995507501029969,0.9005549864196777,0.8806438188362121,1.0431329081344605,0.8560664544677734,0.8644031254959107,0.9297629480361939,0.912262643661499,0.8808690248298645,0.8439116732406616,0.8815056786346436,0.8606118433189393,0.8303971058273315,0.8368287623214722,0.8460952807617188,0.8472054166984558,0.8530573874282837,0.8827066390800477,0.8097792559432984,0.8649190612602234,0.8539636671638489,0.8216228359603882,0.8253333792877198,0.8741043378829956,0.8048476321411133,0.8164107365036011,0.8365675729751587,0.7909144810676575,0.783585597114563,0.7904488113212585,0.7909175232315063,0.7941387316131592,0.8036926352119446,0.7990879743766784,0.8106173340034485,0.829584713897705,0.8282325183486938,0.8680922981071472]}