{"train_acc":[37.356,49.916,56.008,59.208,60.688,61.792,62.232,62.8,63.736,62.972,63.316,63.456,63.796,63.572,63.52,63.044,63.156,62.548,62.568,62.392,62.552,61.876,61.64,61.584,61.264,61.212,60.564,60.28,60.04,59.436,58.66,58.856,58.428,57.356,57.452,57.248,56.508,55.176,53.96,53.608,52.652,51.628,49.976,48.3,46.06,43.996,41.56,37.884,34.96,31.12],"train_loss":[1.6950887039947509,1.3792742070770263,1.2396155500030517,1.1622086115264894,1.1219517991256713,1.098875320892334,1.082015997390747,1.0743073558807372,1.0654548152923584,1.0692957131195069,1.0635670776748658,1.0646409606170655,1.0545645008468627,1.0635693230819703,1.0700413892745972,1.078999414958954,1.08478071144104,1.0947317246627808,1.1070254092788696,1.1068380324554443,1.1057433723640442,1.1280843389892579,1.132369852294922,1.140084822540283,1.1465490912246703,1.156888087158203,1.162514758605957,1.183047073993683,1.1954418230056763,1.2023432851409912,1.224260994644165,1.229831556930542,1.2409158269500733,1.2588394730377197,1.2727008213043214,1.2850203189086915,1.3014439141464234,1.3364956344223022,1.3537989604949952,1.3722884316253663,1.4037446569061278,1.434076312942505,1.4763787680816651,1.5121360680007934,1.5715983364105224,1.6241361560058594,1.6693020387649535,1.758075708847046,1.8275435057830811,1.9039055447387696],"valid_acc":[47.42,55.108,57.772,57.008,62.912,64.296,60.452,63.9,67.036,63.4,66.828,67.356,67.872,68.052,68.208,68.488,68.488,69.22,67.636,68.604,68.936,68.024,69.152,69.092,69.424,69.128,70.984,71.484,71.088,71.14,70.872,70.82,72.268,72.22,71.34,70.072,71.632,72.148,72.532,72.192,72.668,72.872,71.852,72.808,72.556,72.36,71.888,72.3,71.892,71.568],"valid_loss":[1.455781936225891,1.2496447722625732,1.1905543004989625,1.2050502656936646,1.0515300442504882,1.0084871603775025,1.127626008014679,1.0313302694702149,0.9502728504943848,1.0477688926315307,0.9530104660415649,0.9334875482559204,0.9089462003135681,0.8952198056030274,0.9089351689147949,0.8829302922248841,0.8985090927505494,0.888704156627655,0.9235500201416016,0.8735090576171874,0.8980050820541382,0.9211439954757691,0.890798524723053,0.8900594686889648,0.8506151613044739,0.8711889065170288,0.8180074963378906,0.8091125799942016,0.8288369402694702,0.8324702873420715,0.8186667395401,0.8361294491577148,0.80081318151474,0.795985818901062,0.8211628334236145,0.8506502238464355,0.8204162900924683,0.7967901507568359,0.8015028228187561,0.7896846039390564,0.7860581927871704,0.7887021496200561,0.8023170345306396,0.7979583517074585,0.8037905744743347,0.8114243860244751,0.8172747191238403,0.814996563911438,0.8425810058784485,0.9120781034660339]}