{"train_acc":[38.416,51.276,56.008,58.716,60.66,61.98,62.704,63.304,63.244,63.312,63.956,63.776,63.72,63.544,63.504,63.132,63.048,62.756,62.66,62.008,62.112,61.484,61.164,61.096,60.84,60.62,60.24,59.808,59.74,59.22,58.584,58.276,58.552,57.484,57.044,56.664,55.892,55.24,54.376,52.68,52.604,51.236,49.784,48.128,45.996,43.552,40.64,38.0,34.624,31.284],"train_loss":[1.675078286972046,1.3633328364181518,1.237828171043396,1.1718144722747803,1.1200414500427247,1.087863906993866,1.0686795538330078,1.0623548222351074,1.0549681421279906,1.0587687268257142,1.051116271095276,1.055351580619812,1.0602856707763673,1.070325730819702,1.0669031861686706,1.0813082795333862,1.0824739432907104,1.0864081531143188,1.1018002375411988,1.1029956783294679,1.1235044925689697,1.1303003694915772,1.1435641667938232,1.143749900779724,1.1468639445495605,1.166370555419922,1.1786044759368897,1.1863995428085328,1.1974678601837159,1.2136252010345459,1.2220384592437745,1.2435751958465575,1.2394898355865478,1.2552053886032104,1.2764302965545655,1.2974555182647705,1.313682399711609,1.335078073425293,1.3660526309585572,1.396114591293335,1.405575146560669,1.4476318264007568,1.4798989950561523,1.520952645301819,1.5705989448547364,1.6257347877502442,1.694619136390686,1.7530538854980469,1.8325104727554322,1.907637442703247],"valid_acc":[47.82,51.456,55.96,58.476,59.484,64.896,67.088,63.732,65.212,64.884,65.908,65.476,68.504,68.16,66.096,67.06,68.876,68.24,67.852,70.356,70.484,69.284,69.596,68.232,70.244,69.524,70.02,67.676,69.388,70.088,70.352,69.644,69.944,70.232,70.008,71.344,72.016,71.696,71.12,72.396,72.036,72.0,71.968,71.568,72.284,71.992,71.62,71.764,71.228,71.592],"valid_loss":[1.4614916263198852,1.3545594464111328,1.2421388358306884,1.1966136125564575,1.1863095039749145,0.9987851289367676,0.9375528089141846,1.0276180131912231,0.9925334213447571,1.0013308005142212,0.9508643092918396,0.9949464277648926,0.888563943862915,0.9140023484611511,1.0380437600708008,0.9355317011260986,0.8836303285598754,0.9006633201789856,0.9195670002365113,0.852239102306366,0.8397191796875,0.8766763795280457,0.8714676196289063,0.9231226425170899,0.8510365942764282,0.86791709690094,0.862796914100647,0.9220561300086975,0.866256481590271,0.852649436378479,0.8582366367340087,0.8699448086929321,0.8557536487197877,0.8487755676269532,0.851999706249237,0.8143502055740356,0.8082471808242798,0.8145161861801148,0.8309590929794312,0.7954471145057678,0.8083475832557678,0.8046924737930298,0.8177183191871643,0.8092286093330383,0.8050181980895996,0.8119765392684937,0.8377345985031128,0.8405060284233093,0.8718231165122986,0.8681823532485962]}