{"train_acc":[66.64300535109751,32.34956863601616,24.604127989516215,22.14153106912744,19.98471114993994,18.73976193076335,18.128207928360823,17.980779731353067,17.83335153434531,17.325543300207485,17.118051763678054,16.612973681336683,16.58567216337228,16.30992683193186,16.113355902588182,16.072403625641584,15.930435732226712,15.63284918641476,15.597357213061045,15.3134214262313,15.010374576826464,15.06224746095883,15.141421863055584,15.176913836409298,14.7045975756252,14.890247897783112,14.699137272032331,14.325106475920066,14.366058752866664,14.330566779512935,14.144916457355023,14.202249645080272,13.669870044774484,13.90466309926832,13.702631866331771,13.639838375013653,13.456918204652183,13.3422518292017,13.096538167522112,13.077427104947034,13.06377634596484,13.134760292672269,12.719777219613405,12.796221469913732,12.744348585781367,13.142950748061594,12.834443595063888,12.711586764224094,12.790761166320848,12.872665720214044],"train_loss":[1.8676614698603955,0.959212433709918,0.7414744936431796,0.6698840639568304,0.613564190742711,0.5870856678653807,0.5658943061746858,0.5540081182850934,0.5487838313414747,0.5367457591330002,0.5327127336856904,0.5180319284681958,0.5149975299893788,0.5066473229172007,0.5052123480102466,0.504494596643324,0.5008157557882413,0.4888393930684821,0.4889296520624643,0.4872194498051615,0.4799417613947432,0.48396362412948335,0.4791870702981975,0.4774984933083607,0.46950313405619837,0.47133004343495355,0.47041053970893476,0.46191050708977377,0.4593581158520939,0.45486920037045153,0.45418970816856885,0.4578790396136254,0.4454103322369935,0.4482585263197581,0.4404744069180765,0.4417237866337518,0.4328680693081298,0.42865993006528563,0.42644305089304535,0.4274603088466806,0.4256443296462229,0.4268891529718236,0.41789608941245343,0.41721534586452663,0.41801704983009813,0.42821953162441895,0.41946112120842793,0.4200021548472704,0.4219356030665124,0.43034988398457946],"valid_acc":[42.078680826459106,27.262551528958568,23.312129732021717,19.78486991390139,18.905785034133032,18.307898114558057,16.60432990357768,16.46236588703742,16.151137075512978,16.863687241724094,15.015424934859396,15.495918533869656,15.266592042888547,14.638674275523414,14.608643423359183,14.11995959319023,13.456550821429659,13.977995578316282,13.784160091730598,13.740478856593057,13.044309156031943,12.73035026828775,13.614895299870724,13.041579076063002,12.782221738958043,12.763111194380542,12.683938954847576,11.96865871408302,11.938627865251405,11.63558928821827,11.550956894162923,11.884026316278494,12.208905510359685,11.316170246993138,11.119604685854029,10.991291054578255,11.185126538456188,10.838406727951806,10.445275602340956,10.729203635838047,10.439815448860031,10.499877144856939,10.562668923530538,10.237789729449347,10.150427256466514,10.120396408259765,10.082175323895413,10.131316718345957,10.109476096507265,10.106746019246089],"valid_loss":[1.2211215197673877,0.8236750865774101,0.7060505653756163,0.5995771765917212,0.5746116224129105,0.5528517314603976,0.5114230487805144,0.5085087036688786,0.5016202063817462,0.5327339561358075,0.4640496729837855,0.48168930584397146,0.4727238030410743,0.4593257378376836,0.4533385125124704,0.4410225000601539,0.41323401775702223,0.4430282373839584,0.43487147437650364,0.43485438611750266,0.4148946373319609,0.4009971539502765,0.43533046782397533,0.4171248221536367,0.404115258158433,0.3988982578281096,0.405829152454859,0.3847147350436057,0.3863734812249832,0.37805935685713826,0.37087037317999333,0.3822976983057466,0.390549606782671,0.360611398606486,0.36015206452292,0.3604541375170098,0.36324778065435676,0.35889880241644484,0.34715672944716114,0.35139316895653194,0.3461526994226267,0.34602357987029186,0.3476990820540129,0.3465863724515982,0.3396432442334963,0.336700086236332,0.3411383359876591,0.3408993410486148,0.3414496687034212,0.3408701413821691]}