{"train_acc":[66.66484656546905,33.19591569291252,25.11193622365404,22.41727640056787,20.822867751446978,19.725346729278144,19.244840013104735,18.21011248225402,18.14458883913946,17.541225292126242,17.336463907393252,16.683957628044112,16.905099923555753,16.667576717265476,16.225292126242223,16.02326089330566,16.49011685049689,16.24167303702086,16.06421317025226,15.692912525936435,15.324342033417054,15.343453095992132,15.526373266353616,15.064977612755271,15.04040624658731,15.004914273233595,14.617232718139135,14.677296057660811,14.505296494485094,14.150376760947907,14.08758326962979,14.128535546576387,13.852790215135968,13.855520366932396,13.7736158130392,13.735393687889044,13.336791525608817,13.462378508245052,13.388664409741182,13.350442284591026,13.211204542972595,12.968221033089435,13.006443158239591,12.85901496123185,13.10745877470788,12.85901496123185,13.074696953150593,13.096538167522112,13.080157256743476,13.331331222015947],"train_loss":[1.874510693396493,0.9727036355298667,0.7567434387916793,0.682419457035423,0.6355574407131765,0.5998481320439174,0.5917705146521997,0.5670752639858773,0.5608890356032807,0.5440478093651193,0.5371426834775799,0.5267218032218594,0.524858382893296,0.5179171417560642,0.5144743128310805,0.5053392377198621,0.5126687399851804,0.5064272202426877,0.5034046270993907,0.4962389348075811,0.48681019324688485,0.4860523080180094,0.4888293049026163,0.4825064600217,0.47591101065354535,0.47075945471876296,0.4686384771580231,0.4621928394185777,0.45819064308569346,0.4535786414154234,0.453610688867795,0.45507423717199463,0.44372175547497833,0.4437326752125364,0.443744885305709,0.4437124429082876,0.4334654038723371,0.42924493620251675,0.43420198914837316,0.4304853532139073,0.42636578545451126,0.42179471938139074,0.42274511129760817,0.4171639832461441,0.42473628400024843,0.4194658125470113,0.4271312254126369,0.4253057078970459,0.42778598104903726,0.4365398293533765],"valid_acc":[43.140680881581375,27.027764884496534,21.99350241653495,20.505610309084176,18.796581945351875,18.944006116414513,17.406972617741644,16.60432990191137,15.815337574469922,16.02828360250878,15.61604193336187,16.385923722057896,14.816129298541966,13.781430016552292,14.373856780563457,14.895301539116389,15.29116274198843,13.51388244495601,13.57940429818305,13.350077805535634,13.74047885492675,13.46201097324429,13.404679353467117,12.801332279786337,12.612956946056727,12.509214011797951,12.670288567500194,12.541974939973628,12.296267982717652,11.750252533188103,11.905866937075729,11.439023724371395,11.591908052039287,11.529116276073438,11.196046849167246,11.182396462861306,11.212427310026612,10.942149662835462,10.650031394638773,10.55174861552723,10.37156351358118,10.715553252239857,10.278740888783716,10.336072512934948,10.453465831416764,10.297851427529139,10.150427255425072,10.278740887117408,9.929290998310407,10.235059653229598],"valid_loss":[1.269245022771113,0.8089640951491179,0.671028248263784,0.6247631993268117,0.5763234935800359,0.5839621492214118,0.5390502298365465,0.5118476293795772,0.48682167371955926,0.49944452466056455,0.4800477606511636,0.509733214635528,0.4582981505227091,0.4373905117041994,0.45192230284277485,0.465900119842067,0.48896411866370276,0.4245604734850827,0.42321129974154054,0.425345463796064,0.43019310107196385,0.4298192737709734,0.4258731663179891,0.40231584923647945,0.3946028613104288,0.3978578458636785,0.402706291793934,0.4050530420252731,0.3948091977724699,0.3806414064915416,0.38785059040597863,0.37237939383180546,0.37827231789524385,0.37495482245454,0.36965819271085837,0.3652184220980965,0.36529778787127004,0.35840226343588744,0.34755454463491914,0.3443307444282785,0.34554267538381755,0.35216892418773776,0.33970946848592637,0.3463342827940434,0.34688082633539474,0.3376836173929783,0.34458242464257244,0.3418419703276959,0.33385393190609775,0.3450285714812171]}