{"train_acc":[59.869498744130176,29.71770230424812,24.235557496996833,21.437151905645948,19.98471114993994,19.364966692148087,18.515889483455283,18.42306432237632,17.53576498853336,17.317352844818174,16.866877798405596,16.749481271158672,16.416402751993004,16.31538713552473,16.304466528338978,15.83761057114775,16.228022278038665,15.580976302282409,15.564595391503772,15.277929452877586,15.736594954679475,15.329802337009937,15.086818827126791,15.122310800480506,14.933930326526152,14.884787594190243,14.914819263951074,14.759200611554007,14.58720104837829,14.562629682210328,14.33875723490226,14.060281751665386,13.871901277711046,13.749044446871252,13.571584580102652,13.530632303156054,13.81183793818937,13.29037894506935,13.514251392377417,13.536092606748937,13.38593425794474,13.096538167522112,13.233045757344115,13.134760292672269,12.957300425903682,13.091077863929229,13.099268319318554,13.134760292672269,13.047395435186203,13.29856940045866],"train_loss":[1.6936069925734605,0.8876993389346786,0.7350063557133764,0.6579161102078921,0.6167245446900113,0.5948934669355072,0.5731274593998619,0.5673534026752071,0.5470650453058226,0.5397526576254219,0.5285649358529744,0.5236855718725514,0.5170369980942413,0.508080721513353,0.511517544806596,0.5076702207512401,0.5017780589721499,0.4987435873853753,0.49734801549675606,0.4858080549793133,0.49203515479798215,0.483786929801938,0.4729864834255041,0.4819075915182575,0.4799042411723798,0.46951986184231614,0.47346070245115,0.47277522311013276,0.4631661853018814,0.4627655213598056,0.46779004677656605,0.450138800312393,0.44648608924963207,0.4429474606535588,0.44452422831735977,0.4395334970287794,0.4381435378528363,0.4329329425914717,0.43575213855565526,0.4329224512871142,0.42760565882168106,0.4276053881077601,0.42738793695143534,0.42846999001589886,0.42464883315507224,0.4237299322938768,0.42652068343031835,0.4303635312595182,0.43388868047867696,0.43885593612771817],"valid_acc":[36.214474871096826,25.425209534471236,21.644052526061643,20.218952196138872,19.099620519260696,18.21780556327259,16.620710366519944,17.20221682148636,15.793496954297552,16.044664065034453,15.689754019413897,15.572360696141445,14.95809331404078,14.390237243089132,14.80520898678948,14.575882495808372,14.597723113897857,14.848890225676215,13.803270630892598,14.06262797174675,13.44563051238491,12.711239726418,12.793142045295028,12.782221736250293,13.713178082314883,12.66755849128046,12.976057223460842,12.16249419691951,12.511944088017685,11.952278248849595,12.137923501568835,11.354391330316062,11.28886947333983,11.69292091070318,11.332550712226563,10.84113680625444,11.013131669960003,11.455404186272219,11.119604685854029,10.734663789318972,10.857517267113806,10.5053373031285,10.439815445110838,10.243249883971714,10.516257608424056,10.27601081214739,10.125856562782133,10.003003084362433,10.041224164977606,10.15861748991638],"valid_loss":[1.0681588190392548,0.7778001193968805,0.6621238361162227,0.6237367159930588,0.5803446392500872,0.5561147987591963,0.5128201893582782,0.5215141285308381,0.4885448077370928,0.507238010661719,0.48522163393978873,0.4844947582270284,0.46807970339461596,0.45052250308650577,0.46491416771313804,0.45550895590168233,0.4551216872354219,0.4666241244701669,0.43310611837374796,0.4352497666705631,0.43322891155508775,0.40207457143335673,0.40481866282393403,0.4087688741638657,0.4285774400166919,0.4007802337335653,0.4087538365916924,0.3976027908205332,0.398490532418554,0.38120300815238806,0.38580402576370754,0.36236416708551183,0.36592068534030475,0.3787384007590165,0.3662011106127704,0.3535680514638653,0.3547611436402984,0.3726031028895528,0.363412808894675,0.35318721845449474,0.35285353571898215,0.3432348260061594,0.3506914088904,0.3394845004501061,0.3498273860082348,0.3466127465313732,0.34473251553200013,0.34208303339609125,0.33706486038197503,0.3438784141317138]}