{"train_acc":[31.642459320738233,61.103527356121,65.01037457682646,67.49481271158676,67.53030468494049,67.72687561428415,67.38560663972918,67.92071639183139,66.9078300753522,67.74325652506279,67.35557496996833,67.51392377416184,66.9979250846347,67.43747952386153,67.18630555858905,67.07163918313859,66.53106912744349,67.43474937206508,66.65119580648684,67.21906738014634,67.21087692475702,66.62662444031888,67.30916238942885,67.19995631757126,67.99989079392815,68.12274762476794,68.09544610680354,68.20465217866114,68.78617451130283,68.65785737687015,69.04280878016817,69.43595063885552,69.62979141640275,69.84274325652507,70.47886862509556,70.70001092060718,71.07131156492301,71.37708856612427,72.13607076553457,72.1934039532598,72.70121218739762,73.26635360926068,73.35371846674676,73.34279785956099,73.71136835208037,73.80692366495578,74.02260565687452,73.53390848531178,73.58032106585127,73.18717920716392],"train_loss":[1.9139888307810533,1.1484449234698242,1.0421795778377643,0.979020991908081,0.9775666318060048,0.9779322875617463,0.9884327781946362,0.9772103273661569,1.0017084437542976,0.9889141116858805,0.9923993758633497,0.9972164528565439,1.0091621221068698,1.0070625800186594,1.0135476937053947,1.0124777621859427,1.0250970310384795,1.0095511925875313,1.030358312860826,1.0179854224664722,1.0131894895782296,1.0231574947779076,1.0071931285109337,1.015692062235769,1.002132901773581,1.0013095981314204,0.9999626840750463,0.9981565069030098,0.9873269300436341,0.9885926411065183,0.9710920370469984,0.9682245527511993,0.9621628467675001,0.9642661279812903,0.941263022388422,0.940698249443944,0.9313086606379066,0.9177155582954546,0.9047181668715848,0.8992217840476108,0.890367198194806,0.8765378570639958,0.8738813848491318,0.875170441828298,0.8562711612866073,0.8607541767546114,0.8598653565812765,0.8728034677393014,0.8712909330352628,0.8859742124866707],"valid_acc":[46.55054738132402,54.20022386716857,67.2663736396237,66.2016435061988,61.904501897611986,67.24180294156527,63.10300581527285,68.26831199114652,67.9297824107594,69.35215266550387,70.03194190478904,64.95945835392111,66.66302656219374,71.91569521271654,72.34158726546164,65.96139670877655,72.08769008287904,69.45589560205381,70.2776488587124,70.57522727789055,69.76712440920421,70.88918616251043,69.7507439456371,74.13797810498865,70.6980807536025,72.84938163770863,75.41292418533789,75.06620437212575,73.28892407623893,73.74757705601412,77.78809140090382,76.25105790556357,76.98271861156155,76.07087280361752,77.32397826650212,76.90081629101822,78.15665183449661,76.52406563230709,78.72723798041828,79.82472903879038,80.93041033227867,80.60553113611459,81.042343498321,81.78492451232229,82.38554151040817,82.81689371600933,82.6721996238742,82.77594256042416,83.02710966782844,83.03256981964307],"valid_loss":[1.561901345414154,1.4552690686853855,0.9673324867152618,1.0391966922690181,1.1166799134517393,0.9750698393258009,1.1187221190798518,0.9703676247320758,0.962638083057278,0.9240028107402893,0.8923635627190504,1.0703196397622838,1.0313604221892314,0.831671057546678,0.838986946960486,1.0204241873965503,0.8350281060228523,0.9444680715886911,0.8931974438908366,0.9056010289154968,0.9256007313686024,0.8984958971222683,0.897998165280752,0.788233940387658,0.8853950099240273,0.8176798508355964,0.7438308787373875,0.7502057076659092,0.8147448373288702,0.8217863832681549,0.6775071360629523,0.7210512873698727,0.6928533140395301,0.7333406926921422,0.6938063183044697,0.7074046406032783,0.6587105900266448,0.7156302017207332,0.645659896685895,0.6196145939916139,0.589984964245045,0.6038295680128121,0.5795763022244691,0.5616731911441215,0.537316752233846,0.523341579365852,0.5345153474518739,0.5381664938698101,0.5209319251670458,0.525967058576736]}