{"train_acc":[36.174511302828435,68.20738233045758,74.31746205089003,76.43332969313094,77.5335808670962,78.21338866440973,78.60380037130065,78.86043464016599,79.12252921262422,79.16075133777439,79.35459211532161,79.0460849623239,79.39281424047176,79.33821120454297,79.26995740963197,79.4283062138255,79.07065632849186,79.25903680244622,79.15256088238506,79.21535437370318,79.22900513268537,78.83040297040516,78.90138691711259,78.88500600633395,78.74576826471552,78.37173746860326,78.95325980124495,78.3062138254887,78.31167412908158,77.9158021185978,78.14513486949875,77.61821557278584,77.28513705362018,77.27421644643442,76.49612318444906,76.11390193294747,75.70983946707437,74.74882603472753,74.3775253904117,73.28000436824287,72.10876924757017,70.3723927050344,69.1329037894507,67.1207819154745,64.68275636125368,61.671398929780494,58.690073168068146,54.35459211532161,50.622474609588295,46.36616795893852],"train_loss":[1.8028625288592346,0.9448689721981173,0.7753204587141967,0.7178000022037927,0.685287450271701,0.6688528913747045,0.6620782769193708,0.6536448842848807,0.6484705131101051,0.6471951873434987,0.647585800404344,0.6516151239260896,0.6486945703871401,0.6549332708110582,0.6589345082720386,0.6526207657402957,0.6528844644347171,0.6553876894822454,0.658306123069427,0.6630298096474646,0.6637553082577875,0.6719041473449963,0.6735406649793563,0.6764681148544675,0.6889078547382532,0.6947500799581501,0.6930792039498057,0.7030867665983306,0.7002512582384421,0.7112621891781065,0.7151798099178511,0.7301724732436375,0.7486515889733304,0.7476783826047316,0.763356698448512,0.7809068669629199,0.8006170585229171,0.8185878397010619,0.8288766985391574,0.8662109103306446,0.9013918630223068,0.9455497686201872,0.9819437770118643,1.0308268712026996,1.09814541056334,1.173482992717555,1.245065860591029,1.352550081776078,1.4435273127172066,1.5539765101248773],"valid_acc":[60.80701083799015,72.43713997064461,76.17188566561403,76.55409647988897,78.17303229743887,80.43899642484851,81.09967512143078,80.7911763909167,80.83758770331544,80.88399901675561,81.11878566059278,82.31182942602246,82.14802478701864,83.00253897143632,82.45379344027154,82.92609680916455,83.02710966782844,83.37382947999913,83.18545414793581,83.46665210417173,84.10549018495567,83.4721122586941,84.35392721572364,83.72327936776469,84.12733080304515,84.53411231433708,84.46859046277636,84.5313822370759,84.45494007542898,84.8944825128137,85.32856479859208,85.18933085868815,85.33402495248959,84.8562614328234,85.30126402473049,85.46506866310942,85.47598897215417,85.5224002845529,85.89642086662771,85.6425236823788,85.8663900194624,85.92099156468613,85.93464194932575,85.83362909232817,86.07660596690745,85.88823063817675,85.90461109841127,85.71896584839978,85.81178847423867,85.50055966375567],"valid_loss":[1.1308716757362802,0.8061178491235922,0.7104400491769153,0.707919981855524,0.669486577945831,0.6075793669100049,0.5813100202171655,0.5875846650936039,0.592129076653901,0.5826585928632669,0.5849398497854443,0.5445842060515165,0.5584874828430869,0.5225002103575149,0.5351709866605756,0.5279844742719988,0.5275990440642148,0.5138715412268888,0.5310206322785648,0.5138573530131741,0.4940984047473953,0.5128855835295006,0.4842347849012251,0.5181025904579275,0.4973283756530732,0.4781654984732837,0.4901951411330907,0.4937835143154267,0.48891719653639026,0.47510595208512385,0.46144175803834814,0.46732574713025427,0.46987317884536917,0.4860351072644819,0.46333421760615084,0.4554935412437644,0.45912137313012963,0.4560131540587527,0.45929073980026486,0.47300653211242977,0.45731683564946346,0.451677204473699,0.4469677423300883,0.4518146767010999,0.4564015543422768,0.44630547011167737,0.44756821630910965,0.4554788642573986,0.4433187384012632,0.4564419887377604]}