{"train_acc":[33.35699464890248,61.5075898219941,65.68472207054712,67.26547996068581,67.97804957955663,68.23741400021841,67.89614502566343,68.33296931309381,68.31658840231516,68.89265043136399,68.55957191219832,68.4421753849514,68.50496887626952,68.4421753849514,68.37665174183685,69.06191984274325,68.93360270831059,69.6407120235885,69.34858578136945,69.08103090531833,69.86731462269302,69.50147428197008,69.82909249754286,70.07207600742602,70.1321393469477,70.8037566888719,71.03035928797641,71.37981871792071,71.2624221906738,72.0841978814022,72.12788031014524,72.84044992901606,72.95238615267009,73.36736922572895,73.68952713770885,74.24920825597903,74.72971497215245,75.56514142186306,76.18488587965491,76.50431363983837,77.12951840122311,77.62367587637873,78.01681773506607,78.75395872010483,79.56754395544392,80.00709839467075,80.20639947581085,80.4084307087474,80.32106585126132,80.79338211204544],"train_loss":[1.8706221133974998,1.1332809840069336,1.0176829254183302,0.9847537387181567,0.9746181642278855,0.9658176086284037,0.9679357480883038,0.9632484833460208,0.9648153498610959,0.9574761946896245,0.9599898543122998,0.9556020548136146,0.9640224328972672,0.9633258251601254,0.9613258643247707,0.9570063826974542,0.9535667024755421,0.9405221695903608,0.9438875346474347,0.9495667051159816,0.9361996539714126,0.9400529183453057,0.9287341500885611,0.9282746636361108,0.9241213546942789,0.9084518321075723,0.9023255073010069,0.8946941046653857,0.8894809662312858,0.8708017858938709,0.8714175659118032,0.8574279749889463,0.8477691709376897,0.8426080970143444,0.8240677675618164,0.8102235372402111,0.8005338094309192,0.7835640923951122,0.7620079659720468,0.7444528475122263,0.7291239833706811,0.7180322132133248,0.7006191138267205,0.685642186976604,0.673246340224664,0.6552711347864746,0.6468739733173166,0.6463329912963439,0.6413911809511967,0.6370528303042007],"valid_acc":[46.70616178458678,58.88776652504235,64.1158644781316,66.78588004165488,61.48953015224533,65.8412733065766,63.47702640109684,64.47896475324454,70.67351005991813,63.73092358367944,66.19072319871621,68.82797783198093,71.21679543322793,71.04753064365924,69.33577220266577,71.15400365622065,69.8517568026347,72.3579677300702,70.25034808610053,71.47069262185089,70.2366976997946,73.54009118416394,69.23202926497022,70.29675939620809,74.58025062130086,66.88689289927733,76.5404460942079,74.27994212298692,75.64225067527755,75.05255398790271,77.50416336865646,76.71244095999634,77.20112479141503,75.07439460390931,77.95735619213883,78.40781894294234,80.31068279128158,79.93666220816534,80.66559283523583,82.03336154309025,81.3781430004055,81.86136667563551,82.20262633557499,82.88241557194412,82.67492970217683,83.72873952228707,84.38941821845276,84.41671899377238,84.73886811059238,85.04190668387633],"valid_loss":[1.571362718456894,1.2501038084380596,1.05823114073284,0.9933208960365184,1.1630291285016632,1.0497950143605017,1.0932572696503096,1.1304411152116094,0.9045011969852508,1.078923028293694,1.034293275939253,0.9397461108869253,0.8877237136860816,0.8712873959568008,0.917446520314267,0.8708693825312376,0.916723764008785,0.8380764789590281,0.870112415299492,0.8443515952644498,0.9041516889960576,0.8018813645824395,0.9176462211357379,0.8779519691055655,0.7696753268635157,1.0380104445227143,0.7175917905851731,0.8068900853578528,0.7339180707882701,0.7568403448533321,0.6989839882128016,0.7149282645273145,0.709205605462102,0.7524930224892106,0.6843802709937008,0.654005372512708,0.6046850310177373,0.608791804726331,0.5876072109495738,0.5607156743597524,0.5718996256550022,0.5529439044213841,0.5496453102206665,0.5247241056288596,0.5426117370881008,0.5111947337256957,0.4834713979332247,0.4845145138935523,0.47500496779646373,0.46561679217598584]}