{"train_acc":[43.614174948127115,15.520912962760733,12.034509118707007,10.721306104619416,9.722070547122414,8.974008954897897,8.466200720760071,8.14404280878017,7.699028065960462,7.368679698591237,7.120235885115207,7.035601179425569,6.563284918641472,6.385825051872885,6.415856721633716,6.123730479414661,5.834334388992033,5.621382548869718,5.681445888391394,5.39751010156165,5.203669324014413,5.154526591678504,4.982527028502787,4.843289286884357,4.616686687779847,4.428306213825493,4.087037239270501,4.005132685377305,3.912307524298356,3.6229114338757284,3.420880200939166,3.1833569946489035,3.0523097084197843,2.9867860653052247,2.656437697935999,2.5335808670962052,2.3260893305667736,2.0721852134978747,1.8619635251720013,1.689963961996284,1.5398056131920868,1.466091514688216,1.5261548542098922,1.3022824069018242,1.2558698263623427,1.130282843726107,1.0511084416293528,1.1139019329474706,1.0265370754613912,1.0019657092934438],"train_loss":[1.267028649356202,0.49307661529346053,0.3915318038228741,0.34875527662820555,0.3165613883601613,0.2957026995665592,0.28287848609887034,0.2678134310638669,0.2554452040779795,0.24792400851643956,0.23722819807071985,0.23226682463838008,0.2238533392514388,0.21450904164692325,0.2140702759250844,0.2064131044223213,0.20078619543015078,0.18862594902821342,0.18880407591111875,0.18272170267589907,0.178950980518034,0.1713749796015422,0.1653601980969624,0.16250598721594298,0.15620459332139494,0.15020040912733484,0.14395286416740896,0.13741260284977577,0.13213081063760268,0.12647298958522335,0.12140300338954609,0.11390393210984454,0.10768701911031178,0.1035036673429453,0.09484473119803205,0.09133598227954996,0.08637493800632659,0.07989100197429179,0.07176669879135143,0.06957548731107879,0.06638047343858976,0.06366801885400808,0.06103771926284542,0.05741316156911986,0.057296259699136494,0.05509741364708631,0.05285200910483878,0.05380528676427841,0.05338431979968218,0.052638432103764204],"valid_acc":[19.53643288250855,14.701466053572148,11.152365610280512,11.359851483172122,9.87741953097273,9.53888994891929,8.755357777666518,8.408637965495842,8.313085260729437,8.463239509053253,8.258483716130584,7.911763902293586,7.988206066231669,7.354828141636403,7.895383438726469,7.982745913792186,6.978077478967805,7.038139177672463,7.417619916977387,7.098200879084885,6.713259986299022,6.751481066914195,6.361080017939656,7.393049222668154,6.462092875562121,6.423871793905505,6.5330748843529705,6.814272844962929,6.442982336400121,6.314668703458054,6.017090283655023,6.224576153838896,6.2764476245091885,5.973409048517482,6.055311365311638,6.04712113352808,5.8887766523792635,5.918807500586013,5.59392830754625,5.782303640234431,5.752272787653638,5.697671242429905,5.572087689456765,5.613038850040866,5.539326761281089,5.749542710392447,5.503835758551972,5.602118542037559,5.432853750802565,5.544786917469764],"valid_loss":[0.6204718342023704,0.47618303186116484,0.3681398407599112,0.373785191873468,0.3315481782249795,0.3261296637257629,0.2959114464899484,0.28657480657268286,0.2842626805100968,0.2915967759107527,0.28412257446696043,0.27083977938606374,0.27456273357337757,0.26106671244343344,0.27157989692628104,0.2787719535467688,0.245241625445875,0.245293190837502,0.26059165623079383,0.251701662571736,0.23940599953572722,0.23715411332189046,0.22814175503976242,0.265487116034505,0.23052735455144407,0.22854550169028398,0.23891147752938652,0.24750090281478881,0.23688593094701094,0.23059405027720015,0.218819114388255,0.23245349922722766,0.23066517918892732,0.22614083944516106,0.22855697880585538,0.22856124779341963,0.2244416052503502,0.22219770861191415,0.21822100285441803,0.22094060514563538,0.2173856365406177,0.22005019313262328,0.21186649216302225,0.21852463154128995,0.21192055182287542,0.21854113807732964,0.21232662759004017,0.21547798433117415,0.20656120484265295,0.21063176048689963]}