{"train_acc":[48.910669433220484,15.709293436715086,11.86250955553129,10.625750791744025,9.629245386043465,8.900294856394012,8.477121327945838,7.950202031232934,7.679917003385384,7.270394233919404,7.106585126133012,6.716173419242111,6.462269302173198,6.331222015944093,6.19471442612209,6.1182701758217775,5.714207709948667,5.654144370426991,5.460303592879768,5.4029704051545195,4.968876269520592,5.097193403953256,4.829638527902148,4.704051545265912,4.4474172764005715,4.332750900950089,3.9914819263951102,3.9450693458556287,3.8031014524407567,3.688435076990274,3.322594736267334,3.1724363874631365,2.9485639401550685,2.7438025554220786,2.5417713224855305,2.3370099377525406,2.208692803319863,1.9793600524189117,2.0012012667904315,1.6080594081030881,1.4305995413345016,1.4497106039095797,1.40602817516654,1.231298460194381,1.1139019329474706,1.1685049688762632,1.0128863164791966,1.0319973790542747,1.01834662007208,0.9419023697717535],"train_loss":[1.3995093386272448,0.4992731569654832,0.39352186717254906,0.34719405750188426,0.31505282742169743,0.2959056345916177,0.28026894884292014,0.2666586985315469,0.2557950485699091,0.24461374670003483,0.2371377672178719,0.22867549084427186,0.21870370188062208,0.21429110566666518,0.2103003657507274,0.2072792852062891,0.19515496164322732,0.19220895894531653,0.1850089214264572,0.18268663118932787,0.1711680424633903,0.17067929667209034,0.1648683967328142,0.15894528399053276,0.15194993116839478,0.14801728250262544,0.13905294839180074,0.13450312660330702,0.12907237394467652,0.12634491966849165,0.11652728688694758,0.10946289503793731,0.10482617400515817,0.09783830645393372,0.0913277175653784,0.08632911171386196,0.08234940708314954,0.07555021094767511,0.07514595319542892,0.06729640217474146,0.06208755913745554,0.06016973169386042,0.05930186882171651,0.05636940418904411,0.053911305114543895,0.05439818195410401,0.05156989475193276,0.0523990036990297,0.05217513543928641,0.05125698998718526],"valid_acc":[20.197111576591354,13.56848398643055,11.586447896475477,10.44800567793584,10.213219034098671,9.727265279941165,8.575172677803351,8.60520352559351,9.399656008598782,9.134838516971442,7.442190615035813,8.100139233940325,7.3220672145021695,8.07010838240096,7.494062082998354,7.147342268119928,7.720658492969093,7.622375714274128,6.978077480634113,7.177373120700722,7.5677741680089525,6.8115427649939875,6.295558165337496,6.833383385791237,6.95350678632488,6.5221545780159715,6.221846077619148,6.620437358377245,6.44025225913893,6.12629337243618,5.926997735077322,6.1372136814809295,5.787763792049049,6.145403913264488,6.115373066099181,5.8805864216371475,5.6812907815705245,5.776843485712064,5.711321631443582,5.451964288923122,5.6184990028969395,5.558437305858575,5.618499003521805,5.44650413440074,5.416473284527697,5.544786918511207,5.471074832459166,5.424663516311256,5.3536815102281565,5.3700619721289655],"valid_loss":[0.641722996844658,0.43602378794913205,0.3725853996937325,0.34465990356521053,0.3347341613148132,0.3261824740882737,0.2868437490623639,0.29561075670960174,0.3150077666034179,0.3078672962969607,0.25999525067355755,0.2799320566775619,0.2565281714905586,0.2780419221757759,0.26214181783890633,0.2542751698359026,0.27320254625513923,0.2715331048848162,0.246022691154933,0.25322329361272317,0.2640429587258295,0.24178254576228805,0.2327741420073905,0.24995193612780892,0.24742846564587348,0.23596252779067725,0.22330281996551898,0.23641339045833312,0.23710309772721028,0.22467707207736065,0.2204292035762858,0.2261557045537543,0.21730711358149862,0.23158781031884146,0.2333622839047668,0.21689311172923526,0.2147513281075673,0.22373510578136654,0.2175034360702359,0.21177990477715317,0.21424130283288176,0.21712961212016593,0.21147602796060033,0.20968253302376122,0.21148552542235088,0.21401351226525295,0.20871159099592632,0.20629084629923208,0.20915099839967743,0.20717591120757453]}