{"train_acc":[46.11499399366605,16.020530741509234,12.296603691165231,10.601179425576063,9.965054057005574,8.979469258490766,8.43616905099924,8.184995085726769,7.679917003385384,7.472425466855952,7.150267554876052,6.795347821338865,6.787157365949554,6.664300535109746,6.284809435404611,6.082778202468063,5.861635906956423,5.708747406355798,5.7114775581522395,5.293764333296934,5.280113574314726,5.132685377306984,4.92792399257398,4.805067161734186,4.532051982090209,4.193513159331658,4.248116195260451,3.983291471005785,3.647482800043676,3.5683083979469217,3.4481817189035695,3.1833569946489035,2.9785956099159137,2.932183029376432,2.708310582068364,2.42437479523862,2.2223435623020578,2.066724909904991,1.9930108114011205,1.8100906410396362,1.547996068581412,1.4797422736704107,1.3732663536092673,1.354155291034175,1.1603145134869521,1.1794255760620302,1.130282843726107,1.1330129955225487,1.0838702631866397,1.0511084416293528],"train_loss":[1.3289937278622166,0.506485392577825,0.39645541630432285,0.34861633448448714,0.32228634923621663,0.2958849839401568,0.2807358312296974,0.2699956261158556,0.25938418361770155,0.24780735124195066,0.24072175920237435,0.2301067490563117,0.2259912380900454,0.2203652703099419,0.21113040869811664,0.20520854002623315,0.1969289280717467,0.19400056814242947,0.19036561606413832,0.1808851418132486,0.17838454194772943,0.1761730565019566,0.16698045640340914,0.1622899285671921,0.1526294485380572,0.1486253693685191,0.14425587847762145,0.13761235275447686,0.13036717327108832,0.12486630238481154,0.12128441794068061,0.11443930006992535,0.10662624931441549,0.10420597157416366,0.09560235531912584,0.08894735542908629,0.08270507325143993,0.07913459514336801,0.07667283277254419,0.0709713425776532,0.06648726414889504,0.06296080518162014,0.061065723177542316,0.05988654054264399,0.056024693519746004,0.05499500271221351,0.053989890420949135,0.055270247725246906,0.05454477875817808,0.054193020224541935],"valid_acc":[20.51380053993043,13.148052089249276,11.490895191709072,10.295121352975698,9.366895082505991,9.754566053594473,8.943733105980641,8.670725379861992,8.782658548612076,8.001856450871301,7.745229189361211,8.004586529173935,7.636026099538611,7.294766442931746,7.0654399513257715,7.341177755330477,7.040869254933654,6.382920637695463,7.139152038002678,7.297496519151494,7.054519641239594,6.497583879957546,6.683229135384536,6.898905240059705,6.47847334017068,6.961697017066996,7.526823011174045,6.426601872833004,6.227306231100087,6.153594147755797,6.213655845835589,6.2600671609420715,6.104452754346681,6.257337082639438,5.984329354854481,5.866936034289765,5.858745803547649,5.836905185458164,5.92153758055494,5.776843485712064,5.615768924594306,5.6731005470792155,5.585738076387557,5.520216222119089,5.629419314649425,5.471074829751416,5.449234211661931,5.468344752490239,5.5420568385422655,5.506565835813149],"valid_loss":[0.6525085827543647,0.4293995246638172,0.37870946140461664,0.33776338922716764,0.31088782918242,0.32345730225688857,0.3021307336591367,0.2945821198063663,0.30332392260666974,0.28019340110744856,0.2638354930520113,0.27322235123922217,0.2702747294361207,0.25657784458528576,0.2492345695490203,0.2542914716867216,0.25107097325605976,0.23012989036131298,0.25085637624546614,0.25495478378388076,0.24865593809026568,0.23420377285750493,0.24186682113326768,0.25137540414543325,0.23286977927050612,0.2435693679468817,0.268126428614651,0.23172764918241642,0.2286052909098756,0.22828521271892202,0.23059368904537325,0.23589888413996662,0.2266308504271108,0.23122564324493158,0.22502446225758002,0.22362173289982432,0.22295477609219905,0.22144856400446716,0.2266690558047197,0.22308239816672262,0.21633986148721557,0.2159809724744133,0.21269394323020688,0.21483252085527435,0.2150627948597402,0.21235452520285591,0.20992376927193124,0.20929533513628745,0.21455544489472084,0.20963421103977356]}