{"train_acc":[60.032,46.732,40.528,36.648,33.928,31.296000000000006,30.224000000000004,29.072000000000003,28.132000000000005,27.592,26.784000000000006,26.040000000000006,25.396,24.980000000000004,24.311999999999998,24.075999999999993,23.476,23.408,22.876000000000005,22.444000000000003,22.019999999999996,21.92,21.516000000000005,21.492000000000004,20.867999999999995,20.656000000000006,20.268,20.203999999999994,19.652,19.468000000000004,19.328000000000003,19.275999999999996,19.004000000000005,18.236000000000004,18.567999999999998,18.379999999999995,17.656000000000006,17.836,17.604,17.331999999999994,16.959999999999994,16.971999999999994,16.540000000000006,16.584000000000003,16.495999999999995,16.400000000000006,16.592,16.708,16.548000000000002,16.560000000000002],"train_loss":[1.635586311531067,1.2938587252426148,1.1342890578842164,1.0360773154067993,0.9672801802635193,0.9020627516174317,0.863804689655304,0.831354147605896,0.8028219808769226,0.7852945051383973,0.7608080060958863,0.7441318034172059,0.7333664853286743,0.7137430404567718,0.6995222235488892,0.6953135740089417,0.6770356170082092,0.6715380553245545,0.6603560748672486,0.6465348954772949,0.6373113345718384,0.6269748444747925,0.6252223638343811,0.6158232110404969,0.6062689959526062,0.5959626681709289,0.5900940081596374,0.5830131669425964,0.5732228857421875,0.5605933064651489,0.5653089736938477,0.5533973906707763,0.5493308696842194,0.5302453300476074,0.5306492976951599,0.5347078346633911,0.521631016292572,0.5132984707832337,0.512304928855896,0.5014308428382873,0.495090299911499,0.4916131653785706,0.48816024194717406,0.48803761184692385,0.48447569372177124,0.4784995287132263,0.48531448432922364,0.4880039318084717,0.48043760229110716,0.4851284339523315],"valid_acc":[51.644,44.076,38.028,34.775999999999996,32.596000000000004,30.239999999999995,28.995999999999995,28.495999999999995,27.620000000000005,27.712000000000003,26.855999999999995,24.876000000000005,26.200000000000003,24.644000000000005,23.896,22.864000000000004,23.464,22.872,21.683999999999997,21.592,21.144000000000005,20.855999999999995,20.768,20.748000000000005,19.992000000000004,19.831999999999994,19.632000000000005,19.831999999999994,19.364000000000004,19.396,18.432000000000002,19.036,18.104,18.215999999999994,17.796000000000006,17.587999999999994,16.995999999999995,17.659999999999997,16.864000000000004,16.840000000000003,16.540000000000006,16.572000000000003,16.108000000000004,16.36,16.087999999999994,16.052000000000007,15.968000000000004,15.659999999999997,16.040000000000006,16.007999999999996],"valid_loss":[1.433643278388977,1.25679313205719,1.0579604750823974,0.9770224677848816,0.91822034034729,0.866212959136963,0.8182518939208985,0.8038384970664978,0.7801006760787964,0.7803823155021667,0.7571615572738647,0.7206751255226135,0.7619852951622009,0.7065626538085937,0.6880933791160584,0.6576838444900512,0.6778735487174988,0.6556066023826599,0.6250534269142151,0.6222548024368286,0.622913417301178,0.6066358134651184,0.6015122553253174,0.6018170392608643,0.577864043712616,0.574133034362793,0.5620818341064453,0.5712672747993469,0.562300236120224,0.5630065184783936,0.5310455023956299,0.5570660789394378,0.5263720177745819,0.5384912613391877,0.5198890493011474,0.5087345657539367,0.49669968820571897,0.5104539929580688,0.4901554463005066,0.49374596168518065,0.49076596422195434,0.4836935841655731,0.4781542018222809,0.47661100914001464,0.47158631749153135,0.48034179450035097,0.4649052749347687,0.46037145721435546,0.47773743975639343,0.4743258738136292]}