{"train_acc":[15.2997706672491,15.217866113355903,15.72021404390084,16.70579884241564,17.251829201703615,17.257289505296495,17.519384077754722,17.691383640930436,17.702304248116196,18.0790651960249,18.223763241236213,18.608714644534235,18.403953259801245,18.619635251719995,18.914491645735502,19.094681664300534,19.534236103527356,20.15398056131921,20.13486949874413,20.940264278693896,21.7347384514579,22.90051326853773,24.710603909577372,27.629136179971606,28.743038112919077,31.131920934803976,35.060609369880964,39.10123402861199,42.036147209784865,46.30610461941684,50.54876051108442,53.778530086272795,57.40963197553784,58.67096210549307],"train_loss":[2.401771827466339,2.479577046965386,2.389563265072801,2.309516363168916,2.283813082131676,2.273053278839196,2.2667833937559245,2.2629223882702876,2.2603568713634026,2.2562666667579134,2.250355518813267,2.2480022909340023,2.2455774816842373,2.244203887522657,2.240838379217858,2.2387175817240714,2.235517998664442,2.2287766612668323,2.2245399303879947,2.2110686045983377,2.1914168801307157,2.165466944541527,2.1249518784240458,2.0458011482693266,2.0076067708680836,1.9338293508682967,1.835983987743448,1.7350195071264243,1.6563094107099947,1.5504468299421639,1.443666544597951,1.3582118025341057,1.2673250321179639,1.229414215030089],"valid_acc":[8.90625,12.8125,19.21875,12.5,13.125,14.53125,18.90625,18.28125,13.125,19.53125,18.28125,12.5,18.59375,12.34375,17.34375,18.28125,18.75,16.5625,17.1875,21.875,16.40625,21.40625,18.125,21.5625,20.9375,23.75,18.4375,23.28125,13.75,31.40625,43.75,61.71875,43.28125,8.28125],"valid_loss":[2.3290305376052856,9.97711124420166,40.89384727478027,2.374915051460266,2.3851058721542358,2.2517309188842773,2.3568794250488283,4.546913385391235,2.4553316593170167,2.3132629871368406,2.2741101503372194,3.6500369548797607,2.2681952238082888,3.561020350456238,2.276979351043701,2.256277847290039,2.2626375913619996,2.28624107837677,2.2606149673461915,2.203859281539917,4.453263306617737,2.2055100440979003,2.2409147024154663,2.749025654792786,35.160602760314944,2.447051668167114,3.055063509941101,3.0087612867355347,2.8918395757675173,1.8917433261871337,4.272041749954224,1.2083518266677857,1.516137158870697,2.523798942565918]}