{"train_acc":[66.69214808343344,32.23217210876925,25.04641258053948,21.519056459539144,20.047504641258058,18.682428743038116,18.043573222671185,17.161734192421093,16.823195369662557,16.189800152888495,15.914054821448076,15.537293873539369,15.469040078628367,14.969422299879867,14.963961996286997,14.701867423828759,14.680026209457239,14.742819700775357,14.142186305558596,13.97837719777219,13.79545702741072,13.661679589385173,13.006443158239591,13.22485530195479,13.134760292672269,13.134760292672269,12.85901496123185,12.70612646063121,12.296603691165231,12.222889592661346,12.042699574096318,12.231080048050671,11.578573768701546,11.693240144152014,11.586764224090857,11.5485420989407,11.185431910014202,11.010702195042043,10.748607622583819,10.691274434858585,10.483782898329153,10.20803756688872,10.197116959702953,10.041498307305886,9.956863601616249,10.011466637545041,9.834006770776455,9.926831931855418,10.027847548323692,9.795784645626298],"train_loss":[1.8789540791311052,0.9550661391288651,0.7443572956687488,0.6547553259966817,0.6113938105292517,0.5738267425341521,0.5541823860194807,0.5334442366633442,0.5218529925865026,0.5046299034635013,0.4958612095962071,0.48515642247788965,0.4805376489889912,0.46715488888309475,0.46504738637554055,0.4624844868396377,0.4561626028126734,0.45366039925544843,0.4446959635557092,0.43543365999667344,0.4303246858280872,0.4292339750331563,0.41794236648599564,0.4167054086139242,0.41381640734403846,0.4085843153000919,0.40652597375581057,0.39785789311472425,0.39210147589877975,0.39229322603283406,0.37993383476590176,0.38615536909931625,0.3677342353695616,0.3686493900296885,0.36915001075926784,0.3643089599701545,0.3547779397697861,0.348457593004998,0.3457704098288821,0.33740604507020955,0.3357530365614335,0.32822172296702035,0.32311025609795124,0.3222671668308133,0.32098877331022485,0.3193181600029895,0.31544432780869447,0.3182511672831602,0.3180551907505103,0.3171123454530934],"valid_acc":[44.197220781139826,27.54374948686079,22.88623768260925,19.697507441543422,18.501733600518875,17.278658985424443,16.21119877630052,16.43233503716438,15.812607497833596,15.313003356328721,15.07821671561588,14.521280952667524,14.180021295644082,14.507630565320156,13.751399165012941,13.868792486202508,13.421059815367926,13.079800160427368,12.858663901229818,13.748669085668865,13.235414564314993,12.937836141804226,13.085260312241985,12.541974936224435,12.831363126326778,12.487373393708452,11.526386196104497,11.84034508280726,11.469054574244453,11.381692100220178,11.550956892496629,11.081383604197413,10.980370742825755,10.808375878078763,10.707363020456299,10.327882280109932,9.981162467939257,10.363373282839063,10.016653472334681,9.940211309021464,9.607141884198143,10.003003083321005,9.547080182369157,9.481558329142132,9.336864235340684,9.129378361407632,9.287722842556448,9.224931067632042,9.04201589113255,9.200360371239924],"valid_loss":[1.2972543346796923,0.83087052183208,0.6974867445941105,0.6001006084609446,0.5645375146112491,0.5257907607455216,0.5026413181473203,0.5026361957148079,0.4935121619952633,0.47578126150313177,0.4666250987731677,0.4625826167882607,0.44006958389061573,0.44926985428430855,0.4260890164556646,0.4381197296639697,0.41539419509193626,0.41232701183201825,0.40503677478368133,0.4322718547267558,0.41586606972939216,0.4046851754198301,0.4114293770462827,0.3925781390911961,0.4022154189932437,0.39333118645306964,0.3673478117536934,0.37526038507081333,0.3602828370277196,0.365729504252763,0.36709699464366974,0.35237345866007297,0.3543835299169846,0.35044153683472756,0.3438687963415941,0.3393192276769079,0.32770920119722596,0.33366420071854497,0.3246157897163425,0.3272740859226596,0.3166838456971948,0.32052477215423825,0.31597356923422254,0.31301593000188815,0.3043806647527989,0.3079438984565749,0.31009695345850696,0.304451774980002,0.3031424165810221,0.3024850202848263]}