{"train_acc":[65.91132466965163,32.131156492300974,25.035491973353714,22.00229332750901,20.148520257726332,19.386807906519607,18.019001856503223,17.46751119362237,17.418368461286448,16.839576280441193,16.361799716064212,16.031451348694986,15.777547231626073,15.403516435513808,15.389865676531613,15.351643551381457,14.720978486403851,14.79196243311128,14.756470459757566,14.546248771431692,14.164027519930102,13.910123402861203,13.708092169924655,13.637108223217211,13.061046194168398,13.164791962433114,13.080157256743476,12.965490881292993,12.561428415419897,12.50136507589822,12.520476138473299,12.121873976193072,11.758763787266574,11.963525171999564,11.704160751337781,11.521240580976297,11.193622365403513,11.174511302828435,10.874194605220055,10.88784536420225,10.803210658512612,10.532925630665062,10.453751228568308,10.429179862400346,10.096101343234679,10.044228459102328,10.006006333952172,10.178005897127875,10.02511739652725,10.09064103964181],"train_loss":[1.8560683103163351,0.958692293012456,0.7499900534447981,0.6648836648137442,0.6210002149766979,0.5905905115209944,0.5576613953609035,0.5405310390752464,0.5308770896162908,0.5196223468112414,0.5119669062869705,0.49897570348116616,0.49211531626751187,0.47768245395112274,0.4777931758829427,0.4750833071005895,0.457655456723039,0.4610508451155079,0.45823665301560496,0.4525297518131631,0.4449367807221827,0.43967360007824097,0.43393508102665485,0.4285850666867759,0.42015997128636606,0.41904775617202583,0.41501582862476316,0.4077185882196242,0.39974310622961745,0.3971505101375136,0.39440248858607124,0.3838117431722719,0.3779141433480865,0.37253964947677143,0.3726216307796999,0.3678597715909374,0.3568120091206462,0.35373128113351404,0.3490255894170938,0.3480962022750076,0.347606665521219,0.33853050672592677,0.33136776627327297,0.3321183913511338,0.322902998211369,0.3266398684907144,0.3173554059692875,0.3247602731624102,0.32383126627698183,0.3232076502144434],"valid_acc":[42.548254114758315,27.475497558663733,22.424854622760975,20.34999590363438,19.268885307787954,19.055939284123156,17.22132736293952,16.511507277738787,16.21665893353064,15.992792595405604,15.19287995683652,15.782576645252803,15.132818260839613,15.007234705783588,14.701466052530705,14.627753966478664,13.481121516155468,14.616833655142742,13.12894154946241,13.751399165637807,13.382838735377618,12.143383656091203,12.539244861670994,12.219825822112185,12.948756449182667,12.24439651746286,11.979579020420019,12.591116326925786,12.17341450867201,11.578257665733346,11.291599553308771,10.862977423302496,10.808375875371013,10.827486417240763,10.655491549786007,10.505337301462191,10.385213902594856,10.270550654917272,10.344262743677064,10.35791312998299,9.787326982395015,10.038494091465608,9.391465776815224,9.598951648665391,9.582571185098274,9.304103304457257,9.413306397612459,9.21401075754585,9.12391820688525,9.282262686367758],"valid_loss":[1.2371464070232623,0.8264300881402232,0.6833043991282667,0.6214975799853947,0.5859746210117,0.5772223268261074,0.523388935554727,0.502894557413453,0.5009141806715969,0.4901007199432891,0.464980944517988,0.4902304927941157,0.46853680509148704,0.4603844735508108,0.4649592020749922,0.45383756428061184,0.43096735676037445,0.4563700195586295,0.41423243618300476,0.4275239560668795,0.42826767338900995,0.38201355227305106,0.397166528694362,0.39538098023054874,0.4039172235739124,0.3846451691322464,0.37498713586281207,0.4072052482759153,0.38455917462456374,0.37310573009020925,0.36144916092562845,0.34680593256061376,0.3505181113847426,0.34949214637495934,0.34200974672470547,0.33480897838313217,0.3318402754505097,0.3367510310901354,0.33571334064060504,0.33260152967664364,0.32408287502460553,0.32888320630180373,0.3124310942643098,0.31559191065093134,0.3136118913172647,0.30827370377114016,0.3145071731710412,0.3097315068601823,0.3068889097768954,0.3070885586944922]}