{"train_acc":[49.77885770448837,16.749481271158672,12.725237523206289,11.513050125586986,10.857813694441404,9.929562083651845,9.910451021076767,9.487277492628593,9.16238942885225,8.807469695315064,8.739215900404062,8.643660587528672,8.242328273452003,8.10036038003713,8.135852353390845,8.018455826143935,7.715408976739113,7.453314404280874,7.565250627934915,7.245822867751443,7.079283608168609,7.098394670743687,6.888172982417828,6.688871901277707,6.325761712351209,6.320301408758326,5.940810309053177,5.8425248443813445,5.684176040187836,5.6787157365949525,5.321065851261324,4.960685814131267,4.859670197662993,4.805067161734186,4.40100469586109,4.190783007535217,3.9368788904663035,3.5846893087255722,3.5082450584252456,2.9267227257835486,2.8366277165010416,2.487168286556738,2.386152670088464,2.126788249426667,1.9930108114011205,1.8155509446325198,1.6080594081030881,1.5152342470241393,1.425139237741618,1.4606312110953326],"train_loss":[1.4276993374344407,0.5265391312911415,0.41664324542170883,0.3708823763433731,0.35437858431467106,0.3260095244355112,0.32902716630226636,0.31249621169098707,0.3018400311678326,0.29523602698233836,0.2919505807696517,0.2861462595596042,0.2788570272593151,0.27160781645040605,0.2715814626687503,0.2668326232935047,0.25950683204057867,0.25098062169542734,0.25114715409823035,0.24628801848399687,0.23910124325734033,0.23587140045507618,0.22859317400810356,0.2237444509777216,0.2156742380294683,0.21363513468654574,0.20410682239998007,0.1984255308454391,0.19346831481347662,0.18953641725524462,0.17999613692214478,0.17018146901603504,0.1669969606786182,0.15959084797493947,0.15240695416452166,0.1446800758917545,0.13768109304455545,0.12772283027841755,0.12137993664750368,0.10906441383608124,0.10363989513364567,0.09395605877637407,0.08832232816987154,0.08099507175014115,0.07748363729685535,0.07371053345923706,0.06801576554234975,0.0643734095384815,0.06252912333666581,0.06199661860248792],"valid_acc":[23.503235141866938,14.341095855095517,12.195255124053745,11.649239672857888,10.54901853555829,11.485435036145262,9.527969642582292,10.169537800002558,9.208550602398617,10.699172787631298,9.921100768193156,9.844658604879925,8.247563406044392,8.700756231401343,9.361434927983609,8.602473452081512,8.667995306349994,8.326735647660243,7.86808266507316,7.881733054086837,8.004586530840228,7.949984982908759,7.728848725794094,8.111059542360195,7.559583934559086,6.926206012671571,7.393049221626711,7.109121187504755,6.885254852712336,6.481203416390429,6.3993010985548295,7.152802422642296,6.702339675587979,6.574026045978513,6.090802369707063,6.45390264544487,6.232766387288763,5.7959540265403575,5.894236806276766,5.92426765510838,5.634879467088922,5.446504135442183,5.424663518394141,5.430123671875066,5.334570968358406,5.301810041224172,5.279969423134673,5.443774059222434,5.2799694214683655,5.271779191351115],"valid_loss":[0.7344486554329185,0.4578322898538046,0.40104660006067266,0.38435856824705017,0.3444118659759564,0.3739576003848554,0.31972840359275473,0.33539001839212795,0.3066125142720438,0.35587406943515404,0.3314314213959694,0.3265919734608509,0.2802670253148086,0.2975533628941181,0.31980662405248417,0.28985739007147554,0.29579158270302736,0.28463742302365513,0.2699212358721957,0.268221495043161,0.2752754101914919,0.2673602883283133,0.26656215568947106,0.277062788089444,0.26141480107627546,0.24034823930336094,0.25343543404023267,0.2526942149792,0.24375320877129797,0.2291548963434889,0.2258647985429116,0.25142474697897255,0.2379822177345283,0.2359500185235712,0.22142230623108974,0.23481293051857044,0.22162111867974865,0.21294581098895182,0.2150085598434582,0.2197255947523873,0.21040613193236501,0.20768660311283443,0.20326679078317195,0.20700709008087434,0.2058183057590924,0.20348572792172262,0.20172174607163226,0.2083663455996513,0.20068801984074186,0.2034506938449247]}