{"train_acc":[37.32,50.504,57.176,60.536,63.112,64.088,64.992,66.216,65.98,67.116,67.236,67.072,67.704,67.76,67.412,66.932,67.468,67.06,67.408,66.98,66.508,66.428,66.088,66.288,65.672,65.56,65.432,65.24,64.176,64.208,63.576,63.12,62.536,62.12,61.12,60.28,60.064,58.616,57.26,56.052,55.16,53.384,51.696,49.74,46.864,44.684,41.76,38.276,34.164,30.784],"train_loss":[1.695568888282776,1.3703181186676026,1.2107920649528503,1.1141071074676514,1.0570346787261964,1.028865793838501,1.0072259745788574,0.9796205876159668,0.9739748328399658,0.96336796875,0.9523198383331298,0.9571658158493042,0.9448135284042358,0.9452068776702881,0.9467991559219361,0.9578470334434509,0.9572947303581237,0.9692684009933472,0.9640152564811707,0.975884154586792,0.9871357239151001,0.9832852955436706,1.0065593050003052,1.007583673362732,1.0128329191207885,1.024685138053894,1.032143793258667,1.0490821321487427,1.0712724321746827,1.0785860010528565,1.0954517936325072,1.116958836708069,1.119153391494751,1.1386134175872802,1.1643672804260254,1.192102340927124,1.2021874270057678,1.2446072845458984,1.2749456159973145,1.3063556400299072,1.3355735568237306,1.3737699095916749,1.4341811023330688,1.4784574053192139,1.54763614112854,1.6017871811676025,1.6654061324691773,1.7629700702285767,1.8392834158325195,1.9298585976409912],"valid_acc":[45.364,53.66,59.12,58.248,63.924,64.452,64.84,65.268,70.784,71.248,70.736,71.3,69.812,72.168,71.704,72.364,71.692,73.388,73.376,73.08,73.588,73.592,74.536,73.956,73.42,73.984,74.464,73.752,75.316,75.48,74.172,75.052,75.084,76.156,73.876,74.92,74.788,74.748,74.68,75.028,75.556,74.872,74.512,74.552,74.748,74.66,73.976,74.244,73.524,73.388],"valid_loss":[1.4996315656280517,1.2974619380950927,1.1395014585876464,1.15998657661438,1.013895273628235,1.0036227267837525,0.9832434821701049,0.9962583239364624,0.8413857899856567,0.8126882621765137,0.8270072963905335,0.8260106897354126,0.8499854524612427,0.7847585850524902,0.8006736546516419,0.7815892265701294,0.8091355266571045,0.7676617677688599,0.758787743396759,0.7602784222412109,0.7566072676849365,0.7599495440292359,0.7398843755340576,0.7491149550437928,0.7503343330192566,0.7495457053756713,0.7308114395523071,0.7609168941116333,0.7141250205612183,0.7106235045814514,0.7374137962245941,0.7169651076889038,0.7114778936004639,0.6903587992477417,0.7518893268203736,0.7219733221054078,0.7223297695541382,0.7275155272865296,0.7236933976364136,0.716017580833435,0.7093109453582763,0.7231864512443542,0.7301284872055054,0.7381602569961548,0.7358279841995239,0.7485162716293335,0.7524419335365296,0.7598028796768188,0.785022072315216,0.8588128558158874]}