{"train_acc":[39.708,53.356,58.912,61.992,63.844,65.012,66.248,66.816,67.756,67.792,67.472,67.848,68.072,67.788,68.152,68.296,68.196,67.832,67.556,67.744,67.204,67.252,66.728,66.468,66.116,66.384,65.8,65.428,65.12,64.808,64.152,63.496,62.944,62.392,61.828,60.856,60.988,59.192,58.584,56.508,55.82,54.348,52.512,49.632,47.888,44.952,41.684,38.472,35.3,31.632],"train_loss":[1.6405075141906738,1.3013615628242492,1.1618214016914368,1.0853744449234008,1.0400802230453492,1.003533969745636,0.9775901252555848,0.9570692586898804,0.947770630531311,0.9312568961906433,0.947160110244751,0.9348538041305542,0.9312335194778443,0.9334576655960083,0.9301695167922973,0.9424543621444702,0.9447947147750855,0.9529963485336304,0.9519932999420166,0.9659667789077758,0.9707795561218262,0.9786561218070984,0.9936534624481201,1.0000906619644165,1.0070651111602784,1.0107631158065795,1.0214701006698608,1.0383470621871949,1.049406369857788,1.0608554824066163,1.0792191086006164,1.0983594951629638,1.1166596055412292,1.1356288762283324,1.156702166633606,1.184613731918335,1.1807464228057862,1.2245321925735473,1.258672452850342,1.3055814058303834,1.3293637957000732,1.3678020957565307,1.4134173175811768,1.469278853378296,1.528481251296997,1.6017267966079711,1.6752575531768799,1.752034888381958,1.8173049809265136,1.9091549676132202],"valid_acc":[47.212,57.68,59.628,62.744,64.12,68.184,68.596,68.564,69.992,71.756,71.336,70.984,69.844,72.72,73.428,72.804,72.96,73.596,73.912,73.328,74.064,73.756,74.616,74.376,74.932,75.224,75.292,75.768,74.464,74.636,75.0,74.904,74.26,75.6,75.388,75.476,75.968,74.732,75.264,75.008,75.2,75.196,75.328,75.324,75.228,75.164,74.868,74.496,74.808,74.18],"valid_loss":[1.4469151263809203,1.1794212609863282,1.1348690468215943,1.066282470474243,1.0170798394584655,0.9130893055915833,0.8906857331466674,0.8915698299407959,0.8346570975685119,0.8106427819061279,0.818641593132019,0.8291154028892517,0.8840243619155884,0.7753041680908204,0.7626823778629302,0.7696007781791687,0.7696213872146607,0.7568809590530395,0.7546638481330872,0.7561538788223267,0.7476562326812745,0.7413546102523804,0.7229250267791748,0.7317027585220337,0.7248974902534485,0.7210220267295837,0.7094168262290954,0.7042110054969788,0.7265510269546509,0.7404024117279052,0.7216753664779663,0.7283285930061341,0.7324933974075317,0.7048990693855286,0.7098055523109436,0.7128021273231506,0.6935695689582825,0.7234798203659057,0.7158036188697815,0.7177458852195739,0.7044484802627563,0.7209541116905213,0.7043440208816528,0.7032852497959137,0.7191364999771118,0.7246949610519409,0.7421215410232544,0.7564234066963196,0.7490463975143432,0.7940848935317993]}