{"train_acc":[38.712,51.784,57.596,60.4,63.028,64.208,65.296,65.736,66.76,66.764,67.272,67.1,67.396,67.048,67.3,67.64,67.452,67.46,67.284,67.26,67.032,66.82,66.228,66.204,66.42,65.552,65.352,64.664,64.66,64.216,63.392,63.604,62.824,62.544,61.828,60.644,59.976,59.168,58.132,56.404,54.456,54.02,52.088,49.976,47.416,44.336,41.784,38.32,35.032,30.764],"train_loss":[1.6696006616973877,1.3446820051956176,1.1934320223236083,1.1215941625976562,1.0557354877471923,1.0209658726882935,1.0031593083000183,0.9846523728561402,0.9639838841247559,0.9631230344963073,0.9516688342094421,0.9592663803863526,0.9503382115554809,0.9586802488517762,0.9473700505447388,0.9532191009140014,0.9483534856796265,0.9618084243583679,0.9642169503593445,0.9650091160202027,0.9745957894897461,0.9881287479782105,0.994689079360962,1.0002641644096375,1.001775699005127,1.0228911496162414,1.039681153869629,1.0532686399078368,1.0569200309753417,1.0645792182159424,1.0920528072357178,1.104983235359192,1.1146643042373656,1.1251258562469482,1.1487966416549682,1.192658088798523,1.2141536016082763,1.2292127964782715,1.269231554298401,1.3047876623535157,1.3474961881256105,1.3773429412460327,1.4137101581192018,1.4768470050430298,1.535669850769043,1.6068345339584351,1.6735766901016236,1.7459350094604493,1.824825383834839,1.9227589596176147],"valid_acc":[47.036,54.5,59.124,63.48,63.988,65.028,67.988,69.152,70.528,70.78,69.472,71.024,72.252,73.168,73.256,73.388,72.012,73.508,73.116,73.884,73.48,73.596,74.328,74.632,75.184,74.24,73.196,74.916,74.584,75.28,74.976,73.612,74.496,75.34,74.204,75.108,75.22,75.02,75.024,75.816,75.056,74.924,75.152,74.948,75.0,74.508,74.384,74.552,74.236,73.568],"valid_loss":[1.4417477646636963,1.2669962593460082,1.1651722895431518,1.0305372526168823,1.0339538915252686,0.9995890391159058,0.8997795269012451,0.8767986194229126,0.8442913833999633,0.8270680581283569,0.8674865183830262,0.8207710471534729,0.7903338368225098,0.7723098163223266,0.784977796459198,0.7604225448989869,0.803899603691101,0.7572670576286316,0.7639735145950317,0.747330560722351,0.7551826346206665,0.7492515856170654,0.7454454110336304,0.7250641747283936,0.7167630252456665,0.7446876782608032,0.766601570777893,0.7207404721069336,0.7251636827087402,0.7097247558021545,0.7261522922897339,0.7627338535690308,0.7230879517364502,0.7055987857246399,0.7294924827957153,0.7083607701301575,0.7156852969551086,0.7123925273990631,0.7217309072113037,0.7043207765960693,0.715726699924469,0.7162345485305787,0.7137987309646606,0.7190592978286743,0.7226996118736267,0.738975641670227,0.7572151334190369,0.7549105864524841,0.7757310740852356,0.788025326538086]}