{"train_acc":[81.92366495577154,81.85541116086054,81.3667139892978,81.15922245276838,81.15922245276838,81.15922245276838,81.15922245276838,81.15922245276838,81.15922245276838,81.15922245276838,81.15922245276838,81.15922245276838,81.15922245276838,81.15922245276838,81.15922245276838,81.15922245276838,81.15922245276838,81.15922245276838,81.15922245276838,81.15922245276838,81.15922245276838,81.15922245276838,81.15922245276838,81.15922245276838,81.15922245276838,81.15922245276838,81.15922245276838,81.15922245276838,81.15922245276838,81.15922245276838,81.15922245276838,81.15922245276838,81.15922245276838,81.15922245276838,81.15922245276838,81.15922245276838,81.15922245276838,81.15922245276838,81.15922245276838,81.15922245276838,81.15922245276838,81.15922245276838,81.15922245276838,81.15922245276838,81.15922245276838,81.15922245276838,81.15922245276838,81.15922245276838,81.15922245276838,81.15922245276838],"train_loss":[2.258904516117612,2.251059688620397,2.249169063240052,2.247930602734691,2.2475333899093584,2.2477299247205136,2.2475373577287887,2.2477141983113045,2.2476587418686083,2.2474405674665165,2.2472684938235616,2.2477128287779133,2.2474745265831135,2.247561206746807,2.2474881025384943,2.24751272581154,2.247430783270019,2.247609694659925,2.2475606452120798,2.2472886837399706,2.2474109071746358,2.247403534971185,2.2474604211442526,2.2471927771912505,2.2472317373959587,2.2475556541741564,2.247355486844921,2.2473332481482173,2.2473198010487447,2.247249137447874,2.247307406511189,2.2471028423028128,2.247435016403998,2.2471931613635925,2.247072395726923,2.2473655697350887,2.2467344374561384,2.247489311373024,2.2473557458065008,2.2469594144295226,2.2473169229977565,2.24699027387026,2.2469053617325154,2.2473716073985495,2.2465053564910873,2.2474187302305615,2.2469856954107796,2.247161273106459,2.2472529434749,2.246918910010824],"valid_acc":[85.47598897007128,80.99866226172544,80.99866226222012,80.99866226216805,80.99866226224617,80.99866226222012,80.99866226172544,80.99866226229824,80.99866226216805,80.99866226172544,80.99866226172544,80.99866226224617,80.99866226172544,80.99866226222012,80.99866226219409,80.99866226224617,80.99866226224617,80.99866226229824,80.99866226224617,80.99866226222012,80.99866226222012,80.99866226222012,80.99866226287102,80.99866226214202,80.99866226214202,80.99866226219409,80.99866226287102,80.99866226172544,80.99866226172544,80.99866226229824,80.99866226229824,80.99866226219409,80.99866226219409,80.99866226224617,80.99866226224617,80.99866226222012,80.99866226219409,80.99866226229824,80.99866226222012,80.99866226214202,80.99866226172544,80.99866226224617,80.99866226216805,80.99866226219409,80.99866226229824,80.99866226224617,80.99866226219409,80.99866226214202,80.99866226219409,80.99866226224617],"valid_loss":[2.255200583524261,2.2496394300972424,2.2459323853453657,2.2468122451486146,2.246080670825009,2.2433769023175314,2.245764783801557,2.2443064012412646,2.2465521928546712,2.246810647772123,2.247922327637643,2.2449154167575727,2.246778978893077,2.2436490470138266,2.2443235333107943,2.246379462541827,2.2461360994377677,2.2447405049430444,2.2440474747524446,2.2459271088543167,2.247391120329572,2.2462304556489223,2.2453729824057933,2.246937761305721,2.2474411449722935,2.2481399785909617,2.245723681841863,2.2475339721060132,2.2463445515111777,2.246881969750486,2.245838707028223,2.247213258064787,2.245054555689759,2.2458088083985026,2.246650609588925,2.2457261964747515,2.2482737843841725,2.246523050214081,2.2453563617557997,2.246336494533178,2.245600391311029,2.2461236085602465,2.246406168813882,2.2457426227982094,2.2466303190476427,2.2461634199261753,2.2461240727894496,2.2461413963410766,2.2459159937409745,2.246048171252908]}