{"train_acc":[21.072,21.044,21.444,19.924,20.236,19.86,20.096,19.068,19.156,19.496,19.948,19.448,18.472,18.84,18.268,18.328,18.992,19.064,18.58,18.316,17.964,18.44,18.232,17.5,18.272,18.72,18.732,18.884,19.004,18.876,18.504,18.508,19.116,18.476,18.348,19.356,19.304,18.828,19.376,19.588,20.32,20.356,20.672,21.424,21.912,22.168,23.296,23.628,24.052,24.084],"train_loss":[2.0797126598358155,2.0889559543609617,2.085110766944885,2.1056599723052978,2.093384526824951,2.1123383274841308,2.1141824114990233,2.1402185286712645,2.1340672945404053,2.1385792505645753,2.1240547010040283,2.1316705334472656,2.162188517379761,2.155324872131348,2.1743657571411132,2.1694324225616457,2.149013354187012,2.1476368784332274,2.157809826660156,2.1674667498016356,2.1629311947631837,2.158888013458252,2.1621164019012453,2.1730172163391113,2.1684761402893065,2.158669814987183,2.161400214309692,2.1493583404922485,2.134015243911743,2.1444659478759767,2.144829301223755,2.137936955947876,2.137931352157593,2.139134757156372,2.138149037704468,2.1273206648254392,2.122319756011963,2.121275004119873,2.1060709705352783,2.1032746452331543,2.0915520719909666,2.0769071025848387,2.061587924423218,2.0541129080200196,2.036344115142822,2.029343222579956,2.0141641678619386,1.997788337135315,1.9926316464614868,1.9990604388427735],"valid_acc":[14.188,18.12,14.92,19.3,12.4,19.816,13.216,14.732,10.372,13.208,11.412,20.204,14.796,18.432,10.752,15.156,15.696,18.532,15.856,19.74,18.584,16.916,10.464,18.34,19.232,14.48,15.48,19.848,18.588,20.672,17.704,17.876,16.888,20.564,16.56,19.804,19.196,18.52,15.872,21.524,21.464,23.252,22.132,22.972,22.552,23.604,24.224,25.444,27.096,23.812],"valid_loss":[3.3636449781799316,2.1356763694763186,3.5568658476257324,2.257968334350586,2.81603827041626,2.248921777648926,2.5761489292907713,2.262247356185913,4.049067694702148,2.788480370635986,9.459342405395509,2.099005743560791,2.407238003692627,2.1852092500305176,4.1730696932983395,2.184011428985596,2.224369448852539,2.085699754486084,2.222847309036255,2.145965911102295,2.184267738189697,2.2404342436218263,2.903182104644775,2.150789547805786,2.150351505203247,2.5146003887176516,2.1941935938262938,2.1733886932373045,2.134765859642029,2.075010206451416,2.134700109024048,2.2605146134948733,2.2525469522094728,2.136877328033447,2.314345375213623,2.0709138642883302,2.075966059112549,2.092203492965698,2.263650679168701,2.054000051651001,2.0358135746765136,1.9568250507354736,2.0017758410263062,2.0119195875549316,1.994455084991455,1.9858884828186034,1.9744006914901733,1.9297919388580322,1.892824016494751,1.9160007312774658]}