{"train_acc":[62.24746095882931,31.819919187506827,25.221142295511626,22.649339303265265,21.584580102653703,20.71366167958938,20.27683739215901,19.35404608496232,19.143824396636447,19.045538931964614,18.974554985257186,18.682428743038116,18.524079938844594,18.450365840340723,18.51315933165884,18.453095992137165,18.581413126569842,18.61963525172,18.431254777765645,18.4012231080048,18.455826143933606,19.121983182264927,18.66604783225948,19.111062575079174,19.30217320082997,19.313093808015722,19.665283389756468,20.01474281970077,19.886425685268094,20.140329802337007,20.396964071202362,20.792836081686147,21.175057333187723,21.371628262531402,22.067816970623568,22.450038222125144,23.047941465545478,24.079938844599766,25.035491973353714,26.539805613192087,27.8338975647046,28.931418586873434,30.883477121327942,33.4334388992028,36.10898765971388,39.60631211095337,42.72414546248771,46.85486513050125,51.367806050016384,55.90258818390303],"train_loss":[1.7510138313309704,0.9425078299520213,0.7668245000207582,0.6963879282562783,0.661434641796467,0.6381521689601506,0.6217570391182453,0.6089109536034579,0.6024975407438611,0.5908736792651668,0.5930939350336989,0.59525447624817,0.5875330372735169,0.580529415153111,0.5884975647580042,0.5876977007807219,0.5889417163094436,0.5927420092732987,0.5915959710648868,0.592650776641317,0.5957007550042412,0.6109815859971667,0.6040623312214127,0.6165542677785288,0.6268265065738594,0.6197061425306215,0.6356730141942517,0.6465943289972151,0.6451217807822057,0.6554606105284854,0.6708089812973304,0.6775149855471027,0.6973320039726962,0.7046270576661964,0.7262599866886489,0.7394760308391183,0.7610385289577023,0.7881173971009929,0.8167740581753448,0.8593146124755215,0.9002705614184323,0.9319879581955071,0.9847979633206947,1.041686484878001,1.116147564828845,1.206220175887451,1.2888813239330155,1.4035528659351895,1.5083956697875787,1.6198340030923035],"valid_acc":[38.944552132908186,28.051543857441473,21.72049468937486,24.254006387131056,19.29072592858519,18.95219634715663,17.614458488550383,17.07936334806557,16.975620411099044,16.803625541977993,15.951841439195547,15.558710312543255,15.61604193336187,15.28297250749712,16.678041989004853,15.015424935900839,14.584072728633373,15.340304131023473,14.843430068446096,14.827049603837523,14.496710257941714,14.155450600293406,14.25919353351074,14.05989789719331,14.52947118340964,13.816921018239967,14.021676811787515,13.5302629074817,14.657784816351722,14.073548282457807,13.896093258814375,13.502962134869833,13.59305468178124,14.231892761940315,13.309126646617841,13.216304023486686,13.352807885504575,13.584864452705418,13.440170357862542,13.655846458788517,13.325507112892709,13.437440278935043,13.524802751917875,13.481121516780334,13.431980124412675,13.614895302578475,13.614895302578475,13.7923503245556,13.947964726776917,14.545851648643065],"valid_loss":[1.1435202169829704,0.8408171906056368,0.661292929150958,0.7399920877330104,0.5865898638416128,0.580679663306125,0.5377036115024088,0.5235052364666433,0.5145136024189144,0.5255412162953095,0.49114011995293605,0.48845099218191956,0.4840205728482118,0.4826439074520436,0.5335249340294353,0.46970104974468746,0.45872832441617,0.4746069362491663,0.4559304296088396,0.46358639009901215,0.4586344711396484,0.44693811559926744,0.45081244418441024,0.44693869248115153,0.46007981244929774,0.4394935303815652,0.4433493745255722,0.43114398833057205,0.47017012677527187,0.4487079626258492,0.44554771923401154,0.4326673005119081,0.43793583837284883,0.45444975300182006,0.42522075664968134,0.4354612806602369,0.4363096716474486,0.4429873993703724,0.43954056852549717,0.4452947419987104,0.44266634668074084,0.44061752399325177,0.44306906615220565,0.4410634510392603,0.4363381309268639,0.44258278507595195,0.44297672326788246,0.43762896920556194,0.4468949249079806,0.45065163751925436]}