{"train_acc":[16.91875068253795,17.527574533144044,17.232718139128536,17.781478650212954,17.35011466637545,17.59582832805504,17.238178442721416,17.36376542535765,17.901605329256306,17.54395544392268,17.503003166976082,17.37468603254341,17.642240908594516,17.748716828655674,17.309162389428852,17.732335917877034,17.505733318772524,17.729605766080596,17.63132030140876,17.82243092715955,17.688653489133994,17.724145462487716,17.926176695424264,17.904335481052748,18.0244621600961,18.840777547231625,18.840777547231625,18.840777547231625,18.840777547231625,18.840777547231625,18.840777547231625,18.840777547231625,18.840777547231625,18.840777547231625,18.840777547231625,18.840777547231625,18.840777547231625,18.840777547231625,18.840777547231625,18.840777547231625,18.840777547231625,18.840777547231625,18.840777547231625,18.840777547231625,18.840777547231625,18.840777547231625,18.840777547231625,18.840777547231625,18.840777547231625,18.840777547231625],"train_loss":[2.2746979136829935,2.271825530740701,2.2724556863548795,2.2706307279395785,2.2721739737529534,2.2712728145849734,2.27224580567516,2.273467706543032,2.271066987229393,2.2732826856021813,2.272272984221524,2.27261268810061,2.273423751525071,2.2727124118721616,2.275278315398843,2.2722934656714955,2.273488735077331,2.272742614639864,2.2730593975811164,2.271679179981128,2.2736736637439168,2.2723214628915933,2.272459103835388,2.272017516696168,2.2707088587259876,2.2654657264431193,2.2657131543648457,2.26558982533139,2.2655435365087615,2.265438156251865,2.2654488624099094,2.265515359374677,2.2654619682976884,2.2653870513583163,2.2656615490448373,2.2652626807244176,2.265580145906801,2.265436127077248,2.2655882495868878,2.2651634666484113,2.2656333963071935,2.265328442098741,2.265315473789183,2.2653600851937754,2.2656392822544738,2.2652748836054086,2.2652291407996006,2.265389118468487,2.265412519393926,2.2655616680893873],"valid_acc":[16.937399327671983,15.19287995839868,19.001337737753836,18.3898004312741,13.232684484918853,15.288432662618316,19.001337738274557,18.654617925583153,19.001337737753836,16.047394141150054,17.14488520022513,19.001337738274557,19.001337737701764,16.806355619785933,18.84845341115343,18.9958775832575,13.882442873107273,18.709219470858955,19.001337737779874,19.001337737831946,14.37112670283362,19.001337737753836,14.447568866120806,11.605558437251704,6.208195691938082,19.001337737701764,19.00133773712897,19.001337737779874,19.00133773712897,19.001337738274557,19.001337738274557,19.00133773780591,19.00133773712897,19.001337737779874,19.001337737753836,19.001337737779874,19.001337737779874,19.001337737701764,19.001337737779874,19.00133773780591,19.001337737831946,19.001337737701764,19.00133773780591,19.001337737753836,19.001337737779874,19.001337737831946,19.00133773780591,19.001337737779874,19.001337737701764,19.001337737831946],"valid_loss":[2.2777527723718802,2.301195987303429,2.258496424701987,2.2694096490913673,2.9772565895907888,2.3030598185865556,2.2586773535443023,2.4013129482854056,2.261170173577222,2.2817212426759106,2.2794928813423914,2.259252176572749,2.2654329739766697,2.3001347621310146,2.2635644685399012,2.2648376695952708,2.2821373514866257,2.2687080836861715,2.26590484234432,2.260618041997499,2.3322259718736063,2.858172918694517,2.282995274691204,5.421951522515758,15.548229930760732,2.266788773579772,2.264128664045051,2.2646152915375026,2.2653301229848983,2.2641541942298686,2.2648175445911667,2.265218819208652,2.264013837578809,2.265718391634244,2.262859742156983,2.265084501117189,2.2650294671002285,2.2644766048319025,2.262805847366728,2.265078136156706,2.263274132705847,2.264395327977992,2.26467560535209,2.2649795058162243,2.2647044679489725,2.2648319232121787,2.2651379708494717,2.265157781832829,2.265079929083427,2.2646198391559627]}