{"train_acc":[17.219067380146335,17.331003603800372,17.541225292126242,17.429289068472208,17.612209238833678,17.497542863383202,17.489352407993884,17.78966910560227,17.478431800808124,17.503003166976082,17.63678060500164,17.467511193622364,17.926176695424264,17.440209675657968,17.699574096319754,17.784208802009392,17.478431800808124,17.639510756798078,17.80331986458447,17.705034399912634,17.669542426558916,17.964398820574424,18.840777547231625,18.840777547231625,18.840777547231625,18.840777547231625,18.840777547231625,18.840777547231625,18.840777547231625,18.840777547231625,18.840777547231625,18.840777547231625,18.840777547231625,18.840777547231625,18.840777547231625,18.840777547231625,18.840777547231625,18.840777547231625,18.840777547231625,18.840777547231625,18.840777547231625,18.840777547231625,18.840777547231625,18.840777547231625,18.840777547231625,18.840777547231625,18.840777547231625,18.840777547231625,18.840777547231625,18.840777547231625],"train_loss":[2.2758771537159213,2.2716018544595236,2.271373028133951,2.2710414403284482,2.2704298254625237,2.2720772489210503,2.271436964253535,2.2714119779499935,2.2718456427290983,2.2746676993028974,2.272693299929544,2.2740438153445104,2.271362707476123,2.2746360145490527,2.2730824072001425,2.2729337949920483,2.274188781625594,2.272063849312621,2.272880788191549,2.2726461021116733,2.271681420365913,2.270785418897135,2.265667185664138,2.2655235835789096,2.265662948858976,2.2654676364995745,2.2657131535316695,2.26558982533139,2.2655435365087615,2.265438156251865,2.2654488624099094,2.265515359374677,2.2654619682976884,2.2653870513583163,2.2656615490448373,2.2652626807244176,2.265580145906801,2.265436127077248,2.2655882495868878,2.2651634666484113,2.2656333963071935,2.265328442098741,2.265315473789183,2.2653600851937754,2.2656392822544738,2.2652748836054086,2.2652291407996006,2.265389118468487,2.265412519393926,2.2655616680893873],"valid_acc":[14.67416527929397,14.493980179587012,10.647301318549209,15.558710311423708,14.461219252452773,13.093450544624378,19.001337738274557,7.537743318109867,16.691692375310787,19.001337737753836,12.290807829809513,6.208195691912046,16.151137077595862,18.952196347104554,14.103579131237343,18.960386578862074,19.001337738274557,18.930355728989024,19.001337737779874,16.546998280051326,14.229162685251922,19.001337737753836,19.001337737779874,19.001337737753836,19.001337737753836,19.001337737701764,19.00133773712897,19.001337737779874,19.00133773712897,19.001337738274557,19.001337738274557,19.00133773780591,19.00133773712897,19.001337737779874,19.001337737753836,19.001337737779874,19.001337737779874,19.001337737701764,19.001337737779874,19.00133773780591,19.001337737831946,19.001337737701764,19.00133773780591,19.001337737753836,19.001337737779874,19.001337737831946,19.00133773780591,19.001337737779874,19.001337737701764,19.001337737831946],"valid_loss":[2.294767046095799,2.3152770960424367,2.315473612528598,2.279881299503729,2.8034541867003173,3.8826956403203714,2.2693443293067546,7.685204929526873,2.2687971165609215,2.2646690170804433,2.321850965915361,9.52142622752761,2.270091742678263,2.2652249725156106,2.539108009588846,2.261121034413904,2.269244174738052,2.259739895548307,2.481819346514175,2.2599286817307327,2.550993947458943,2.263943688817209,2.2637412646025807,2.2648180916670673,2.2652124463983014,2.2667887431696703,2.264128664045051,2.2646152915375026,2.2653301229848983,2.2641541942298686,2.2648175445911667,2.265218819208652,2.264013837578809,2.265718391634244,2.262859742156983,2.265084501117189,2.2650294671002285,2.2644766048319025,2.262805847366728,2.265078136156706,2.263274132705847,2.264395327977992,2.26467560535209,2.2649795058162243,2.2647044679489725,2.2648319232121787,2.2651379708494717,2.265157781832829,2.265079929083427,2.2646198391559627]}