{"train_acc":[37.064,48.18,53.08,55.64,56.748,57.852,58.792,59.332,59.684,60.252,61.076,61.216,61.376,61.684,61.824,61.876,62.232,62.284,62.52,62.688,63.232,63.292,64.464,63.98,64.568,65.052,65.12,65.668,66.136,66.744,66.912,67.28,67.872,68.944,68.98,69.516,70.38,71.036,71.276,71.864,73.424,73.912,75.236,75.448,76.212,76.924,77.624,77.524,78.096,78.168],"train_loss":[1.7053082253265381,1.4198597288131714,1.3115612422943115,1.2473035800170897,1.2234523360443115,1.1863278012466432,1.1757180431365968,1.160935548248291,1.1480548835754394,1.13684146900177,1.1220275345230102,1.1178386936187743,1.1019909049606322,1.1001633409881593,1.104097141571045,1.103073089466095,1.089752159767151,1.0842721186447144,1.0808367038345337,1.068280521774292,1.0568148543930054,1.0555060966300964,1.0440233372879029,1.0408915132904053,1.026540721168518,1.0172099997711181,1.0117253408050537,0.9919440658950806,0.9847819302558899,0.9773317765045166,0.9633320092010498,0.9577874685287475,0.9403587191772461,0.9120357551956176,0.9128253504753113,0.8884932201004029,0.8689763465499878,0.8453065943145752,0.8336686576461791,0.8262268058395386,0.786659197845459,0.7679361755371094,0.7371322271537781,0.7316273983383179,0.7080999072647095,0.6885136701774597,0.6722947890472412,0.6669196908473969,0.6492673660182953,0.6494966097640992],"valid_acc":[36.232,45.516,52.608,53.3,55.604,57.812,53.552,60.152,60.052,57.776,58.624,60.272,61.588,61.708,58.58,62.512,63.608,63.596,58.724,64.452,60.44,64.352,67.208,66.436,64.316,64.624,61.2,69.544,66.024,68.884,67.932,68.812,70.432,70.344,72.548,73.564,72.144,74.752,75.388,74.244,76.672,76.94,77.36,77.82,79.08,78.856,79.688,79.468,80.712,80.316],"valid_loss":[1.785700575904846,1.4996125331878662,1.3110150369262696,1.2720321770095826,1.281182818889618,1.194475638256073,1.302097025718689,1.1367127639007568,1.1661288914871215,1.186225502281189,1.1701280080032348,1.1198817819595337,1.104179008293152,1.0725407278060912,1.2001193627166749,1.0675243203544618,1.0364540295028686,1.0269842129707336,1.2603273775482178,1.0152669911193848,1.169259120941162,1.0193260918426514,0.9330200209808349,0.9639419258499146,1.0276575017929077,1.0279177254867553,1.105054988937378,0.871158275718689,0.9865366709899902,0.8792821990585327,0.9328688000297546,0.8936482852172851,0.8453070279121399,0.8351417973709107,0.7755584339523316,0.757373241519928,0.8165982833862304,0.7326623491096497,0.7144760669517517,0.7498080754470825,0.6716049933815003,0.6669403754234314,0.6447530982589722,0.6369664500617981,0.5996200158119201,0.6075616728591919,0.5919577445316315,0.586723180475235,0.5639015880203248,0.5643535436058045]}