{"train_acc":[20.976,21.092,20.58,19.092,19.7,20.02,19.236,18.384,17.876,17.116,17.68,17.888,16.348,16.988,17.036,17.012,17.232,16.28,16.728,15.02,15.096,16.168,15.648,15.548,15.176,14.904,14.888,15.064,14.98,15.004,10.984,9.9,9.984,9.74,10.088,10.128,9.688,9.788,9.888,9.74,9.912,9.872,9.94,9.772,9.892,9.708,9.856,9.688,10.016,9.728],"train_loss":[2.079433554725647,2.083819326324463,2.1052388842773437,2.1372124432373045,2.1293937759399415,2.1333396068573,2.1477359938049316,2.1582922747802735,2.1778414757537843,2.1872831950378417,2.195615747909546,2.1913673568725587,2.2149809285736084,2.202711427307129,2.2114582357788084,2.221997156600952,2.2187721937561036,2.2381290212249754,2.2251233570861815,2.2745199253845216,2.269665601501465,2.252668210220337,2.260038174972534,2.2607366694641113,2.2906710539245605,2.2884198136901857,2.2800137980651853,2.284808632965088,2.2908976582336424,2.2748397547149657,2.3060367710876464,2.3027029624938966,2.302610671005249,2.302663482208252,2.3027125807189943,2.302612730102539,2.3026871905517576,2.3026934220886233,2.3026957417297362,2.302697036895752,2.302654038543701,2.302636807861328,2.302599468231201,2.3026521421813966,2.302611474456787,2.30259040725708,2.30262442276001,2.302604483795166,2.302589988861084,2.3025800492858886],"valid_acc":[20.424,18.512,15.116,16.548,16.268,13.136,17.888,16.064,19.42,20.2,17.744,10.684,17.74,16.112,12.444,11.836,15.164,16.756,18.54,15.556,18.856,16.58,10.072,16.652,15.768,14.296,16.528,16.3,14.624,15.212,9.928,9.852,9.94,10.036,10.036,10.04,10.036,9.94,9.972,10.04,9.88,9.912,10.084,9.852,9.928,9.94,9.88,9.94,9.852,9.852],"valid_loss":[2.226224768218994,2.2397881669616697,3.80294491317749,2.1859377854156494,2.229277809906006,2.3707659120941162,2.1957757817840577,2.233425658569336,2.112017334289551,2.1850793505096435,2.1669872700500488,2.4638143186950683,2.284941146850586,2.203765551223755,2.472109366531372,2.580374600906372,2.3758774284362794,2.177810597229004,2.1582464437103273,2.2123621772766113,2.1275970051574706,2.158414080352783,2.308371063156128,2.1909741110229493,2.2324927699279784,2.2386101999664305,2.1743480105590822,2.2576194184875487,2.3113262558746337,2.212652505187988,2.302763709564209,2.3026804959106446,2.3027189881896972,2.302666022033691,2.3026816453552246,2.3026699649047853,2.302651734390259,2.3026523034667967,2.3026551081848146,2.3025789060974122,2.3026518817138673,2.3026912720489503,2.3026058070373536,2.3026660304260256,2.302648359069824,2.3026102192687987,2.3026690042114257,2.302660600204468,2.3026543814849854,2.3026513831329347]}