{"train_acc":[25.816315387135525,42.56033635470132,49.705143605984496,50.4450147428197,50.36857049251938,48.738669870044774,47.68210112482254,48.255433002074916,46.59550070983947,46.24058097630228,45.659058643660586,45.21677405263733,44.165665611007974,43.895380583160424,43.82712678824943,43.43671508135852,42.9835098831495,42.39379709511849,42.262749808889374,41.6348148957082,40.914054821448076,41.23348258163154,40.77754723162608,40.43900840886754,39.950311237304795,39.35786829747734,39.67456590586437,39.180408430708745,38.83367915256088,39.07666266244403,39.50256634268865,38.50333078519166,38.90466309926832,39.01386917112591,39.01659932292235,39.05755159986895,39.12034509118707,38.86644097411816,39.04663099268319,37.73615813039205,38.11564923009719,37.01812820792836,36.401113901932945,35.73768701539806,34.52549961777875,33.10582068363001,31.639729168941795,30.209129627607297,28.72938735393688,26.65447198864257],"train_loss":[2.0714080664376526,1.6523742709889402,1.467921585368579,1.4526542801256588,1.449942020137354,1.5049520088775692,1.528265404651763,1.5182261484424606,1.5588140516050963,1.5755189980197268,1.5880820201554255,1.5993521187364554,1.6285195750311185,1.6395625556623152,1.644474700260881,1.659571785521687,1.6699074557140767,1.6775785205248885,1.6885796924130527,1.7106137298217594,1.7213479756033159,1.7154420169534752,1.7345711710516303,1.736540369322509,1.7584652722083651,1.7696182288313271,1.7609702232324804,1.7714519970305325,1.7757123040621805,1.7776540946892754,1.7744595866491275,1.7890034390677918,1.7867935967130328,1.7863295353225737,1.7806000481712072,1.7877803110875872,1.7887424955308677,1.794398022059909,1.8001758447703127,1.8206910116125483,1.8221719381108066,1.8422616890349788,1.8577866449462308,1.8708811938222403,1.8989273748036437,1.9287310060851242,1.9614998686322742,1.996195840356495,2.0302082583335883,2.076793901222794],"valid_acc":[28.02697316261151,38.947282208398924,38.390346447116876,52.34923148293854,51.314532201053005,44.26274263582488,50.83403860245932,40.484315706967635,43.79589942426613,41.90941603564068,33.39976521252238,45.810696441876175,50.98146277456339,41.54631576094432,39.73354445915198,45.96631084638867,46.6706707795665,42.567364656263564,45.652351961352224,39.55335935861187,50.02866581103417,45.270141144786116,50.13513882474116,46.73073247889602,54.42682027818074,48.71822872618537,46.12192524965143,36.012449152102725,46.6542903155828,52.11717491521697,50.17608998365896,51.00603347158037,53.332059295820095,56.10308771717411,53.92175598423638,58.076933576907805,56.26962243000234,55.10933959462295,55.996614703883694,57.67288214277292,58.76491304724752,57.4435556538747,59.40102104972884,58.58199786970658,59.433781973947035,60.050779436745636,59.163504327484894,58.69666111467642,56.47983837963443,54.22752463925971],"valid_loss":[2.081807027301415,1.8088275728199932,1.815150652439075,1.3703837253794258,1.4353077816935207,1.6125567562050471,1.4491624418961275,1.9681432266526173,1.618509250365564,1.6610758514902106,1.9774602643036718,1.567756665778455,1.4410597970625045,1.7042964963297993,1.7022719158646307,1.5952634908678542,1.529299660576998,1.684898503110679,1.532778037776102,1.7759730181454108,1.5060201314330808,1.5589759421682483,1.4549410533526206,1.5526669002965052,1.3883814506498997,1.5102747098543436,1.538641345511035,1.9361384668300492,1.5493090330338855,1.4465150770480648,1.494541517717513,1.5182045024222852,1.400486773226614,1.343256492166796,1.3573564318728755,1.3062734409197305,1.3431200645600598,1.4217613491946544,1.337524979689083,1.3103997447657387,1.344325049942348,1.35364952389811,1.3236854808291287,1.3598228149343246,1.336760282487189,1.3803820553743438,1.412265069319577,1.435087297172263,1.4953406243754004,1.6484943583626794]}