{"train_acc":[27.623675876378726,37.864475264824726,44.79633067598559,49.76520694550617,49.73790542754177,48.697717593098176,48.96254231735284,48.446543627825704,47.152451676313206,46.893087255651416,46.12591460085181,45.28502784754832,45.271377088566126,44.263951075679806,43.96363437807142,43.69880965381675,42.55760620290488,42.047067816970625,41.842306432237635,41.67303702085836,41.514688216664844,40.414437042699575,40.39805613192093,40.05405700556951,40.23697717593098,39.58447089658185,39.99672381784427,39.06847220705471,39.19951949328382,38.91558370645408,39.17767827891231,38.64802883040297,38.53882275854537,38.79818717920716,38.22212515015835,37.94091951512504,37.949109970514364,38.11564923009719,37.5614284154199,37.646063121109535,37.57780932619853,36.23184449055368,35.666703068690616,35.28448181718903,34.326198536638636,33.23959812165556,31.814458883913947,30.173637654253575,28.47821338866441,26.38418696079502],"train_loss":[2.0245870162634345,1.7670229537603934,1.592454602641024,1.474912316658305,1.470258917573681,1.4965998399748452,1.495096310603771,1.5191866893415251,1.5466124524036011,1.5537628561723722,1.5774939132593364,1.6045887985382588,1.6129969457514073,1.6183844325296923,1.6368372315361703,1.6512795671229932,1.6728275241296704,1.6901928556789487,1.6993840044341755,1.7077598048698905,1.713039852092135,1.7338042759122032,1.739781146280185,1.7430495758614868,1.7479230997746489,1.7610977863502566,1.7539239989444524,1.7817704287811542,1.7720616311892627,1.7839011341720685,1.782380100029244,1.78934964634282,1.798342132250711,1.7937941976649097,1.7981388789149133,1.8111379264652618,1.8124301400366367,1.8175155797665512,1.825794125040689,1.8263354472514126,1.8325483239581,1.8570199038532738,1.8721785562273012,1.8918346607543188,1.9088138945565885,1.9255538370276795,1.9666441065444689,2.0054628230266025,2.0403420422630982,2.090343669784294],"valid_acc":[34.876737011449144,38.05454694352229,45.529498485640275,27.958721231706715,44.09620792237178,44.38832618879801,45.204619289892776,39.485107427811215,42.48273226048984,47.87736492869849,47.81457315210778,42.88951377292735,50.3753856242463,46.695241475646185,48.363318681085545,43.89418220618956,50.582871496096466,45.548609024802275,45.171858362758535,45.851647602043705,51.178028337889536,47.77635207045117,46.52597668503604,44.756886620724494,36.91610472607617,53.52862486091669,49.979524419812094,46.684321166080714,52.04073275242447,50.490048867549824,49.48538043553734,50.09964781920015,48.166753118957054,54.170193016254075,53.132763656899066,56.85385896389626,50.93778153838441,55.34139616234452,55.153020831739234,54.86909279615926,59.03246061884379,57.1841983119791,57.83395670180779,58.72396188666342,57.24699008950711,57.842146932445765,57.541838434340114,54.451390973948,54.372218732957016,53.35662999231636],"valid_loss":[1.8480272164733116,1.792644298992122,1.5401399616247549,2.5922145179196154,1.5822973645072873,1.6462252109224997,1.5967637394611638,1.7881115174234286,1.6526141246259676,1.4968953951495576,1.5545082741363774,1.6561249745898088,1.4245111485098298,1.4790437435543395,1.5388938593348276,1.5877864697553032,1.4617531099438963,1.5552535545829538,1.5563847853675346,1.5717858497977155,1.403466030991521,1.534110785884514,1.5444295573883506,1.585275148397686,1.8014504550803763,1.433862160079397,1.4475659211023182,1.55837697721972,1.4579600756999371,1.4320356509762908,1.482699176489879,1.476866209349796,1.4760535018717245,1.4226982925853955,1.4183909717910936,1.3344285683268824,1.416327258550472,1.3455552144459233,1.381844799577622,1.3873677151271304,1.3365879644388559,1.3711739420783409,1.3553278040979004,1.3716259844723808,1.3979226202118482,1.3730704431246896,1.4548945147671783,1.485517276775476,1.5851377700587066,1.6337509610253336]}