{"train_acc":[35.92333733755597,66.41367260019658,71.38254886971716,73.35371846674676,74.42939827454407,74.52495358741946,75.11466637545047,75.48050671617342,75.13377743802556,75.6907284044993,75.58698263623458,75.27028502784755,75.60609369880966,75.51872884132358,75.6306650649776,75.90095009282516,75.87091842306432,75.84634705689636,75.79174402096757,75.8900294856394,75.8217756907284,75.98831495031123,75.63885552036693,76.25040952276946,76.25040952276946,76.27498088893742,76.4032980233701,76.50158348804193,76.77732881948236,76.77732881948236,76.72545593535,77.33700993775254,77.19777219613411,77.26056568745223,77.77656437697937,77.54996177787486,78.04684940482692,78.24342033417058,78.84132357759091,78.69935568417604,78.79218084525499,79.19897346292454,79.55662334825816,79.54843289286885,79.66309926831931,79.39281424047176,79.50748061592225,79.10341815004914,78.78945069345856,78.30894397728514],"train_loss":[1.803900593998938,0.9990321604513218,0.8629273210171204,0.8117619307264824,0.784729446042921,0.7835303110639978,0.7651169600152964,0.7602208140662654,0.7679796044100342,0.7542436801412161,0.7630871714391705,0.7640386344278121,0.757239803393569,0.7655185714186676,0.7625414722153515,0.7543280261080637,0.7604290538933179,0.7547613678572674,0.76028768320043,0.7667321520001656,0.7607797547903099,0.7623209302909929,0.7615525460834259,0.7536821913755629,0.7489082694144779,0.755899823992953,0.747229780662108,0.7469611101123435,0.7387651555387424,0.7434894650266514,0.7377058347786594,0.7294631750742212,0.7317768548388167,0.7294132604705229,0.7235500786689036,0.7238675736047899,0.7148758648810616,0.7044141697313401,0.6974639581308701,0.6941657977045864,0.6931899033533221,0.6792629579666127,0.6802408237234401,0.6808089672041548,0.676067286903608,0.6877448550605795,0.6909917543662666,0.7008634993990163,0.7035203033742314,0.7197458712804965],"valid_acc":[57.173278003975796,71.17584427764275,69.8599470361887,76.62234841037719,75.17267738697834,77.56422506715283,74.6785334004124,73.18518114125115,77.04824046583003,79.78923803439496,76.6551093381363,78.20852329912654,79.52442053901844,77.790821478165,79.10125856457597,78.76818913871121,79.45070845473684,78.27677523128106,81.1078653505066,78.19487291448692,79.58994239599465,77.55876491367191,79.80561850025325,80.19328947134173,79.61451308967902,80.91675994388984,81.70848235130023,81.64023041810427,82.11253378366466,81.13243604918989,83.03256982068451,81.50099647715889,82.67219962116646,82.5193152982892,82.06885254852712,83.43389117807892,84.63512517529216,84.2611045888433,85.01460591397222,84.72521772428644,85.28215348660993,85.24939255843425,85.69166507308016,85.71623577009714,85.95921264363498,86.04930519492045,86.39056485194389,86.42605585904707,86.47519724974843,86.73455458643681],"valid_loss":[1.2710453304606173,0.8899447785121855,0.9019402865158838,0.7089493498582441,0.7647613088626195,0.6874771917617117,0.7972074017620662,0.8317138682666941,0.7074732528622891,0.6181525884895321,0.7121059743324888,0.6636428832145368,0.6439787822949278,0.6795804651946894,0.6322769628503456,0.6498401177733663,0.6246281111379355,0.6719353111068382,0.5792493651981302,0.6648607916661955,0.6392615016187457,0.71422068739104,0.6314795285641517,0.6170615558542384,0.6270615736260526,0.5942948722989714,0.5667810417835203,0.5695898733344983,0.554761638430856,0.5794214599613359,0.5191622240525661,0.5862956008353897,0.5424684630273396,0.5439075504116977,0.5671114106509381,0.514909506441318,0.48085933925836744,0.4923620581067117,0.47821626888680163,0.4923835113120218,0.46892705657813194,0.47730386942814623,0.4543595278254793,0.4531670589389612,0.45847376583607274,0.4449279672888821,0.4491484182973456,0.4359763023912143,0.43923002074484635,0.4368330762614072]}