{"train_acc":[38.24669651632631,67.30643223763241,72.17156273888828,74.22190673801464,75.07098394670744,75.14469804521131,75.05733318772523,76.01561646827564,75.83269629791417,76.07294965600087,76.24767937097303,75.93371191438244,76.22856830839795,75.68799825270285,75.99377525390412,76.36507589821994,76.3350442284591,76.5616468275636,76.61898001528886,76.3213934694769,76.58894834552801,76.41694878235229,76.77459866768592,76.58075789013868,76.6845036584034,76.47428197007754,76.77186851588948,77.00120126679043,76.9711695970296,77.17320082996615,77.3479305449383,77.54177132248553,77.56634268865349,77.68646936769684,77.60729496560009,78.25707109315277,78.39084853117834,78.31440428087802,78.92049797968767,78.92049797968767,79.10887845364202,79.54297258927596,79.6685595719122,80.09719340395326,79.79141640275199,79.83236867969859,79.56481380364748,79.67128972370864,78.68024462160096,78.42907065632849],"train_loss":[1.7538083620931666,0.9809878671404914,0.836724354890909,0.7916640882162961,0.7689875587861689,0.7640844909491543,0.7651454627194936,0.7466161966297816,0.7509392080601743,0.7417290934350431,0.7449371946669047,0.7500388371615062,0.7470941929574016,0.7554595579782845,0.7452843569571422,0.740590011108855,0.7393409761263448,0.7392461672612409,0.7385073487214728,0.7425786556798688,0.7397527990740069,0.7456128632994969,0.7333428615355734,0.7477939278587082,0.7402088482059401,0.7450857518593322,0.7368414125009514,0.7283773722445013,0.7303810036962204,0.7324907878112543,0.7289965746769078,0.7229764289870017,0.726197820153965,0.7157780074052601,0.7211539398065571,0.7074049916657426,0.7058500239744162,0.7039225179971768,0.6907334337461538,0.6894087162980661,0.6847187337284852,0.6789075329898161,0.6804437007630146,0.6685718222581964,0.6754213821501324,0.6749460155560718,0.6856365783956356,0.6853581310698491,0.7049819020330873,0.7248358147899644],"valid_acc":[58.04963280377522,71.40244069032123,71.80649212331052,75.59310928353474,75.47844603794005,74.77408610559537,76.10909388527413,74.56114007984769,77.17109393987568,76.66602964655617,77.43864151313825,79.68003494561381,78.4596904104883,79.30328428086233,78.5088318005648,78.37778809202786,78.8036801437315,77.8836441077531,80.04313522031018,79.9748832871142,79.76466734133545,81.83952605650457,79.64727401743812,78.98113516675006,81.76308389694054,81.25528952594328,82.00060061595602,80.73930492357903,82.03882169657119,83.2182150744452,80.76933577011947,81.77946435884135,83.11993229200104,83.3301482411124,83.39567009642232,83.51852357484202,83.5485544257565,83.86251330808521,84.91905320878925,84.81804035022948,85.32037456451735,85.42957765767255,85.84454940241434,86.23768052698377,86.36872423552072,86.30593245684712,86.63627180649212,86.67449288981504,86.4233257780367,87.1768271031656],"valid_loss":[1.261904815025114,0.8648752916887321,0.8448461146110458,0.7309416724922857,0.7390175285293532,0.7600871584142969,0.7269649599247363,0.7761620651699602,0.6878202957217082,0.7195606336500809,0.6884503286161946,0.6146131031177153,0.6634324346499555,0.6247540207485097,0.6594928827950076,0.6593947935291179,0.6514437764206917,0.6955018133586511,0.6066702945984378,0.6176560638336817,0.6254690145664495,0.5660248647050791,0.6198085145131614,0.6372700638094966,0.5604559020289671,0.5742301747079609,0.5542026111710819,0.593466162059969,0.5505461772325769,0.5301937898581554,0.5967125613239845,0.5694662217762613,0.5304980765296003,0.5100220700177173,0.5164264783130179,0.5115263445143221,0.5210092139748853,0.5092832678608351,0.4780504820928022,0.4763387801908914,0.4635404901265115,0.46201480834729947,0.45441808286856894,0.4464651480446889,0.4385856933623887,0.44359826940166763,0.4324117280877861,0.42971177927405435,0.4386672697894817,0.41418025881453135]}