{"train_acc":[45.50070983946708,17.00884569182047,14.423391940591898,13.841869607950201,13.15933165884023,12.81533253248881,12.673364639073938,12.29387353936879,11.766954242655885,11.545811947144259,11.36562192857923,11.390193294747192,11.207273124385722,10.841432783662768,10.75133777438026,10.420989407011035,10.461941683957633,10.265370754613954,10.265370754613954,9.967784208802016,9.82581631538713,9.558261439336022,9.511848858796554,9.315277929452876,8.94124713334061,8.771977721961335,8.44162935459211,8.201375996505405,8.149503112373054,7.936551272250739,7.688107458774709,7.428743038112913,7.311346510866002,6.926395107567984,6.8608714644534246,6.410396418040847,6.481380364748276,6.028175166539256,5.782461504859668,5.381129190783014,5.067161734192425,4.990717483892098,4.567543955443924,4.362782570710934,4.018783444359499,3.838593425794471,3.54373703177896,3.3144042808780227,3.1314841105165385,3.025008190455395],"train_loss":[1.31023878337541,0.5389605178067006,0.46729236976592914,0.44176386501300385,0.42848773205450846,0.42027144936790395,0.40812363435936455,0.3951901404848783,0.38323798257216,0.3788662058590827,0.3780538521375903,0.37104650899854125,0.36429425594626236,0.3583589229662371,0.35194005560143304,0.3490447332807747,0.3473612008490416,0.33778413752026987,0.3341258402030593,0.3278645761079164,0.3227763662835429,0.3195225394594236,0.31053284334279807,0.31012853315150724,0.29904819641250496,0.2940673395333084,0.2864215842166347,0.2798568045154362,0.27372497454915384,0.2684352041508051,0.25895361388316773,0.25128831981349825,0.2500287175464932,0.23918232151523902,0.23165115767123073,0.22248253325545347,0.21794395418885468,0.20681201062622165,0.19745300957143624,0.1865645027374146,0.1793422535366141,0.17144464097117262,0.1591257630218139,0.15055488519459242,0.14262258354279495,0.1338846800594373,0.12735593547737206,0.12117542625039057,0.11396817188757573,0.11181866737916386],"valid_acc":[18.98222719577994,17.9611783017625,16.563378742368712,13.756859319535309,13.715908158534631,16.454175655253863,13.341887574793518,11.58098774132823,12.367249991925078,13.298206338614534,12.877774439350375,11.761172840566545,11.57552758576442,11.455404186272219,11.971388792385653,11.993229407767387,9.822817987831883,10.977640667230887,10.68279232135643,9.497938791667806,11.157825766469188,10.202298725053922,9.421496627729724,9.915640614712217,9.702694586256797,8.7608179321889,9.140298669827516,9.394195855117857,8.597013295476259,8.528761364988043,7.734308879275019,8.67891561164555,7.879002977867103,7.412159766204212,7.480411695650986,7.409429686860136,7.357558218897594,6.494853804362663,6.5467252727417815,6.866144312925471,6.418411639383137,6.139943760408414,5.973409048517482,5.976139125778673,5.692211089573831,5.894236805235323,5.7249720167080795,5.926997734452456,5.340031123922216,5.675830626006714],"valid_loss":[0.6022742583348185,0.5634241029011985,0.5381404074492855,0.4499556769879881,0.44182661631928183,0.5445458591960696,0.4359444639581164,0.3783208980369979,0.40527874342968045,0.42803005740844263,0.4221023239056827,0.3855387938893519,0.3735786432798972,0.3800920646309888,0.3920582816203685,0.3957336352014624,0.32691001677129744,0.36332381288065996,0.3578917313740481,0.3174773519737945,0.3695680215194447,0.3337234694262237,0.31701500337807775,0.3324277027515929,0.32277149599354793,0.29383614108118167,0.30087669813036416,0.3162115714162016,0.2934996618713656,0.28692011682067947,0.26167561758918095,0.2984406830488036,0.2692241467654082,0.2603573938442418,0.25728299403543564,0.2608787669717359,0.25600307040330855,0.23004599961432684,0.22984014880651013,0.24016318570173306,0.22706919979248036,0.21683331768616104,0.21256000146893442,0.21432996106032556,0.20665293393431897,0.21028298579947446,0.2071463613917838,0.21917455020116586,0.20194065952178006,0.20996509011915307]}