{"train_acc":[18.114557169378617,18.611444796330677,18.447635688544285,18.58687343016272,18.551381456808997,18.840777547231625,18.840777547231625,18.840777547231625,18.840777547231625,18.840777547231625,18.840777547231625,18.840777547231625,18.840777547231625,18.840777547231625,18.840777547231625,18.840777547231625,18.840777547231625,18.840777547231625,18.840777547231625,18.840777547231625,18.840777547231625,18.840777547231625,18.840777547231625,18.840777547231625,18.840777547231625,18.840777547231625,18.840777547231625,18.840777547231625,18.840777547231625,18.840777547231625,18.840777547231625,18.840777547231625,18.840777547231625,18.840777547231625,18.840777547231625,18.840777547231625,18.840777547231625,18.840777547231625,18.840777547231625,18.840777547231625,18.840777547231625,18.840777547231625,18.840777547231625,18.840777547231625,18.840777547231625,18.840777547231625,18.840777547231625,18.840777547231625,18.840777547231625,18.840777547231625],"train_loss":[2.2569542551347883,2.251459575941355,2.2502312665685005,2.2506728371223064,2.2502331375177476,2.247591015474237,2.247607910230819,2.2476003339512713,2.2476933765609255,2.2474769673207398,2.2476771973725214,2.247547279581618,2.2476510893794743,2.2474529645556744,2.247568541899953,2.2473693578227896,2.247500116705074,2.2475174526544954,2.2475227353301284,2.2474500727833155,2.24733590725612,2.2474751149617362,2.2474946451067366,2.2472939510278804,2.2474154013270984,2.2471984378164405,2.2475028265065418,2.2473553656698564,2.24726197557365,2.247210646946253,2.2471459086081653,2.2472830142883202,2.2471594432692505,2.2469983355009857,2.247474142072294,2.24693558350705,2.247221785652933,2.2471851545662758,2.247246292645824,2.246806004714716,2.247345012934744,2.246975910485253,2.2469949973805106,2.247005103886017,2.247223631268416,2.246958303571307,2.2468544543538016,2.247010678069175,2.247052827177707,2.2471307501126887],"valid_acc":[14.275573999160741,19.001337738274557,18.911245188134682,18.88394441557489,19.001337737779874,19.001337737701764,19.001337738274557,19.001337737753836,19.001337737753836,19.001337737753836,19.00133773780591,19.001337738274557,19.001337737701764,19.001337737779874,19.001337737779874,19.001337737779874,19.001337738274557,19.001337737779874,19.001337737779874,19.001337737831946,19.001337737779874,19.001337737753836,19.001337737779874,19.001337737753836,19.001337737753836,19.001337737701764,19.00133773712897,19.001337737779874,19.00133773712897,19.001337738274557,19.001337738274557,19.00133773780591,19.00133773712897,19.001337737779874,19.001337737753836,19.001337737779874,19.001337737779874,19.001337737701764,19.001337737779874,19.00133773780591,19.001337737831946,19.001337737701764,19.00133773780591,19.001337737753836,19.001337737779874,19.001337737831946,19.00133773780591,19.001337737779874,19.001337737701764,19.001337737831946],"valid_loss":[2.8306369163268235,2.2444423841621046,2.2524266150813355,2.2492063455178886,2.24806465231434,2.2471410393529396,2.2454918947737705,2.2454425113077274,2.245062683368641,2.24630113412038,2.2466635856676844,2.245030091876281,2.2451764888118255,2.2471568237707102,2.246229201648819,2.245704283607937,2.2467759487139394,2.2462725204215848,2.2452496005209843,2.2453934655291965,2.246262354836319,2.245325101193549,2.2449758303748317,2.246091465024561,2.247024929941021,2.247697560870321,2.2460337876329755,2.246136744370146,2.2466592721262932,2.2458273200790373,2.2460654738520276,2.2461197264361314,2.2454876339228265,2.2470194941093724,2.2447371157398552,2.246159579889328,2.246454136374672,2.2457501310405115,2.2449792792135836,2.246298082253216,2.2451336010462684,2.24582294771571,2.2458968461495514,2.246141261903955,2.2460382459347805,2.246038623574605,2.2462339256094164,2.246272086420231,2.2462239005016347,2.2460162113038895]}