{"train_acc":[60.9,47.52,41.196,37.576,35.403999999999996,33.879999999999995,33.156000000000006,32.176,32.007999999999996,30.971999999999994,31.067999999999998,30.843999999999994,30.400000000000006,30.471999999999994,30.659999999999997,30.748000000000005,30.159999999999997,30.635999999999996,30.587999999999994,31.016000000000005,30.864000000000004,31.275999999999996,31.391999999999996,31.308000000000007,32.123999999999995,32.388000000000005,32.672,33.196,33.55200000000001,33.696,34.43600000000001,35.196,35.952,36.492,36.964,38.228,38.82,40.536,41.396,43.0,44.612,46.412,48.616,51.6,53.668,56.78,59.796,62.976,66.524,70.80799999999999],"train_loss":[1.6537861970901488,1.3140373876190186,1.1653635913467406,1.0757121089935302,1.0185300227737426,0.9743213918685913,0.9487933094024659,0.9341055136299133,0.928358947467804,0.9083600088500977,0.906975664691925,0.8982720774078369,0.8885558199310303,0.8895270787048339,0.8917427244949341,0.8962904371643067,0.8960108189773559,0.9076087709617615,0.8999577827453613,0.9156829894638061,0.920027463054657,0.9217791026115417,0.9308531119728088,0.9351376124191284,0.9564528617477417,0.9692616880607605,0.9804238653373718,0.9902326699066162,0.9952117667770386,1.0157863087081909,1.039572646522522,1.0598046459579469,1.083167829360962,1.1007006029129027,1.126162658805847,1.1494039891815186,1.1666185069274901,1.2241013205337525,1.2603986938476563,1.299024785041809,1.3394412366867066,1.3794035749053954,1.4429864796829224,1.5081856507492066,1.5677223067474366,1.6446563565826415,1.7104407250213622,1.787998564224243,1.8786212624740601,1.9651456352233887],"valid_acc":[50.896,43.004,38.736,35.587999999999994,33.188,31.316000000000003,31.227999999999994,29.367999999999995,28.432000000000002,27.927999999999997,26.336,26.555999999999997,25.159999999999997,25.480000000000004,25.787999999999997,26.191999999999993,24.659999999999997,26.495999999999995,24.316000000000003,24.180000000000007,25.272000000000006,24.775999999999996,23.804000000000002,24.236000000000004,23.695999999999998,23.715999999999994,23.659999999999997,23.751999999999995,23.528000000000006,23.992000000000004,23.995999999999995,23.908,23.592,23.915999999999997,23.063999999999993,23.459999999999994,23.86,23.924000000000007,23.879999999999995,23.988,24.287999999999997,24.695999999999998,24.272000000000006,24.804000000000002,24.664,25.168000000000006,25.403999999999996,25.563999999999993,26.007999999999996,26.171999999999997],"valid_loss":[1.395580288772583,1.1963315002059935,1.0849693790054322,1.0213298319625854,0.9321369883346557,0.8846910611915588,0.8831140758705139,0.8349261170578003,0.8209210429763794,0.7934935850334167,0.7505397642707825,0.76152808177948,0.7237427861118316,0.729850257949829,0.7290116355514527,0.7468827968215942,0.7126733299446106,0.766841671962738,0.7033656751632691,0.6972791646194458,0.7253791524887085,0.7240725922393799,0.6885963172721863,0.7000952368736267,0.6824308714485169,0.6861681171989441,0.6881895894622803,0.6839118050289154,0.6894560548019409,0.6955670261001586,0.6931085101509095,0.6870891696929932,0.6768095797348023,0.6855745045852661,0.6690931218338013,0.6801711717796326,0.6886189274978638,0.6891779963111877,0.6919242136955261,0.6904935443687439,0.704320908164978,0.7153068226242065,0.7091495798873901,0.7233055244255066,0.7153012257385254,0.7337383800125122,0.7480477190589905,0.7525660133743286,0.7827275826454163,0.8109175839996338]}