{"train_acc":[55.324,38.388,31.123999999999995,27.004000000000005,24.171999999999997,22.355999999999995,20.311999999999998,19.388000000000005,17.884,17.248000000000005,16.308000000000007,15.596000000000004,14.915999999999997,14.072000000000003,13.668000000000006,12.840000000000003,12.628,11.864000000000004,11.884,11.132000000000005,10.403999999999996,10.14,9.736000000000004,9.427999999999997,8.792000000000002,8.384,8.024000000000001,7.584000000000003,7.439999999999998,6.811999999999998,6.475999999999999,6.331999999999994,5.872,5.171999999999997,5.284000000000006,5.1640000000000015,4.567999999999998,4.084000000000003,4.200000000000003,3.647999999999996,3.5360000000000014,3.147999999999996,2.9879999999999995,2.799999999999997,2.739999999999995,2.6359999999999957,2.456000000000003,2.323999999999998,2.4879999999999995,2.2879999999999967],"train_loss":[1.511757819633484,1.0747524596977234,0.8892719969940186,0.7711449474334717,0.6936826391506196,0.6356987924766541,0.5890933394432067,0.5530913517189026,0.5215283559036255,0.49463588606834413,0.4688167000389099,0.4451191861152649,0.4261361431598663,0.4033318301773071,0.38955545598983765,0.37468491802215576,0.36021035753250125,0.3388812942886352,0.3366567687988281,0.31573894736289976,0.2988854364728928,0.2884715075683594,0.2795867343425751,0.26545535773277285,0.2510523863005638,0.2406523507118225,0.23025001240730286,0.21461812707424163,0.20835827240467072,0.19476920124053956,0.1852493711233139,0.17710054171562195,0.1623872214102745,0.1497827930545807,0.1462748846912384,0.14487582030534743,0.12729495213508607,0.11877036391735077,0.11776407183170319,0.10670040908575058,0.09893521254062652,0.09253767389297485,0.088058680062294,0.08127397767543793,0.0793308253467083,0.0771778708410263,0.07463581504881382,0.07047892000079155,0.07027397056102752,0.06929507016181946],"valid_acc":[45.052,35.66,30.343999999999994,26.712000000000003,25.292,24.08,22.828000000000003,22.784000000000006,20.567999999999998,19.819999999999993,18.855999999999995,18.116,18.331999999999994,17.563999999999993,17.903999999999996,17.188000000000002,17.227999999999994,16.988,16.879999999999995,17.42,16.22,16.58,15.528000000000006,15.504000000000005,16.007999999999996,15.212000000000003,15.251999999999995,14.804000000000002,14.903999999999996,14.796000000000006,15.244,15.043999999999997,14.616,13.971999999999994,13.835999999999999,13.528000000000006,13.536000000000001,13.975999999999999,13.611999999999995,13.340000000000003,13.536000000000001,13.676000000000002,13.296000000000006,13.319999999999993,13.079999999999998,13.171999999999997,13.156000000000006,13.447999999999993,13.072000000000003,13.152000000000001],"valid_loss":[1.2457873057937623,1.0296809885787963,0.8473897217178344,0.7643562752532959,0.7199950897026062,0.7166323810958862,0.6714229762077332,0.6580009661483764,0.6064182806301117,0.5771234756660462,0.5502698287200928,0.5348885004806518,0.5509724989318847,0.5218282968711853,0.526331206741333,0.5107515813446045,0.5220925767326355,0.5148082029724121,0.5053374893188477,0.5408603925323486,0.4946735872840881,0.5097710471343995,0.46532221323013306,0.47802610273361207,0.5023293598794937,0.4817759267044067,0.46676294722557066,0.4765373712062836,0.47381657569885255,0.47664667892456053,0.4881431052207947,0.5050697364997864,0.4858377256345749,0.4777856720161438,0.4672596985197067,0.4605368261909485,0.4583539463043213,0.4895176001358032,0.4725057978439331,0.4728750513839722,0.4724116544532776,0.4698903466415405,0.480601402759552,0.47093846633911135,0.46783010872125624,0.4788304597902298,0.47567356246948245,0.4892575669288635,0.48132592403411867,0.4751142893409729]}