{"train_acc":[56.628,37.308,30.424000000000007,26.592,23.379999999999995,21.560000000000002,19.804000000000002,18.739999999999995,17.367999999999995,16.616,15.543999999999997,14.908000000000001,14.287999999999997,13.376000000000005,13.120000000000005,12.256,11.947999999999993,11.516000000000005,11.152000000000001,10.439999999999998,9.983999999999995,9.620000000000005,9.060000000000002,8.756,8.340000000000003,7.819999999999993,7.116,6.903999999999996,6.599999999999994,6.215999999999994,5.603999999999999,5.091999999999999,5.272000000000006,4.6640000000000015,4.471999999999994,4.007999999999996,3.8799999999999955,3.308000000000007,3.0999999999999943,2.9279999999999973,2.5919999999999987,2.415999999999997,2.195999999999998,1.9879999999999995,2.0600000000000023,1.8319999999999936,1.7120000000000033,1.6680000000000064,1.8160000000000025,1.6800000000000068],"train_loss":[1.5357849933242798,1.0480424546051026,0.858668309211731,0.759234498386383,0.6708796988487243,0.6199750507736206,0.5762251909637451,0.5395456199836731,0.5011252775192261,0.4733849255943298,0.45108131217002867,0.4286462478351593,0.40885049395084383,0.3881220054674149,0.38038788988113403,0.3572703477668762,0.3451582472705841,0.327351249256134,0.313326455783844,0.29893739139556885,0.2865473771953583,0.27513731912612915,0.2622192062664032,0.24868882097244263,0.2385689174556732,0.2211101998758316,0.2077383039188385,0.1979578160762787,0.18605537473201753,0.17423117084503173,0.16035110886096954,0.14789890040397644,0.1487465282058716,0.13343551684498786,0.12806722383260727,0.11030219620227814,0.10898373992443085,0.09512919458389282,0.09283537625074387,0.08390877039074898,0.07485674733638763,0.0698890688085556,0.06779417688846588,0.06056254507124424,0.06044306054949761,0.055967908285856245,0.05338266377449036,0.0522932271873951,0.05600637590169907,0.05180526450872421],"valid_acc":[46.084,34.5,28.843999999999994,26.831999999999994,24.024,21.635999999999996,21.964,19.604,18.751999999999995,18.939999999999998,18.459999999999994,19.944000000000003,18.516000000000005,16.924000000000007,17.075999999999993,17.168000000000006,15.575999999999993,15.775999999999996,16.772000000000006,15.376000000000005,15.323999999999998,15.900000000000006,15.195999999999998,14.796000000000006,14.244,14.436000000000007,13.884,14.695999999999998,13.920000000000002,14.116,14.063999999999993,14.075999999999993,13.796000000000006,13.536000000000001,13.819999999999993,13.412000000000006,13.120000000000005,13.043999999999997,12.671999999999997,12.900000000000006,12.444000000000003,12.724000000000004,12.072000000000003,12.292000000000002,12.219999999999999,12.135999999999996,12.519999999999996,12.311999999999998,12.159999999999997,12.463999999999999],"valid_loss":[1.2595082372283934,0.9839744253730774,0.8249759490585327,0.7613493867111206,0.6904414712905884,0.6224205059909821,0.6312251428222656,0.5749774839687347,0.5462612088584899,0.5492639848327636,0.5520245930099488,0.5913503703308105,0.5488171384811401,0.5059435767173767,0.49981894759178164,0.5088106455230713,0.4542660906219482,0.4726610765838623,0.5035609643554687,0.4638488897705078,0.4737514125919342,0.4860133425617218,0.4608507532501221,0.45342894191741945,0.43920947326660154,0.4493880453538895,0.4496546819114685,0.4742346458435059,0.44122123323440554,0.4685043160152435,0.47238303327560427,0.46463692901611325,0.4553362117958069,0.4619244383716583,0.49909610445022584,0.4745953248786926,0.4584551839828491,0.4890196518659592,0.4532457356262207,0.46857935990333555,0.4545299889564514,0.4705585451030731,0.4568925194168091,0.46194071867227554,0.4493840744972229,0.45762738785266877,0.46086576301574705,0.4594680932998657,0.4607483437347412,0.4737028755092621]}