{"train_acc":[61.035273561210005,30.864366058752864,27.610025117396532,26.55891667576718,25.854537512285688,25.898219941028728,25.95009282516108,26.02380692366495,26.08387026318664,25.66069673473845,25.66069673473845,24.898984383531726,24.68330239161297,24.6778420880201,24.377525390411705,23.998034290706556,23.7059080484875,23.853336245495242,23.5967019766299,22.97968767063449,22.82406901823741,22.50464125805395,21.942229987987332,21.46172327181391,21.079502020312333,21.221469913727205,20.320519820902035,19.867314622693016,19.58064868406683,19.17112591460085,18.409413563394125,18.39303265261549,17.56033635470132,17.142623129846015,16.52014852025772,16.08878453642022,15.70110298132576,15.075898219941024,14.720978486403851,13.961996286993553,13.424156383094896,13.164791962433114,12.4112700666157,12.00174729714972,11.357431473189905,10.980670525281212,10.527465327072179,10.11248225401333,9.989625423173536,9.509118707000113],"train_loss":[1.7256208602499725,0.9407148386136249,0.8518047086390864,0.820941755432378,0.8103987331459118,0.8080359679897292,0.809742882650883,0.8139262053140376,0.8179470080403478,0.7994825099185524,0.8040644437110461,0.7755706101262154,0.7715250171726677,0.7704217233576602,0.7610983196871762,0.7536368183502792,0.7449198180806159,0.7511222718570956,0.7355452805051276,0.721381578777924,0.7119478059150877,0.7068226227362473,0.6893650165705021,0.6727989869853536,0.6626273552390104,0.6643571277346636,0.6403523836123367,0.6273898617648734,0.6180535666062814,0.6089926563497062,0.5892872622899122,0.5870052517970551,0.5572706845092554,0.5507984698645423,0.5324645616595006,0.5198208657989886,0.5049716493012513,0.4870362431120115,0.47206833556683364,0.45198308669727966,0.4392858249164505,0.4255929147997342,0.4069465892575539,0.3935591359286638,0.37290398552452386,0.3632181520328988,0.34729340078204013,0.33568958831533824,0.32912822577244355,0.31926848873068076],"valid_acc":[43.178901965008436,37.12905075421917,32.711785743953115,29.236397389837848,33.92667012580597,35.258947827598675,31.936443800109842,29.886155780291404,30.391220070278294,39.9383002553552,38.494089382521246,24.52701411429115,31.111960470564142,31.30033580096115,29.902536242088075,26.610063065201317,23.415872671279416,26.356165878244653,29.108083760228396,35.87594528800196,24.89284446958132,25.512572006204337,28.54568784442398,23.647929235147657,24.395970406274927,23.46501406198078,22.790684976801415,22.490376479737208,21.346474106258626,20.18892134855699,22.179147668629327,16.52515766029552,17.2540882894489,21.63040214142201,16.110185919302936,18.793851864341505,17.109394195647454,15.244751425840505,13.431980123371233,15.113707720011305,13.08799038887831,12.71123972912575,12.689399108328502,11.752982609407852,12.845013514923892,11.002211361956697,10.62273062431808,9.9593218508912,10.112206175434764,9.749105898030649],"valid_loss":[1.2566846974385049,1.1254994128913491,1.0112346715828708,0.9003171023574233,1.0189421857053276,1.0686756376991817,0.9862077419306573,0.9175850198564985,0.9126717352047642,1.2055960452710548,1.1411237609194753,0.7640644232039338,0.928021994792825,0.9328370219597786,0.9668439545493808,0.8203313811824676,0.7476550464063322,0.8220705840432636,0.8687831903497243,1.1103357633002648,0.756999852536641,0.7894931370185729,0.8805651766290737,0.7307388929377063,0.7650020283756289,0.7287014701588447,0.7020151700085421,0.7135005497804532,0.6843640158645656,0.626146573388556,0.6856343731637662,0.5270594094621777,0.5512995119599817,0.6680934475374546,0.5252636237826485,0.6047378830952819,0.532402025473206,0.4840734189049208,0.44344528470787514,0.4844891281469523,0.4209846644977728,0.4186437351557386,0.41405044782700007,0.3853181749037161,0.42365562574729804,0.36599923845343624,0.35285553959869514,0.33302318639116585,0.3348525770625089,0.3303079993051824]}