{"train_acc":[66.07786392923447,32.41782243092716,25.442284591023267,22.673910669433226,21.336136289177674,20.020203123293655,19.416839576280438,19.16293545921154,18.474937206508685,18.1473189909359,18.16643005351098,17.552145899311995,17.415638309490006,17.773288194823635,17.273670416075134,17.24090859451786,17.322813148411058,17.071639183138586,17.0388773615813,16.798624003494595,16.6757671726548,16.795893851698153,16.80681445888392,16.817735066069673,16.58021185977941,16.69760838702632,16.44643442175385,16.593862618761605,16.375450475046406,16.479196243311122,16.51195806486841,16.49011685049689,16.501037457682642,16.457355028939602,16.419132903789446,16.479196243311122,16.345418805285576,16.798624003494595,16.978814022059623,16.96516326307743,17.199956317571264,17.052528120563508,17.39652724691493,17.554876051108437,18.14458883913946,18.270175821775695,19.067380146336134,19.67074369334935,19.9410287211969,20.84743911761494],"train_loss":[1.8619227735342985,0.972020150675997,0.7728699085636145,0.6911450720216115,0.648491216497389,0.6161565964979885,0.6021444068616871,0.5896450388349533,0.5719198502475705,0.5622461916083681,0.5665027025525221,0.55111570454352,0.5519326930745428,0.5543860258904557,0.5406970529234981,0.548069648663524,0.5475142088645383,0.5385111600821282,0.5398818996453293,0.538344666893935,0.5311656281542437,0.5328586562577848,0.5399454105391153,0.5375162296658639,0.5277671588519078,0.533227295818903,0.5323174314180211,0.5312156420393491,0.5303322567590345,0.5349742770520467,0.5331183193590986,0.5338253216724202,0.5358687613199694,0.5320349853151006,0.5361825552285596,0.5392138174401109,0.5413529219957527,0.5452359823065188,0.5583752805038195,0.5600947028257265,0.5651403877319071,0.5615937232619695,0.5715446615663043,0.5793843199179086,0.5998009745244365,0.6054758714304307,0.6308952353140458,0.6519995989387598,0.6538886354292951,0.68521897082924],"valid_acc":[44.014305605056904,28.687651860964223,23.473204292098032,19.99235578512669,19.78759999116258,19.44088017732558,16.648011137465502,16.82819624003642,16.181167927468906,17.666329956512925,15.146468644437789,16.440525266240186,16.055584375120645,14.341095852387781,15.378525214346396,15.897239891264078,15.192879959960848,14.207322068255948,14.562232112210182,13.614895300912167,13.549373445602257,13.410139507989484,13.352807885504575,13.139861860173468,12.921455675529359,12.921455675529359,12.754920965304734,13.150782169218218,12.956946680966226,12.359059762432693,12.195255127802938,12.31537852354596,12.462802696691469,12.208905514108878,12.419121460512486,12.017800102076635,12.069671572746927,11.804854075704085,11.75025253089693,11.673810370916328,11.712031448823737,11.821234539271202,11.422643259554548,11.892216549103495,11.58098774132823,11.408992872832044,11.605558435637462,11.788473612553545,11.30524994065614,11.580987740286787],"valid_loss":[1.3151790085925612,0.8744226994497932,0.7145828997435657,0.6098795600174237,0.6028119823349375,0.5930136806884357,0.5103359211932601,0.520155374726661,0.4995382342347935,0.5532319689041736,0.46971127629579507,0.5116685899617048,0.4939017090559455,0.4541009745686622,0.4769661173001922,0.4990401079032497,0.4801636494531584,0.4431781619107838,0.45518673258750214,0.4291466339300233,0.4329843098927411,0.4257243493848866,0.4206739055062106,0.4184327963714716,0.4140954991777808,0.4071212128297407,0.4080318923830195,0.42186426672804916,0.4166122051183453,0.3994310192753432,0.39210732157007966,0.39129335497989026,0.4060510441104767,0.4004513583398997,0.40897900350618666,0.4013408016974954,0.39548517422745866,0.387416054293281,0.38698692888093883,0.38072596946054627,0.3877282786777032,0.3962044336308347,0.3806536246105671,0.3983585397292877,0.39241221355436384,0.3822076128831695,0.39268131789142735,0.39485987572507386,0.3876439846750852,0.39595236728062594]}