{"train_acc":[33.44435950638856,67.25182920170361,74.52495358741946,77.42164464344218,78.67751446980452,79.29725892759637,79.58392486622256,80.44665283389756,80.44392268210113,80.77700120126678,80.97903243420335,81.3394124713334,81.27934913181173,81.45407884678389,81.75439554439227,81.8799825270285,81.70252266025992,82.44239379709512,82.29496560008737,82.33318772523752,82.3932510647592,82.74544064649994,82.78093261985366,82.90378945069345,83.08670962105494,83.18226493393033,83.37883586327399,83.60816861417494,83.64912089112154,83.98219941028721,84.13508791088785,83.99038986567653,84.3234683848422,84.55007098394671,84.73299115430818,85.06606967347385,85.53019547886862,85.35273561210003,85.67762367587638,85.96155946270612,86.28644752648248,86.61952604564814,86.62498634924101,86.86523970732773,86.8570492519384,87.03996942229988,87.04269957409632,86.88708092169925,86.9799060827782,87.3566670306869],"train_loss":[1.8689088015182969,0.970115003138504,0.7685854766935686,0.6866541568324518,0.6558080765114506,0.6389311229777777,0.6263514292042264,0.6079732006171834,0.6037140781733359,0.5959827867452008,0.5860825543894679,0.5815041866236877,0.5821788491309178,0.5815464841872958,0.5719980388420878,0.571201113389415,0.5735088092369245,0.5571249582315229,0.5579198981276555,0.5577389451501098,0.5547712893449311,0.5481044977034389,0.5408615410373475,0.5373029311248487,0.5379607839733802,0.5321893484568744,0.5317206774246644,0.5218863216689207,0.517694574038613,0.5133667301178707,0.5023054883927123,0.5035737221374045,0.4983319128309521,0.49185080938077824,0.49191497592565675,0.48090687954908795,0.47414536949092934,0.4724728649257767,0.4614146864355958,0.4539118529706982,0.4509617535518847,0.44333710414464783,0.43951090106058555,0.42840091103847155,0.4334198366063409,0.4296886127654077,0.42704775765744885,0.4337763258648502,0.4254830739908087,0.42547630289958216],"valid_acc":[57.12413661264957,69.99099074358007,76.57047694303951,77.74168008850509,80.87034863149111,82.05520216013831,81.86136667459407,78.75453875407159,81.05326380632431,80.3680144137665,81.97329984334415,83.42843102251511,82.95066750555667,83.24551584768193,84.23926397179525,81.87228698468026,84.52046192803115,83.73692975573694,84.72248764535895,84.72248764535895,84.39760845294407,84.69791695000828,85.20844139951646,84.82077042572023,85.12107892611705,86.17488874726872,85.62614321881168,85.9155314112052,86.35780392376822,86.18034890449884,86.71544404831626,86.52706871666953,87.10038494256014,86.17761882723765,87.50443637721574,87.42253405938014,87.54538753446722,88.08048267661833,88.61830789873838,88.42447241319414,88.74935160727533,88.76027191736152,89.0578503377894,88.88039531310454,89.44006115539696,89.52469355049374,89.69668841690705,89.8168118136915,89.69668841524074,89.97515629484032],"valid_loss":[1.2566622875972782,0.8866056256727881,0.7051270691240451,0.674387268865459,0.590277351144263,0.5504366852876618,0.5599881130190543,0.6642658347146719,0.5807485083692857,0.6068199365609414,0.5526272271152614,0.5155655315774428,0.5324593332656307,0.5160713804751345,0.49125965321469833,0.5566678280634006,0.4775008850488978,0.5019428802545782,0.47545149138523213,0.4828428927842664,0.48927563620162356,0.4804141054936737,0.46033039675395104,0.4650856506138118,0.4636233969003433,0.4297856156713218,0.45344636089132206,0.45344564760049255,0.42825862638142387,0.4363481510755923,0.429516927564384,0.43115445166161515,0.40969733757344795,0.4348968534212629,0.3970943097372066,0.4019987585670438,0.39983921740642947,0.38147122216083423,0.36402669259296655,0.3778387567000384,0.3663958871994991,0.35752677096226293,0.3594491221786681,0.35011761107111894,0.3485719323098869,0.3468650664502919,0.33659536688205877,0.34585322088956894,0.34652653372812703,0.33974470677014285]}