{"train_acc":[33.80200939172218,67.6613519711696,74.44304903352626,77.32608933056677,78.48640384405373,79.72043245604456,79.97160642131702,80.35655782461505,80.44119253030469,80.74696953150595,80.95992137162827,81.5305230970842,81.29299989079392,81.49776127552693,81.85541116086054,81.63153871355247,81.99737905427541,81.99737905427541,82.35775909140548,82.39598121655564,82.87102762913618,82.94747187943649,82.74817079829639,83.07578901386917,82.94201157584362,83.4607404171672,83.62181937315715,83.49623239052092,83.55083542644971,84.07229441956973,84.1460085180736,84.6046740198755,84.27705580430272,84.75210221688326,84.79032434203341,85.09610134323468,85.4264497106039,85.16981544173856,85.94790870372393,85.57387790761166,85.98340067707764,86.36562192857923,86.29736813366823,86.77514469804521,86.75603363547013,86.87889046630993,87.13552473517528,86.98263623457464,87.27749262859015,86.97444577918532],"train_loss":[1.862262656233828,0.9589622847453546,0.770542986725985,0.6944737323730992,0.6565187009867328,0.6281443815428162,0.6141220692842564,0.6037304101389178,0.6044458143963907,0.5943380396244007,0.5941062157781829,0.5808664729166358,0.580998343718134,0.5752655385727052,0.5646227977285482,0.5693357193607996,0.5670942059605484,0.5630966920616768,0.5594992766841681,0.5555176970264049,0.5432017898473649,0.5424065621995088,0.5480737005523866,0.5386363303568916,0.5380668286297198,0.528212970214027,0.516567975058102,0.52288928157028,0.5181914158324117,0.5099019884308106,0.5056267632880403,0.49502069289160694,0.49931488931016316,0.49334882462247304,0.48283184549590313,0.4796602041281062,0.4766882255085954,0.4732256850535476,0.4579032105468462,0.4683842424047401,0.4503601716050834,0.4419982635754873,0.44227959611887907,0.4380120365812592,0.4336924826401061,0.4321663202684337,0.4223546862237719,0.43030543552940037,0.42088329976558214,0.4246390267427121],"valid_acc":[53.536815091033944,72.95039449408135,73.03229681316668,77.66250784855555,80.57550028457523,80.78298615705027,80.84850801069388,79.7837778815389,81.56651833038593,81.71394250519775,82.19170602590538,82.27087826377203,81.79584482303333,82.34732042708526,83.91165469878656,82.86603510941845,84.05634879425432,82.8387343347237,84.78800950129373,83.80518168560029,84.92724343994794,84.27748505241041,84.9572742914873,85.54970105612333,85.27669333104612,85.80359824141367,86.49430778682755,85.80359823974736,86.2677113751905,86.39329492816364,86.61170111280775,86.79461628659949,86.61170111114144,87.51808676352167,87.23142865005565,87.97946981795444,88.19514592054672,88.54186573375885,88.39171148543504,88.31799939834156,88.58554697264559,88.87766523792624,88.97048786376513,89.4100303055239,89.86322312879798,89.60932594454908,89.51104316418781,89.57383493848735,89.4946627006207,89.91782467339685],"valid_loss":[1.3960563224071907,0.8153412647051264,0.8266176495056987,0.6861778160789492,0.6060823107020249,0.5849791248381234,0.5814146995934975,0.6185679624979488,0.5686525383762757,0.5588689249445913,0.5541407982327174,0.5482747360208429,0.5588311525964598,0.5472422132805084,0.49578075722800075,0.5354296818329618,0.5010862395685224,0.5274648412367665,0.4708632604807144,0.502524790845478,0.46540273544832556,0.4933394110089858,0.46869532265652475,0.45677603429207825,0.46136371017726074,0.43435406277085925,0.41948962646573573,0.4462858327968807,0.43618973324650934,0.4317974582582581,0.4242096214867357,0.4193241491036299,0.42459257866641825,0.3932335861337436,0.41017260945841777,0.3913519501791054,0.3747466535955393,0.36963106574390336,0.3731483915874773,0.37634424851292125,0.37046373647267034,0.36181895589384416,0.3554380662675611,0.344076313631466,0.34167680458613886,0.34293814544163004,0.3460190920842921,0.343046223182585,0.3475268567347853,0.3353198555157367]}