{"train_acc":[68.06268428524626,33.96308834771213,26.255869826362343,23.282734520039313,21.80845254996177,20.607185759528235,20.224964508026645,19.8727749262859,19.111062575079174,19.089221360707654,19.029158021185978,18.59779403734848,18.726111171781156,18.75887299333843,18.311128098722293,18.581413126569842,18.846237850824508,18.794364966692143,18.685158894834558,18.73976193076335,18.712460412798947,19.0100469586109,19.08376105711477,18.91995194932838,19.03461832477886,19.10560227148629,19.446871246041283,19.57245822867752,19.815441738560665,20.18674238287649,20.413344981981,20.59626515234247,20.790105929889705,21.636452986786068,22.15791197990609,22.70940264278694,23.211750573331884,24.352954024243743,25.22660259910451,26.236758763787265,28.13148411051654,29.201703614720984,31.415856721633716,33.174074478541,36.39565359834007,39.032980233701,42.36103527356121,46.43442175384951,51.07021950420443,55.27465327072185],"train_loss":[1.9035576646135561,1.011483799764211,0.7855926839573956,0.7135104979309593,0.6726640739515903,0.6412696563365666,0.6276613635320102,0.6173689473960238,0.6014860092102993,0.5962524235645627,0.5995115407028482,0.5866532270611797,0.5963042071940429,0.5890681043037801,0.5796818972232757,0.5859415306070688,0.5949468980537722,0.5915081288221687,0.594428956905697,0.6018871252773969,0.5990873526066194,0.6045500665034115,0.6091799742532138,0.6119636922238292,0.6194936101146565,0.6144065410989047,0.6273951100719877,0.6375881553060743,0.6454783015419358,0.6487217537177576,0.6634488702796751,0.6753697090955024,0.6841669272059004,0.7072283359962714,0.7220140737621261,0.7459019853829999,0.7556493071810939,0.7893041547917117,0.8175982219808107,0.860191688268638,0.9042946162202465,0.9356176044673551,0.99040963761838,1.0455856235498318,1.1243159459565968,1.1942174628505517,1.2928375916097237,1.3898376340205796,1.4966957460158488,1.6063130365210068],"valid_acc":[45.84891752353278,29.121734143826572,25.015697943002095,21.054355838686803,19.244314615145015,20.390947063177038,17.7509623516097,17.305959759702617,16.66439160374037,17.191296515774226,17.248628137217693,16.48147642786573,15.66245324680203,14.564962190512816,15.026345246611896,15.618772010623047,15.63515247627305,14.554041880426624,14.472139562591039,14.163640833118407,14.616833655142742,14.251003304434931,14.922602309020505,14.417538018408749,13.98345573283865,13.680417154139207,13.934314339429548,13.844221790851833,13.784160093813483,13.866062410607626,13.202653633431567,13.240874716129625,13.407409429062,13.666766768249843,13.631275766145592,13.6094351463898,13.674957000658267,13.704987849489882,13.42925004923437,13.407409430728308,13.355537961099458,13.98618581009984,13.598514838386492,13.552103523904876,13.696797620414074,13.737748778290424,13.680417155180649,14.141800215028908,14.147260369551276,14.559502032241255],"valid_loss":[1.3727571241242928,0.8641633813782605,0.7520942554260642,0.6380769055837195,0.5814434025324664,0.6297701901192715,0.5521413670808183,0.5314317947344762,0.511239844810081,0.5312352615339874,0.529528280244601,0.5022341797103453,0.4795317506968508,0.4552716461774247,0.4744012548715269,0.4840452722211855,0.49421760788511665,0.4553987499377421,0.4539422353416817,0.4437862275532245,0.4606409580611412,0.45164440171591475,0.4745366767969454,0.46370217614243014,0.4486699636070906,0.4348137384046289,0.4387862464127922,0.4401157328002579,0.4385798319569286,0.4462049708281712,0.4274247137275836,0.43073102165073657,0.43453742218868957,0.45139292767984596,0.45270726157610097,0.4389936566619714,0.4472801037247258,0.44775704925430765,0.449549112752405,0.43540499143249756,0.4374112295946262,0.4569140684766068,0.4389240335404699,0.44078584729367287,0.44470910798641206,0.4433573862618748,0.4485904753050317,0.45170305262209726,0.445047437373366,0.45124247774887366]}