{"train_acc":[68.9827454406465,34.184230643223756,26.255869826362343,23.604892432019227,21.944960139783774,20.631757125696183,20.519820902042156,20.115758436169045,19.566997925084635,19.198427432565254,19.19296712897237,18.592333733755595,18.625095555312882,18.707000109206078,18.431254777765645,18.83531724363874,18.87080921699247,18.26471551818281,18.589603581959153,18.592333733755595,18.73976193076335,18.933602708310588,18.518619635251724,18.67150813585235,18.971824833460744,19.269411379272682,19.435950638855516,19.695315059517313,19.82363219394999,19.719886425685274,20.28229769575188,21.155946270612645,21.352517199956324,21.519056459539144,22.18521349787048,22.608387026318667,23.424702413454185,24.23282734520039,25.36038003713007,26.714535328164246,28.218848968002618,29.26722725783553,31.309380801572573,33.42251829201703,36.543081795347824,39.76193076335044,42.781478650212954,46.8439445233155,50.794474172764005,56.00633395216774],"train_loss":[1.9295504062576978,1.0163646747454866,0.7883778494349784,0.7183564277576335,0.6751636342214968,0.6384784339153052,0.6287200664528804,0.6208329907284562,0.6063131145271292,0.5993720042506354,0.5945052357529453,0.5826463894746677,0.5920453431812764,0.5893448632435467,0.590145798779815,0.5953319316817981,0.591311260610347,0.5861859783356115,0.5950598031838961,0.5944042837527351,0.6023407657815338,0.6117272862469485,0.6008983996870789,0.6126771647883019,0.6182694760579085,0.6324326638260483,0.6301479369867339,0.6415195267338725,0.6423477496436372,0.6490779350428025,0.6735121770965827,0.692428338644194,0.6934783655222136,0.7122586699465262,0.7242176043384523,0.7408837840665672,0.7683588990650154,0.7929417989107411,0.8259313080369926,0.8577719370558804,0.9061522863506685,0.9391889524756658,0.9957761191978092,1.0524626351983264,1.1261073095876342,1.2243404518871885,1.2898836828311797,1.393466716082424,1.501467156035288,1.627595550670001],"valid_acc":[45.84345736963528,32.45242840518185,23.14832509968315,20.920582051222354,18.91397526591659,18.179584480574547,18.44986213047345,16.855497010981978,16.80089546367536,17.14761527584605,15.94365120366281,16.224849165314197,15.607851701578312,15.547790003498505,15.102787410966556,15.313003360077914,14.215512298373199,14.493980180680524,15.222910809417314,14.93898277154618,14.649594585609591,14.48032979270829,14.130879904942717,14.016216659348018,14.139070137767717,14.210052146558567,14.373856782229765,13.964345192010342,13.745939012156867,13.874252639683448,13.194463405397201,14.158180674846832,13.685877310327882,13.497501980347451,13.459280899732292,13.333697341968517,13.126211471159792,13.6967976181229,13.489311745856142,13.66676677158246,13.500232055317468,13.554833601166067,13.694067540445133,13.912473723006357,13.724098391359632,13.549373446643699,13.999836196405766,14.352016162473959,14.11176936182325,14.417538014659556],"valid_loss":[1.3295560472866654,0.9712174262623356,0.6996572408145273,0.6289474730956511,0.5724921112805308,0.5482268365158353,0.564209348189684,0.5249810437253458,0.5219002425875657,0.5308746526373695,0.4941990227092998,0.5074754854675241,0.48873164502264566,0.4875502017249333,0.4710488518930718,0.47538342554796603,0.4429586331402173,0.45757598975109015,0.47267690594904693,0.4707637051080075,0.46545602162648664,0.4550302424501535,0.4518511754252726,0.44492008305597686,0.45267387711935736,0.4482067763120316,0.4583106809506113,0.4395433628742016,0.44734835852835675,0.45521573865438725,0.4228907279604538,0.4504585815087372,0.44092312800826156,0.4435983272065707,0.4336012170890771,0.4375853989864308,0.4285528837646749,0.44415287641131707,0.44781391173271634,0.44666715285767566,0.43466515520117643,0.4419216548009445,0.44837779049147075,0.45484407807372673,0.4414770375820163,0.4376885231410703,0.451797232753102,0.4534424640657913,0.4412213642905921,0.4558766246636893]}