{"train_acc":[56.164,38.792,31.78,27.688000000000002,24.971999999999994,23.031999999999996,21.799999999999997,20.488,19.019999999999996,18.495999999999995,17.763999999999996,17.311999999999998,16.760000000000005,16.159999999999997,15.516000000000005,14.944000000000003,14.552000000000007,14.412000000000006,13.799999999999997,13.439999999999998,13.256,12.724000000000004,12.036000000000001,11.768,11.319999999999993,10.719999999999999,10.135999999999996,9.847999999999999,9.512,9.096000000000004,8.727999999999994,7.900000000000006,7.408000000000001,7.219999999999999,6.5319999999999965,6.343999999999994,5.555999999999997,5.268000000000001,4.647999999999996,4.492000000000004,3.896000000000001,3.4879999999999995,2.9039999999999964,2.8880000000000052,2.5400000000000063,2.2680000000000007,2.0160000000000053,1.8719999999999999,1.9000000000000057,1.5919999999999987],"train_loss":[1.5335459587478637,1.087127919139862,0.9047430713653565,0.7959098594284058,0.716228966808319,0.6590942261886596,0.629973959274292,0.589346294670105,0.5525954417800903,0.5358513391876221,0.5164253986740113,0.501667847366333,0.48025461882591247,0.46583955302238467,0.4498900045585632,0.4326492638015747,0.42219894342422487,0.40658988145828245,0.39785948247909547,0.38527108688354494,0.37806294620513914,0.35981407992362974,0.3504361937808991,0.3347722125339508,0.3208580316543579,0.309781391248703,0.29588291967391966,0.27889339361190796,0.2698128042125702,0.2606542926025391,0.2439549249458313,0.22605479946136475,0.2118900946521759,0.20450765255928038,0.18655473229408265,0.17822406915664674,0.15831974406242372,0.1480636832523346,0.13291937812566756,0.12345754466056824,0.11210774652481079,0.10064933615207672,0.0823235828256607,0.08266739991903305,0.0735824639582634,0.0670266828083992,0.0612376743388176,0.05603577261686325,0.05617429125547409,0.05172117274403572],"valid_acc":[44.596,37.284,30.263999999999996,28.260000000000005,25.5,22.843999999999994,22.768,22.620000000000005,21.543999999999997,19.903999999999996,20.275999999999996,20.004000000000005,18.964,18.236000000000004,19.688000000000002,17.736000000000004,17.724000000000004,17.256,18.040000000000006,17.299999999999997,16.180000000000007,16.811999999999998,16.239999999999995,15.268,15.195999999999998,16.168000000000006,15.840000000000003,15.420000000000002,15.436000000000007,15.835999999999999,14.319999999999993,14.256,13.763999999999996,14.384,13.403999999999996,13.195999999999998,12.831999999999994,13.180000000000007,12.732,13.215999999999994,12.400000000000006,12.096000000000004,12.028000000000006,11.915999999999997,11.896,11.463999999999999,11.432000000000002,11.695999999999998,11.480000000000004,11.400000000000006],"valid_loss":[1.2601087363052368,1.0509863788604736,0.8599026288223267,0.8123559383773804,0.7294866549873352,0.6608160383987427,0.6590579954147339,0.6466846423339844,0.637293382434845,0.5890435510826111,0.5857909480285645,0.5857972580909729,0.5469941004943848,0.531551367225647,0.5849466370010376,0.5293098027610779,0.5260026379585266,0.5146807579231262,0.5250498204994202,0.5105318932723999,0.48550702322006223,0.4869368862915039,0.48361678176879885,0.4591751494407654,0.4663634887123108,0.48842703872680665,0.48564020793914797,0.46900475215911863,0.46857199586868287,0.4932294333744049,0.4327545479631424,0.4393150478506088,0.4242862596607208,0.45277074807167056,0.4252906171321869,0.4254515234184265,0.4103479517364502,0.4315547008895874,0.42492342084884643,0.4325784742164612,0.423759180021286,0.4116236452198029,0.42480705356597903,0.42065171182632444,0.4208760426712036,0.4187959365940094,0.42136085918426514,0.42754812545776366,0.4275288126325607,0.41288599980354307]}