{"train_acc":[56.724,38.588,31.804000000000002,27.480000000000004,24.444000000000003,22.567999999999998,21.287999999999997,19.964,19.0,18.275999999999996,17.208,16.751999999999995,16.268,15.183999999999997,14.876000000000005,14.548000000000002,13.915999999999997,13.263999999999996,13.067999999999998,12.760000000000005,12.347999999999999,11.644000000000005,11.572000000000003,10.876000000000005,10.524000000000001,10.280000000000001,9.775999999999996,9.340000000000003,8.884,8.116,7.920000000000002,7.536000000000001,6.808000000000007,6.400000000000006,6.040000000000006,5.519999999999996,5.135999999999996,4.804000000000002,4.1839999999999975,3.896000000000001,3.5,2.8359999999999985,2.8359999999999985,2.396000000000001,2.0319999999999965,1.843999999999994,1.671999999999997,1.608000000000004,1.5160000000000053,1.4279999999999973],"train_loss":[1.547186509475708,1.0820421680831909,0.9024430992126465,0.784488909034729,0.7087477357769012,0.647266441116333,0.6110628506469726,0.5719862477302551,0.5460300437736512,0.5245165943908692,0.4988724673652649,0.48119755327224734,0.4666879965019226,0.44231499258995055,0.42819127967834475,0.4171004194355011,0.40610878910064696,0.3817253585147858,0.37998672627449037,0.36684513410568237,0.35527331250190736,0.3313786612892151,0.3299787937164307,0.30944814723968506,0.301739759016037,0.28980575998306274,0.27869653133392336,0.2654721348667145,0.25681201089859007,0.22730195860385896,0.22292577692985535,0.21340033051490784,0.1938424451351166,0.18547696223258972,0.1719675677871704,0.1571979852581024,0.14580475376605986,0.13435928081512452,0.12083070628166198,0.11007275889396667,0.09846722573280335,0.08233293008089065,0.08086420831680298,0.0695244053196907,0.059335366525650024,0.0559798362493515,0.052517236661911014,0.048521001769304274,0.04702300232410431,0.043739854726195335],"valid_acc":[43.644,37.38,30.555999999999997,29.019999999999996,25.516000000000005,23.823999999999998,23.843999999999994,24.415999999999997,20.843999999999994,19.364000000000004,20.316000000000003,19.42,18.376000000000005,18.060000000000002,19.104,16.884,17.164,17.676000000000002,16.504000000000005,17.388000000000005,16.296000000000006,16.676000000000002,15.207999999999998,15.304000000000002,15.956000000000003,15.128,15.372,14.947999999999993,14.840000000000003,14.599999999999994,14.492000000000004,14.263999999999996,13.872,13.855999999999995,13.364000000000004,13.840000000000003,12.932000000000002,13.715999999999994,13.176000000000002,12.671999999999997,12.299999999999997,11.963999999999999,12.079999999999998,11.867999999999995,11.555999999999997,11.483999999999995,11.671999999999997,11.707999999999998,11.492000000000004,11.575999999999993],"valid_loss":[1.2069172880935668,1.085364280166626,0.8662012401771545,0.834962626991272,0.748189566783905,0.6954579108810425,0.696182670211792,0.7316045225143433,0.6081014554595947,0.5585263083744049,0.5850040895462036,0.567753470954895,0.5369112416934967,0.5326056898117065,0.5673681028175354,0.5065940985012054,0.5019486243438721,0.5264564749336242,0.48450602628707884,0.515715853061676,0.4937258839797974,0.4919054850101471,0.4532006748008728,0.4573476934814453,0.49036571981430055,0.4627612412071228,0.4581731787109375,0.46134365159988405,0.4461689394950867,0.4492761416912079,0.44789905794143675,0.44622139501571656,0.44033631104946136,0.44188231145858764,0.4376573048496246,0.45765099980354307,0.4166701812362671,0.4741042286491394,0.43908391310691836,0.4416535604476929,0.4199184896278381,0.41829265778541563,0.42540239421844483,0.4289657550907135,0.4219584070491791,0.4193235612773895,0.4277505883789062,0.4154139849567413,0.43557347562789916,0.43758101232528684]}