{"train_acc":[83.17134432674456,82.74544064649994,82.52702850278476,82.5925521458993,82.86010702195043,81.87725237523206,81.15922245276838,81.15922245276838,81.15922245276838,81.15922245276838,81.15922245276838,81.15922245276838,81.15922245276838,81.15922245276838,81.15922245276838,81.15922245276838,81.15922245276838,81.15922245276838,81.15922245276838,81.15922245276838,81.15922245276838,81.15922245276838,81.15922245276838,81.15922245276838,81.15922245276838,81.15922245276838,81.15922245276838,81.15922245276838,81.15922245276838,81.15922245276838,81.15922245276838,81.15922245276838,81.15922245276838,81.15922245276838,81.15922245276838,81.15922245276838,81.15922245276838,81.15922245276838,81.15922245276838,81.15922245276838,81.15922245276838,81.15922245276838,81.15922245276838,81.15922245276838,81.15922245276838,81.15922245276838,81.15922245276838,81.15922245276838,81.15922245276838,81.15922245276838],"train_loss":[2.275019680736392,2.274938784429857,2.272390130072087,2.2703177082729975,2.2728366468285217,2.268409047205401,2.265710665042632,2.265653740907973,2.2659454924239855,2.2654245695172666,2.265540468181157,2.2658039730970185,2.265423637583642,2.2654711883557836,2.265564356280347,2.2658761363109154,2.2657412736712943,2.265815757202818,2.265563629750694,2.265776439825885,2.2655738147309843,2.265457963948689,2.2655962225103843,2.2656514187677725,2.265707642123131,2.26570549963655,2.2654076898099293,2.2655042593586168,2.2654709121839076,2.265360282265985,2.2655062663499166,2.265770392763155,2.265342673243062,2.2656466400075246,2.2654694747726927,2.265467336425956,2.2654964511696787,2.265366954861789,2.2657915955093917,2.2653438162566717,2.2651023425506014,2.2655189526553654,2.265440856862357,2.265407023321037,2.2651193628303865,2.2656927631582717,2.265434178330173,2.265280239574511,2.265374875659699,2.265438678731457],"valid_acc":[83.5349040378103,85.54424090212167,88.24155723612185,88.19514592270772,81.03961342111188,80.99866226219409,80.99866226216805,80.99866226172544,80.99866226229824,80.99866226235031,80.99866226224617,80.99866226219409,80.99866226172544,80.99866226219409,80.99866226287102,80.99866226224617,80.99866226222012,80.99866226222012,80.99866226219409,80.99866226222012,80.99866226222012,80.99866226172544,80.99866226172544,80.99866226222012,80.99866226219409,80.99866226224617,80.99866226222012,80.99866226224617,80.99866226224617,80.99866226219409,80.99866226229824,80.99866226222012,80.99866226216805,80.99866226224617,80.99866226222012,80.99866226222012,80.99866226216805,80.99866226224617,80.99866226224617,80.99866226287102,80.99866226229824,80.99866226172544,80.99866226216805,80.99866226219409,80.99866226224617,80.99866226219409,80.99866226222012,80.99866226172544,80.99866226222012,80.99866226287102],"valid_loss":[2.6533434675595706,2.3375182607164873,2.331636200249545,2.3389260810417873,2.2676559975367967,2.2623395868443703,2.265008054184072,2.268241944524332,2.260693482507271,2.26504836786343,2.2667338791941245,2.2606966247195133,2.266436537665522,2.2662695839766376,2.267626357080505,2.2648374739278787,2.2661888003170305,2.2638007251638794,2.2678062471431795,2.263380373096078,2.262399099028639,2.2666888740992266,2.2656740773732724,2.2660318340227157,2.2617980045105734,2.2610877406577936,2.2633973766972493,2.267186498449301,2.2647801253845676,2.2662699944479154,2.2652887662755155,2.263727722213792,2.2667575850592594,2.264237034841227,2.264276485360581,2.2647704070530033,2.2651857989546924,2.2652559295301145,2.263079900557242,2.263775308704509,2.2655522202504232,2.264765645281559,2.2647645458118957,2.2649334617138703,2.2656954105800753,2.2650219140954553,2.264950185713947,2.2649896567822507,2.2649991513730567,2.2649987834642045]}