{"train_acc":[38.316,48.844,51.84,53.472,53.716,54.264,54.872,54.94,54.66,54.82,54.476,54.156,53.556,53.276,53.32,52.748,52.564,52.612,52.06,52.0,51.732,51.62,50.776,50.724,50.124,50.112,49.088,48.808,48.364,48.656,48.6,47.876,47.656,47.428,46.912,47.092,46.588,45.364,45.044,45.308,43.684,43.42,42.232,41.04,39.476,37.632,35.608,33.572,30.708,27.592],"train_loss":[1.6828403640365601,1.414714104232788,1.341045660057068,1.3140470356750489,1.308029475326538,1.300195821609497,1.2828408178329467,1.2882561360549927,1.2824694722747803,1.294331510734558,1.306342618560791,1.3135592239761353,1.3225329251861573,1.3370435191345216,1.33480035697937,1.3513149765396117,1.3639271511077882,1.3710172386169435,1.372448344039917,1.3827717197418212,1.3986144528961182,1.4032527151107788,1.4164848006820678,1.4248407406234742,1.4324061550140381,1.4448015169525146,1.4655282164764405,1.4603168071746826,1.4862552883911133,1.490332092628479,1.4817277543258667,1.5064853624725343,1.5149723205184937,1.526573708114624,1.5446714501190186,1.5428291115570067,1.5471122061157228,1.5773796546173096,1.588530700340271,1.5985480418014526,1.620557837600708,1.633493176651001,1.6703935207366942,1.7007714853668212,1.7359312609100341,1.7777876253509521,1.8266951190185547,1.8733008864593506,1.9222769822692871,1.987165004043579],"valid_acc":[47.06,49.024,47.696,51.72,55.104,51.9,52.224,55.416,51.88,58.164,57.832,59.376,57.556,58.084,59.972,54.28,60.964,57.304,56.78,58.668,61.544,58.244,61.844,57.832,59.692,58.492,58.52,59.44,60.828,60.736,62.7,58.784,60.064,60.168,60.424,61.116,61.976,63.008,62.232,61.752,64.304,63.076,64.032,64.192,63.804,64.376,64.632,63.996,63.708,62.544],"valid_loss":[1.4503107859802247,1.4277249472808837,1.4497247546386718,1.3544768379974366,1.2783680374145507,1.4182163314056397,1.3119616004180907,1.2400087066650392,1.3286625746917724,1.182887760925293,1.185953143119812,1.1510354457855225,1.2299167935562134,1.1703305953979493,1.1291927119636536,1.2498455477142334,1.1136970710754395,1.2075999828338624,1.2114157037734985,1.1491170064926148,1.1022566933822633,1.1977916292190551,1.075186929397583,1.1707888056182862,1.1359073531341553,1.1771906711959839,1.1743163003349304,1.147956321220398,1.119001502723694,1.105065991859436,1.063371940612793,1.190214948539734,1.11593290266037,1.137847876663208,1.1181323845291138,1.1288725854492188,1.0873289019966126,1.0706822031021117,1.064210464820862,1.0808392560958862,1.0381321611213683,1.0580944147109985,1.0447702311515807,1.0367704724884033,1.0672019450759889,1.0775986582183839,1.0834265771484375,1.1000513456344605,1.1095843396759033,1.1758478887176513]}