{"train_acc":[39.248,49.448,52.668,54.352,55.372,56.236,55.756,55.956,55.744,55.02,55.564,55.36,54.896,54.464,54.236,53.864,53.456,52.932,53.06,52.944,51.724,51.264,51.612,50.62,50.356,50.412,49.484,49.928,49.188,49.092,48.596,48.776,48.416,47.8,47.092,47.312,46.664,46.728,45.524,44.788,44.832,44.068,42.704,41.828,40.344,38.016,36.308,33.58,30.576,27.476],"train_loss":[1.6500572668457032,1.3957301196670533,1.3164665085601808,1.2850113579177855,1.2637628887557983,1.2511807641220092,1.2575640449905396,1.2645866705322266,1.266707103652954,1.277095597267151,1.2766912345504762,1.2810983253097534,1.3018832576370238,1.3087984923171998,1.3187453651809693,1.332462993812561,1.3418334552383422,1.3571142841339112,1.3641921345901489,1.3587096315765381,1.3890875452041627,1.397863391571045,1.4066269634246826,1.409918593711853,1.427923642730713,1.4385379905319213,1.4543725273895263,1.4471406805038451,1.465718978919983,1.480641028060913,1.4846142282485961,1.5048211166000367,1.488888423347473,1.502626999282837,1.5223404513549805,1.5288788220214844,1.5463858363342284,1.5543049910736084,1.5774673983001708,1.6010255419921875,1.6146445502471924,1.6273603282928466,1.6461809854888916,1.6854520196533203,1.7129461306762694,1.765694217300415,1.812379185256958,1.862287159347534,1.9246075728607177,1.9920812131118775],"valid_acc":[47.948,46.828,49.164,56.716,51.416,53.404,53.912,55.652,55.34,56.852,57.716,58.996,58.34,60.508,56.66,57.632,61.216,55.012,58.836,61.152,60.5,58.952,55.344,60.308,61.612,59.42,60.452,59.84,59.676,59.968,61.92,61.044,61.572,60.288,61.672,62.84,61.764,61.968,61.944,64.768,63.784,64.584,64.792,63.804,65.084,64.192,64.488,63.476,63.76,63.004],"valid_loss":[1.4480085821914672,1.4876156813812256,1.3974704702377319,1.2562941413879394,1.400055497817993,1.343632019882202,1.2714295209121704,1.2945885615539552,1.2419134257888793,1.2188491151046752,1.1653334659957886,1.1885437184143066,1.1795887770462037,1.1212878873062133,1.3092765239715576,1.176932772293091,1.1212078414726256,1.2462464163589477,1.1521045693588257,1.112393778076172,1.116355760345459,1.1554009294509888,1.2646422258758545,1.1131478760147095,1.0797291981506347,1.1425083715438842,1.1309846573638915,1.1193870496749878,1.126114269428253,1.1199937897491454,1.08265745388031,1.1093237607955932,1.0880831132507325,1.1234769982910155,1.089389182510376,1.0500350956726074,1.0832272601509094,1.0637445205688476,1.0757171166610717,1.0235160976982116,1.042328218574524,1.0408635760498046,1.0302950731658935,1.0332436855316163,1.0296489435577392,1.042216120529175,1.0757887672424316,1.0964015030670167,1.1190872922134398,1.1496261419296265]}