{"train_acc":[37.632,48.216,52.244,53.408,53.88,54.252,53.924,54.5,54.86,53.92,54.532,54.224,53.888,53.896,53.84,52.948,52.796,52.184,52.608,51.788,51.924,51.56,51.032,51.032,50.396,50.916,49.82,49.872,49.072,48.416,48.94,48.176,48.208,47.416,47.08,46.716,46.628,45.88,45.18,45.364,44.504,43.616,42.024,41.252,39.164,37.536,35.64,33.2,30.764,27.46],"train_loss":[1.6922780564117432,1.4271932376098633,1.3403344157791137,1.3084689693069458,1.2974476669311523,1.2968773352050782,1.3004819309234619,1.2966748245239257,1.2934269272613526,1.3095781705856324,1.3047429272079467,1.311191110305786,1.3236355519866942,1.3192311264419556,1.34040123298645,1.3511383558273315,1.3589423733901977,1.368978062286377,1.3772941367340088,1.3805107118988038,1.3967039591598511,1.4007986940383912,1.4097246668624879,1.4261879399871826,1.4321229859924316,1.4384853266525268,1.4520659656906127,1.4631585246658325,1.4732270209121705,1.4845643246841431,1.4930665894317627,1.5042563959503175,1.502372522354126,1.524513388900757,1.5376305641937256,1.5456225118255615,1.5522254537582398,1.5710714877700807,1.5840352212524413,1.5956743981170654,1.6173229791259767,1.639381320877075,1.6803569934082032,1.6902443959808349,1.7331434504699708,1.7788109774780274,1.8174426245880126,1.8786299673843383,1.9275959958267213,1.9917241436004638],"valid_acc":[44.692,52.624,55.644,52.232,55.096,54.812,57.64,54.276,54.884,51.156,56.644,59.252,60.172,56.612,60.396,60.116,60.8,58.92,59.812,54.588,60.732,56.204,56.988,61.056,56.564,60.532,60.84,60.468,61.12,60.584,58.952,60.584,62.116,60.948,62.6,60.744,61.604,63.188,62.812,63.344,64.744,64.212,63.988,64.656,63.76,64.2,64.28,63.756,63.664,63.524],"valid_loss":[1.5393738460540771,1.3246792044448852,1.2578138593292236,1.330091127357483,1.275404026222229,1.26525794506073,1.2031273015403747,1.3257114100265504,1.250947568244934,1.3386430871582031,1.204682221069336,1.1436379416275024,1.115682006855011,1.2025282978439331,1.1010342121124268,1.1515717085647583,1.1056421922683717,1.1673759575653075,1.1474006716918945,1.3007490771484376,1.1268361561965943,1.2240347257614135,1.2467500828170777,1.0897438362121583,1.2002492318344116,1.117098099899292,1.084536095123291,1.1086346448516846,1.089975862865448,1.0950190338897705,1.1355937253952026,1.1164688663101197,1.0761347285079956,1.1045786741256713,1.0670519023895264,1.1090837561035156,1.0895719583892822,1.0446000051498414,1.0702541422843934,1.0405330373382569,1.026630779800415,1.0424344929885865,1.0457670636749268,1.045805860786438,1.0697170598220824,1.0820782557296753,1.0667861106491088,1.0946583776092529,1.131524465675354,1.2154563468170165]}