{"train_acc":[39.824,50.532,54.708,56.628,57.648,58.948,59.348,59.928,60.2,60.304,60.84,60.984,61.548,61.608,61.748,62.216,62.5,62.616,62.42,63.476,63.552,63.496,63.676,64.08,64.444,65.304,65.316,65.8,66.3,66.756,67.364,67.624,68.404,68.588,69.276,69.872,70.844,70.932,71.844,72.416,72.944,73.768,75.024,75.524,76.304,76.656,76.82,78.168,78.36,78.184],"train_loss":[1.6446786748886109,1.3764864057159423,1.274921616859436,1.2192078865814209,1.2044082526016235,1.176646541557312,1.1510011183547975,1.1409777661132812,1.1348634900665284,1.137544571723938,1.1232190840148926,1.1159593355178834,1.0947355407714843,1.095911142463684,1.0939208114433288,1.0896471500778198,1.0773705740737916,1.0807450572013855,1.0719601097488403,1.0572144004058839,1.0592526705169678,1.052802975959778,1.0437334085845946,1.0433868139457703,1.0284049897003174,1.0103626910209655,1.0099949097061158,0.9944907384872437,0.983886132774353,0.9700809062576294,0.9567858460617066,0.9434758668327331,0.9274628627204895,0.9221689380645752,0.9020917728805542,0.8835713211250306,0.864222022857666,0.8458570799636841,0.82149958694458,0.8146088995361328,0.8041751314926148,0.7744943194961548,0.7446401593780517,0.7295905573654174,0.7038755564689636,0.6933914991950989,0.6876145429611206,0.6583361926841735,0.641908159942627,0.650155699043274],"valid_acc":[43.188,46.064,52.632,53.48,57.348,59.2,52.784,54.864,58.74,59.724,60.352,59.7,54.628,59.5,62.628,64.18,64.544,64.584,65.276,63.76,63.756,67.088,64.196,65.048,65.404,66.756,68.36,70.168,64.312,68.324,71.508,70.712,70.38,72.38,72.372,70.028,74.916,73.424,74.232,76.092,76.2,75.852,77.412,78.656,78.888,79.348,79.524,79.404,80.46,80.764],"valid_loss":[1.5862868310928344,1.498970760536194,1.3250664878082274,1.342366478805542,1.2051596032333374,1.1770507378387451,1.338102850379944,1.2771376805496215,1.1713148432922362,1.17511894947052,1.1576422500228882,1.1363945660018921,1.2503476558685302,1.1564932188796997,1.0695911492919923,1.0132272217178344,1.038993872680664,1.0165884113693238,0.9936457988739014,1.046406263847351,1.0540263820075988,0.9365869652175903,1.0087917224884033,0.9843604668426513,0.9760530435180664,0.9466596822357177,0.911108153591156,0.8589821349716187,1.0154233892822266,0.9026093573665619,0.829208132610321,0.8368997957229615,0.8573572845077515,0.7974489605140685,0.789514451007843,0.8640181631469727,0.7249010767745971,0.7565183165359497,0.7424680354309082,0.6824674010848999,0.6799947598457337,0.6957946112632751,0.6597323891830444,0.6148451187992096,0.6004967364120484,0.6016085095596313,0.5899427862167358,0.5873209129905701,0.5590657250595092,0.5512041959953308]}