{"train_acc":[37.184,48.528,52.732,54.708,55.552,56.644,57.496,57.38,58.024,58.376,58.644,59.016,58.448,59.516,59.772,59.724,60.324,60.28,60.632,60.616,61.172,62.5,62.536,62.724,63.292,63.588,64.228,64.98,65.38,65.868,66.5,66.744,67.716,68.324,68.788,69.944,70.288,70.976,71.808,71.988,72.944,73.716,74.684,75.152,75.9,76.268,77.128,77.432,77.972,78.128],"train_loss":[1.6977355435943604,1.415743249282837,1.3140308470916748,1.2642579781341552,1.2460656726837158,1.217670567855835,1.2059757244491578,1.1989526899719238,1.1778344046401978,1.1793534145355224,1.1658519941711425,1.1646345721435547,1.1684401875305175,1.1518490000534058,1.140687681617737,1.1463877521514894,1.1316942489242554,1.1287928275299073,1.122982011680603,1.1206490718841553,1.1053279943084717,1.0869904522895812,1.0853791624450684,1.0683064722061157,1.052759894104004,1.0475083641242982,1.0336085431671143,1.0141328393363953,1.0057420923995972,0.9873427726745605,0.9774626707458496,0.9594382945251465,0.9425748925590515,0.9263982963562012,0.9126222811508179,0.8912446246337891,0.8751877563858033,0.8566973679161072,0.8290853429794312,0.8238068042373657,0.7982275951004029,0.7712589184951782,0.7439966584777832,0.7341701147651672,0.7142308166313172,0.69907222738266,0.6786496956825256,0.6761424737453461,0.6595371720695495,0.6546163796806336],"valid_acc":[40.796,47.528,46.556,52.512,53.28,56.352,54.384,55.868,58.472,58.684,57.66,58.588,57.924,60.588,56.988,59.528,56.364,62.004,62.512,62.668,65.244,62.924,62.644,66.452,67.048,59.192,63.348,66.892,67.436,66.488,68.068,68.124,69.132,68.792,68.72,73.356,70.96,73.428,73.148,75.344,76.608,77.232,77.38,77.9,79.056,79.304,79.384,79.864,79.752,80.696],"valid_loss":[1.5925462157440184,1.4922407266998292,1.5718619799423217,1.3500849297332764,1.3257083518600463,1.2113409789276124,1.2570801058959962,1.2482059583854674,1.1754631318283082,1.1699491233062744,1.190164306411743,1.1928195562362671,1.1878816442108153,1.1023082565307618,1.2074073837661743,1.176383136062622,1.2329656341552735,1.0595344917297362,1.0707530615997314,1.0388511011886596,0.9789485239028931,1.0475139419937134,1.0701304445266724,0.9570419456481933,0.9366679416275024,1.1640478789520263,1.0620774925613403,0.9498723740005494,0.932283490638733,0.9555287141036988,0.9154956185913086,0.912691960773468,0.8635554670333863,0.8775152702140808,0.9084212883377075,0.7745392936706543,0.8176051364898682,0.7625293146705627,0.7723842770385743,0.7100387244224549,0.6763759777450562,0.6538048524093628,0.6510425233268737,0.6390514686203003,0.6011239869308471,0.5923151821136474,0.5910813276863098,0.5792948811531067,0.5735435587120056,0.5577392035293579]}