{"train_acc":[27.59910451021077,39.33056677951294,46.62553237960031,52.36431145571694,52.664628153325324,53.33078519165666,53.139674565905864,52.81478650212952,52.440755706017256,52.78475483236868,52.6291361799716,53.175166539259585,53.21611881620618,52.84208802009392,53.22976957518838,53.628371737468605,53.325324888063776,53.6147209784864,54.32729059735721,53.8058316042372,54.739543518619634,54.73408321502676,54.936114447963305,55.06170143059954,55.498525718029924,55.921699246478106,56.516872338102,57.16664846565469,57.8109642896145,58.46620072076007,58.851152124058096,59.40810309053183,60.39641804084307,60.80594081030905,61.543081795347824,62.69247570164901,63.19755378399039,64.07120235885115,65.39259582832806,65.87583269629792,66.68395762804411,67.81424047177023,68.93360270831059,69.9819809981435,70.42972589275963,71.54635797750355,71.65556404936115,72.05416621164137,72.66299006224746,72.76400567871573],"train_loss":[2.0260489997455515,1.7309701314617665,1.5489761125732877,1.3966259996716837,1.3861626744647857,1.3735849536948033,1.367474061921784,1.3729276651636773,1.3893398694027663,1.385965163079987,1.3865026002160923,1.3824521242120686,1.3787047430015331,1.3849905557321047,1.3712392454000493,1.3672621260306923,1.3745022750361668,1.363888111582643,1.3520969388994495,1.3627229577083573,1.3425427394961509,1.3379239685816366,1.3312453045209214,1.330968245494518,1.3143276766526772,1.3037780242493753,1.2925441687812942,1.275244316406954,1.2589908872900981,1.2488526678559195,1.2357413100144403,1.2204333899569744,1.1931770030257352,1.1766167458480814,1.1582927571851067,1.1290553279796307,1.1128884659358165,1.0923255407303796,1.0622755314007952,1.037934107708595,1.0187511916658927,0.9943846784539393,0.9611118281396622,0.9397043677752125,0.9217179733761484,0.8956667067469032,0.8810247471593698,0.8799713920906432,0.8606775565492126,0.8547233584615306],"valid_acc":[27.218870293873106,40.5962488735307,46.575118075633256,48.71003849325623,38.887220507611374,47.077452292733014,45.79977613449773,49.27516448642598,53.85896420785395,50.62928280953664,51.93698981764497,48.83016189441474,38.65789401871315,51.73769417653691,48.7154986477786,52.91435747548343,52.56490758771786,53.484943624112844,53.820743127238785,56.97944251905642,53.4248819233253,56.217750960894215,57.39714433949723,59.70951977909733,54.500532364232775,53.51224439672471,57.86125747327407,55.21035245318271,60.190013377066144,60.94078462274685,56.06759671215382,61.49772038402889,62.24303147904055,54.899123645511594,60.31559692993514,65.53004449994692,69.22383903318666,68.35294438790962,68.80340713610953,71.07756149394886,67.0752682286329,72.37434819363732,73.79398836841285,74.51199869018778,75.03071337085466,76.22102705464908,75.63406044245255,77.39223019969809,76.31930983438549,77.86453356588335],"valid_loss":[1.998603385041994,1.710795157573229,1.6177586673235482,1.4781029368375085,2.1413277640526656,1.5438357615875096,1.5828668728009883,1.4847460536159562,1.3397434019867327,1.4439205076117205,1.38997488471428,1.529988933486322,1.8522720867658853,1.4218390604967293,1.51745241637468,1.421548835390723,1.3952343302441677,1.3435531111690955,1.3611810641127464,1.2709621188941898,1.3477176331312548,1.2764795268990163,1.2421530039351008,1.2020947662226877,1.3377180537511228,1.401445998746896,1.2483746347596862,1.3325923213586686,1.152508514187625,1.172462364894309,1.2727786544473938,1.1324227265876323,1.1103539940453582,1.3578153593885365,1.1931920534234175,1.018741201655038,0.9320504632422886,0.9602076879131266,0.9440525485922577,0.8876212537850068,0.9859667508665735,0.8395839731202293,0.7922223662971432,0.7793146322958755,0.7583159005566432,0.7262080141938827,0.7375088984968426,0.6868501936148756,0.7163482911252393,0.6762003675784599]}