{"train_acc":[38.988,52.256,58.048,60.64,63.432,65.156,66.316,66.964,68.004,68.284,68.68,69.296,69.252,69.836,70.48,70.364,70.78,71.124,71.028,71.9,71.676,72.116,72.632,72.752,72.78,73.572,73.484,74.196,74.3,74.788,75.324,75.628,76.436,76.148,76.588,77.464,77.724,78.008,78.728,79.132,79.876,80.26,80.48,81.224,81.516,81.836,82.56,82.472,82.94,82.98],"train_loss":[1.6532753996276854,1.3219026533126832,1.1741862534713745,1.1074802872085572,1.037219624786377,0.9956451113891601,0.9672640022087097,0.9461441268920898,0.9228994705200195,0.9144104529190064,0.8996536030578614,0.8891929190063477,0.8845920043563843,0.8727116028022767,0.8638984268569946,0.8533988937759399,0.844331137714386,0.8400078481864929,0.8378711278724671,0.8155934910583497,0.8162998238563538,0.8045785467910767,0.8019377723312378,0.7946168068504333,0.7869975260543823,0.7750551956081391,0.7718212097358703,0.7580649682235717,0.7475994394683838,0.7313768867874145,0.729100447216034,0.7133007766342163,0.704693497467041,0.6964953749465942,0.6870259675216674,0.6619759644699097,0.6554690305709839,0.6405466705703735,0.6270010720252991,0.6141175119972229,0.5976595851898193,0.5838839050674438,0.5690946464920044,0.5515187475204468,0.542781613368988,0.5352917510223388,0.5180092408370972,0.5088042624378204,0.5051635021209717,0.5030733360481262],"valid_acc":[45.848,53.4,59.176,63.24,63.028,64.996,61.436,68.508,69.368,70.08,70.18,68.476,70.736,67.548,68.448,70.644,70.348,72.912,73.656,74.172,71.156,72.1,72.284,74.304,73.852,74.508,74.704,75.872,75.736,76.812,77.18,78.02,77.576,78.536,79.068,79.452,80.3,80.168,79.508,81.036,81.972,82.244,82.304,82.544,83.044,83.096,83.056,83.872,83.936,84.412],"valid_loss":[1.4884712408065797,1.282031449279785,1.1516565675354005,1.045882785873413,1.0700219113349914,1.0011509997177124,1.100165976486206,0.8951593685722351,0.8783727257537842,0.861526193599701,0.8641854796981812,0.9106814724349975,0.8377781233406066,0.9492814965057373,0.9139741576004028,0.839476046962738,0.8420794255065918,0.7742502062606812,0.7637036640548706,0.7532781612968444,0.8364005501937867,0.7935006784820556,0.8023647150802612,0.7476802908325195,0.7392258060836792,0.7351868949890137,0.7384849247169495,0.6969281209945679,0.6972718618965149,0.6607648944473267,0.6549427056503296,0.6404817677974701,0.6444523561477661,0.6184639972686767,0.6053442861557007,0.5854498533821106,0.573366729888916,0.5735901853847504,0.5966860157775878,0.544606771993637,0.5221320676994323,0.5135099472618103,0.5112744619178772,0.5074932737922668,0.48741943449020386,0.48497320249557496,0.497594103307724,0.46959075461387634,0.4659670043468475,0.4538533640289307]}