{"train_acc":[20.959375341268974,25.409522769465983,32.065632849186414,34.12416730370209,35.87965490881293,35.90695642677733,35.78136944414109,36.682319536966254,39.98853336245495,42.03887736158131,42.97258927596374,43.32477885770449,43.19100141967893,42.208146772960575,42.13716282625314,42.02249645080266,41.689417931636996,41.6621164136726,41.86960795020203,42.30097193403953,42.434749372065085,42.15627388882822,41.842306432237635,42.511193622365404,43.12274762476794,42.4975428633832,42.492082559790326,43.10363656219286,43.87899967238179,43.70973026100251,44.00458665501802,44.56972807688108,44.501474281970076,44.74172764005679,46.153216118816204,45.893851698154414,46.78388118379382,46.27334279785956,47.86229114338757,48.471114993993666,48.94889155837065,49.161843398492955,50.29212624221907,50.19657092934367,50.92825161078956,51.73091623894288,51.670852899421206,52.15135961559463,52.24691492847002,51.8483127661898],"train_loss":[2.1979792238622693,2.082854944922537,1.9122253138646426,1.858768134212421,1.822623676851195,1.8180883890340276,1.8245821569741025,1.7987890978678092,1.7287921278422298,1.6763601769418894,1.660847564432003,1.6519311925814741,1.6534087744891233,1.6810782059475469,1.6765122102496013,1.6794359267272192,1.690874105160109,1.6894754164341537,1.6885322309339672,1.6727741747114926,1.6852383995285276,1.6766200970390082,1.6916790209939234,1.6699673697015558,1.661361936516828,1.665416707622311,1.667616121318776,1.6612871888554277,1.6445934502880841,1.641836487506172,1.634118206860054,1.6174524721131258,1.614819081053276,1.6169840955598862,1.5851394239570216,1.5783370925802922,1.5677307082717045,1.5722989464503938,1.5414509241714012,1.524534323336035,1.514315052533418,1.5058930934588566,1.4779134099499371,1.4782574262319075,1.4638425651382407,1.450260054847748,1.4426806277683029,1.4377739296686418,1.4353886227218737,1.4429615768423452],"valid_acc":[23.65884954523385,28.553878074020506,32.640803734016686,35.24529744275076,30.595975865960796,32.28043353710223,30.795271506027408,32.15758005935947,36.0970815471995,27.47276747921552,39.55335935934088,37.380217859957156,42.38444948023272,45.58683010708375,39.5533593598616,42.37625924844915,41.44257282460266,44.945261951225646,45.43394578149875,45.31655245760142,42.03226951353966,50.09691774245969,43.86961150927672,48.97758606599809,48.40426984062821,49.373447268245265,47.20576592234247,47.77908214823308,19.975975319372548,52.05711321651231,50.099647819825016,53.20101558842873,54.83087171335706,53.42761199996162,52.5130361201719,51.25174042404572,53.28837806130742,54.601545222896675,57.60736028787958,54.3148871104721,58.7867536636707,58.8986868340871,61.4021676792625,62.83272816704026,63.578039259344166,62.53241966768488,60.858882306577556,65.2242758482562,64.12132463369542,63.515247481191295],"valid_loss":[2.126266399301167,2.0227182711068012,1.9208295026560107,1.8546213579462951,2.018434642359003,1.9368496587637123,1.9728976628675505,2.0573621710133905,1.8315094506705747,2.288570865209684,1.7077614118453472,1.7556096203884546,1.6516496998668384,1.5664338670194404,1.7453416926994438,1.6518371408188572,1.7002610428925797,1.5736226769368984,1.5732784459220484,1.575647228977214,1.6699909586237176,1.4701263704972698,1.6768609594988286,1.447671247038281,1.4862146280514117,1.4653301439100683,1.535038235572929,1.5082906998295063,2.5202763577169405,1.4090315416646877,1.4344596133783691,1.4160507565071387,1.3364770768292722,1.384020967768485,1.3934857555362483,1.4083802192307289,1.3353281978984284,1.3571463387670348,1.2427990296968205,1.3478500087254235,1.214974170918514,1.2183829553801817,1.1519632609568968,1.1190514118874693,1.098455898998482,1.0979561488573517,1.1549194705955272,1.0674467505077339,1.0809811057588543,1.0865918184180052]}