{"train_acc":[25.808124931746207,38.17298241782243,48.233591787703396,49.84984165119581,49.05809763022824,48.75505078082342,47.82679917003385,48.59124167303702,47.865021295184015,47.6793709730261,47.95238615267009,48.277274216446436,47.63022824069018,48.14622693021732,47.529212624221906,47.96603691165229,47.02413454188053,47.27257835535656,47.6111171781151,47.14699137272032,47.85683083979469,47.75308507152998,48.36736922572895,49.069018237414,48.93797095118489,49.27650977394343,49.73244512394889,50.45320519820902,50.70164901168505,51.41967893414874,51.984820356011795,52.03123293655127,53.38265807578902,54.1416402751993,53.898656765316154,55.31560554766845,55.14906628808562,56.181063667139895,57.07382330457573,57.87375778093262,58.44708965818499,59.46816643005351,59.93502238724473,60.980670525281205,61.08168614174948,61.84339849295621,62.171016708528995,62.27476247679371,62.82079283608169,62.28022278038659],"train_loss":[2.0723198891415064,1.7647803167178795,1.5093255487477217,1.4695623738544143,1.4927437185551176,1.5023993165443281,1.5215460826335965,1.506523421267124,1.524217877518705,1.5352645144785961,1.5288847026390657,1.5235870282723156,1.5316808767892576,1.5257088330631188,1.543680998973611,1.52873824240795,1.5562846181016958,1.5512533396290447,1.5463822583932472,1.5507928227003556,1.5347992084140116,1.5383464066342025,1.5252563995579205,1.5164752505395016,1.5114799145073352,1.505415111360324,1.4924537501273176,1.479410229739995,1.4674845893296844,1.4548824308376014,1.4311627617592606,1.4311381500986085,1.4014381136815595,1.3848633850142855,1.3908673216321004,1.3509512678613773,1.3536964591783351,1.329482756315054,1.315443802624534,1.2890899154808475,1.2775292955294204,1.2449096398438457,1.2377439331146545,1.2132763593519984,1.204692153427113,1.1859184873407425,1.1741968375750995,1.180162235406128,1.1606066938283415,1.1707110139653714],"valid_acc":[33.60998116231068,37.8962024623214,28.043353626751426,44.549400748353605,49.00761691545457,45.275601300349926,42.79123099162878,49.1086297744309,49.35433672897913,48.25138551452248,40.25498921661139,49.9413033386762,46.93548827556789,40.83376559535807,45.20188921429789,47.01739059194547,47.465123263821496,48.9366349070803,50.23615168340506,45.04354473252421,53.023560567597194,52.450244341706586,39.06740560674554,53.667858800612336,56.597231701344725,52.69595129469265,58.12607496875474,54.847252176403465,55.78912883088794,49.043107920787286,60.845231919646764,61.29023451217872,62.406836112003994,59.450162439388755,62.86002893736095,62.357694722968944,61.22471266020141,62.0382756828894,65.52458434594527,66.74219880276814,65.89314477453914,67.62674383810031,67.96800349574862,67.81511916756001,68.80613721389143,71.2249856683441,71.47342269640433,71.70274918571913,71.63722733311697,72.45625051043147],"valid_loss":[1.8906814465798358,1.790336859578039,2.236845540012298,1.59312855721223,1.4835422957128042,1.5993274422508645,1.6501053151153822,1.4621434713803552,1.4889721349733995,1.511171138590236,1.7519066012225588,1.451009309569449,1.575269872265674,1.7248441700482466,1.5789168707363508,1.5110257983503863,1.5045038162010296,1.458951037021666,1.4441550036392372,1.5761898251676472,1.3583932697810406,1.3949427350205492,1.780401788442231,1.3662312937041896,1.292929430819478,1.3792163662445849,1.2346841066838965,1.3052849706259604,1.2870333253297497,1.517787480315906,1.1614733465477012,1.1358348225641837,1.1228878792203345,1.1902424391528834,1.0992992950789533,1.1168867017437236,1.145319646453873,1.096536157204682,1.0206863618234852,0.9933817310992484,1.0033126476241967,0.9639942004791352,0.9651404397943076,0.9634077952799781,0.9374096218818249,0.8751428767466364,0.8587073072135724,0.855838546730734,0.859231723710716,0.8339176823639903]}