{"train_acc":[61.576,47.56,42.408,39.268,37.688,35.736000000000004,34.916,33.916,33.432,33.56399999999999,32.684,31.623999999999995,31.855999999999995,31.968000000000004,31.183999999999997,31.936000000000007,31.5,30.843999999999994,31.708,31.408,31.379999999999995,31.668000000000006,32.108000000000004,32.263999999999996,32.696,33.355999999999995,33.304,33.519999999999996,34.272000000000006,34.111999999999995,34.81999999999999,35.516000000000005,36.084,36.788,38.148,39.16,40.312,41.08,42.528,43.752,45.22,46.92,49.188,51.688,54.564,57.2,60.248,63.656,66.6,70.496],"train_loss":[1.6638452303695679,1.323783822631836,1.1789272256851195,1.1019239575195312,1.0658533328819275,1.0203099076461792,1.0013293493270874,0.9756493182754516,0.9583797234916687,0.9562882215499878,0.9447024602508545,0.9218045331001282,0.9231227094841004,0.9237503279495239,0.9174408225250245,0.9276412689399719,0.9300697576522827,0.9102612100791931,0.9289666598510742,0.9329552969741821,0.934859654083252,0.9427274424362183,0.9511468898391724,0.957663289756775,0.9696479965019226,0.9842360723114014,0.9979960697174072,1.0108310327339172,1.0253994453811646,1.019748778152466,1.0493462921524048,1.0713202772140502,1.0827528722763062,1.1039365618896484,1.1377569156646727,1.178832353591919,1.1963817436027526,1.229916900100708,1.2716586701583863,1.3022100173568725,1.3599910663604737,1.3992796570587158,1.4471372385025025,1.5095829877471925,1.5793197064590454,1.6369201969909668,1.717678116722107,1.794796845703125,1.8712613786315917,1.9619000595855713],"valid_acc":[51.56,44.0,40.056,37.364,36.208,36.068,31.664,31.995999999999995,29.971999999999994,29.712000000000003,28.075999999999993,27.116,27.700000000000003,27.036,27.676000000000002,26.215999999999994,26.164,26.656000000000006,24.727999999999994,24.227999999999994,24.543999999999997,25.884,24.251999999999995,24.108000000000004,24.024,24.111999999999995,24.379999999999995,24.628,24.024,23.620000000000005,23.872,23.732,24.067999999999998,24.012,24.191999999999993,23.939999999999998,24.016000000000005,24.388000000000005,24.287999999999997,24.403999999999996,24.451999999999998,24.408,25.111999999999995,25.072000000000003,25.251999999999995,25.331999999999994,25.992000000000004,25.855999999999995,26.983999999999995,26.78],"valid_loss":[1.412992194442749,1.224883745803833,1.1078246993637084,1.032021475982666,1.0106309922027588,1.0110518138313294,0.9052375681304932,0.8940900305175781,0.851303717327118,0.8366917192649841,0.8035322520446777,0.7742511587905884,0.7864550888442993,0.7654967638015747,0.7931272422790527,0.752445645942688,0.7430680832290649,0.7629728495025635,0.705008653421402,0.695046219329834,0.7091290029144287,0.7553758675003052,0.6923826034164429,0.6925337838554382,0.6857684879207611,0.688731939945221,0.6918830926704407,0.6955178932952881,0.6936197912025451,0.6740087006759643,0.6797730889892578,0.677855935497284,0.691112241268158,0.6924252436447144,0.7004709915542603,0.6912313453292847,0.6935685116004944,0.7027200868797302,0.6941128795623779,0.7011032761192322,0.7100442920303345,0.7042955822658539,0.719506868019104,0.7183786308097839,0.7304834606933593,0.7389441576385498,0.764708239326477,0.7753115225410462,0.8095952388572693,0.8208945921707154]}