{"train_acc":[61.552,47.5,42.6,38.912,36.496,34.688,33.964,32.92,32.14,31.796000000000006,31.111999999999995,31.447999999999993,30.604,31.060000000000002,30.620000000000005,30.736000000000004,31.128,30.876000000000005,30.531999999999996,30.488,31.012,31.328000000000003,31.732,32.284000000000006,32.188,32.84,32.988,33.068,33.548,34.007999999999996,34.507999999999996,35.239999999999995,35.843999999999994,37.112,37.78,38.108,39.676,40.328,42.2,43.176,44.876,46.832,48.74,51.484,54.368,57.312,59.796,63.5,67.144,70.84],"train_loss":[1.6603617625427247,1.3229704467391967,1.1885168782806397,1.1009443160629273,1.0366760636901855,0.9959073058319092,0.9721440348815918,0.9476912589645385,0.930914575176239,0.9209576663398743,0.901800471534729,0.9154894072341919,0.897014707736969,0.9070988900756836,0.9050614719390869,0.9049452001190186,0.913854306678772,0.9158591288948059,0.9095685632705689,0.9134465977478027,0.9240630047607422,0.9275269267463684,0.9364946447944641,0.9495529315567016,0.9584915565872192,0.9776608732795715,0.9859109323501587,0.9904929142570496,1.0016229577445983,1.022800208053589,1.0328625009536743,1.0699628434944153,1.0841911687469483,1.107053398323059,1.1389754002189636,1.1549122548675537,1.1959889636993408,1.215209577445984,1.2640428561210633,1.2941432035827636,1.3401307570648193,1.390696215133667,1.4405806103897094,1.5130206858444213,1.58958210395813,1.6577578404998778,1.711332964439392,1.8056974085235595,1.8783820288085937,1.9752596272277831],"valid_acc":[52.5,44.968,39.476,37.18,33.876000000000005,32.604,30.695999999999998,29.775999999999996,28.424000000000007,28.263999999999996,27.42,27.86,25.084000000000003,26.652,25.263999999999996,25.072000000000003,25.299999999999997,25.0,24.644000000000005,25.968000000000004,24.912000000000006,23.964,24.471999999999994,24.299999999999997,23.676000000000002,24.480000000000004,24.004000000000005,23.632000000000005,24.296000000000006,23.927999999999997,24.215999999999994,24.108000000000004,23.468000000000004,23.936000000000007,23.836,24.147999999999996,24.319999999999993,24.668000000000006,24.236000000000004,24.572000000000003,23.843999999999994,24.036,24.519999999999996,24.592,24.840000000000003,25.292,25.476,25.519999999999996,25.995999999999995,26.427999999999997],"valid_loss":[1.44413204082489,1.2518863582611084,1.106608695678711,1.0484586277961732,0.9502245162963867,0.9357642144393921,0.8686586716270447,0.8625082644271851,0.8220389797782898,0.8033932379245758,0.7853870851135254,0.7961994983291626,0.7271966093063355,0.7682932089424134,0.7248875456047058,0.7126568766784668,0.726184999332428,0.7195595705413819,0.7083642814826965,0.7415163381576538,0.7217743131637573,0.6938056333351136,0.7052591464996338,0.7027592478752136,0.6841607800102234,0.7037584908103943,0.6937699568271637,0.6762205041503906,0.6881010384750367,0.6939910800552368,0.6983340266227722,0.6939127165317536,0.6781903118038177,0.6933598520851135,0.6887781368637085,0.6895899171066284,0.6883569891548157,0.7137422716903686,0.6978029454803467,0.7008673667526245,0.6918824885177612,0.6990408405685424,0.7071455505561829,0.7046407401275635,0.7281233565330505,0.7428442436599731,0.7489304699325562,0.7692525895500183,0.7796829323959351,0.8469701164436341]}