{"train_acc":[17.027956754395543,17.658621819373156,17.60401878344436,17.292781478650213,17.37195588074697,17.243638746314296,17.713224855301956,17.655891667576718,17.527574533144044,17.713224855301956,17.909795784645627,17.855192748716828,17.953478213388664,18.002620945724583,18.09544610680354,17.915256088238507,17.59855847985148,17.923446543627826,18.171890357103855,18.840777547231625,18.840777547231625,18.840777547231625,18.840777547231625,18.840777547231625,18.840777547231625,18.840777547231625,18.840777547231625,18.840777547231625,18.840777547231625,18.840777547231625,18.840777547231625,18.840777547231625,18.840777547231625,18.840777547231625,18.840777547231625,18.840777547231625,18.840777547231625,18.840777547231625,18.840777547231625,18.840777547231625,18.840777547231625,18.840777547231625,18.840777547231625,18.840777547231625,18.840777547231625,18.840777547231625,18.840777547231625,18.840777547231625,18.840777547231625,18.840777547231625],"train_loss":[2.2744544935210818,2.271663362365161,2.2711506927457323,2.2731162700848873,2.272403372965279,2.2723856588580067,2.271094958985543,2.271257027171644,2.27259050340414,2.2709657684533218,2.2707567893483693,2.2717943750277114,2.2701618811755355,2.2718623608523245,2.2707522969403695,2.270430971418287,2.2711936693023853,2.269862289914036,2.2706373900686065,2.265771601467501,2.2656611344876008,2.265250715819381,2.2657785817396565,2.2656505529675095,2.265444608029937,2.265454097412241,2.265826374835891,2.2650344831604774,2.2655358864410458,2.265788801557127,2.2653701737078826,2.2656500688660963,2.2655543153093567,2.2655720017655936,2.265527630654227,2.265229065969962,2.2654006388219434,2.265377990827428,2.265426125005172,2.265751410900173,2.2650956004366574,2.2654702149716424,2.265726584227986,2.265144548210968,2.2655130128380354,2.2652572055330076,2.265427966819289,2.2658071268772577,2.265218497181845,2.265299832285837],"valid_acc":[18.195964946224542,17.322340222202254,16.164787463329,17.922957219637244,17.786453356551885,19.001337737831946,16.041933986653717,19.001337737779874,19.001337737753836,13.898823336648357,17.18583635911689,17.931147451420806,15.222910808323805,19.001337737753836,18.583635916844376,16.099265609164668,17.62810887537703,16.279450708429014,19.001337738170413,19.00133773712897,19.001337737779874,19.001337737779874,19.001337737779874,19.001337737779874,19.001337737753836,19.001337738274557,19.00133773780591,19.001337737779874,19.001337737753836,19.001337737753836,19.001337737779874,19.001337738274557,19.00133773785798,19.001337738274557,19.001337737779874,19.001337737753836,19.001337738274557,19.00133773780591,19.001337737779874,19.00133773712897,19.001337737779874,19.001337738274557,19.001337737701764,19.001337738274557,19.001337738274557,19.001337738274557,19.001337737701764,19.001337737753836,19.00133773780591,19.001337738274557],"valid_loss":[2.2709554813786172,2.2683099710032333,2.272110724827331,2.2742514320509337,2.6401177083099565,2.267499524150389,2.373569740137736,2.2639732260470886,2.265876224030636,2.278682063514951,2.2713571392271676,2.276012660381187,2.275915878925398,2.309279396302961,2.264578304620388,2.2729251144357314,2.29255234598609,2.283355126161827,2.265349197857646,2.26292783338753,2.263638060757301,2.2660135390336795,2.2648669750717993,2.264043058997964,2.2641831942905637,2.266063905165176,2.2609923168906594,2.2684027094191275,2.266634462682226,2.265081801244344,2.267247433282158,2.26551797667984,2.2649368394351637,2.2634456431323167,2.2634465287744456,2.2651269936100094,2.2653981145754987,2.264868598126341,2.26507985044806,2.2641965942686912,2.265304615770382,2.265365678980471,2.26407842534698,2.2648230250681247,2.264827250412411,2.2652975827054402,2.2650209111349047,2.2642269979065714,2.26463224703708,2.2646143197225714]}