{"train_acc":[17.08528994212078,17.55487605110844,17.088020093917223,17.508463470568962,17.331003603800372,17.14262312984602,17.737796221469914,17.270940264278693,17.533034836736924,17.557606202904882,17.35011466637545,17.62585999781588,17.579447417276402,17.533034836736924,17.35011466637545,17.767827891230752,17.59582832805504,17.767827891230752,17.904335481052748,17.86338320410615,17.62585999781588,17.418368461286448,17.934367150813586,18.840777547231625,18.840777547231625,18.840777547231625,18.840777547231625,18.840777547231625,18.840777547231625,18.840777547231625,18.840777547231625,18.840777547231625,18.840777547231625,18.840777547231625,18.840777547231625,18.840777547231625,18.840777547231625,18.840777547231625,18.840777547231625,18.840777547231625,18.840777547231625,18.840777547231625,18.840777547231625,18.840777547231625,18.840777547231625,18.840777547231625,18.840777547231625,18.840777547231625,18.840777547231625,18.840777547231625],"train_loss":[2.2737865496166045,2.2711769249080715,2.273205303320448,2.273435426484787,2.271867566381048,2.273253860907926,2.271620076752209,2.273417628903674,2.272510599332357,2.2730154577165473,2.27418510065311,2.271835418511416,2.2744816635013523,2.275149499379327,2.274918076772545,2.2735823442207694,2.2727567755630527,2.2731334022185785,2.2711750339105214,2.272421701540004,2.2751727307013345,2.2759615236121755,2.2739936671195053,2.265601108828473,2.2655981126747577,2.265567050355614,2.2654996332258355,2.2654627677042227,2.265611096346002,2.265504751687645,2.265511548947439,2.26572567814886,2.265311473840395,2.265679232949472,2.265292320785739,2.2656549464358346,2.2654712697727213,2.265392316589322,2.2656630543599134,2.265429518115277,2.2651185373610594,2.265583346032466,2.2655198856304604,2.2654817807592393,2.265522766519455,2.265152167685495,2.265403897400127,2.265554078452983,2.2653861073175996,2.265247259309774],"valid_acc":[16.061044527455987,15.531409538811843,18.23418602730836,15.378525212680083,9.770946517734382,17.005651259878583,18.903054956351124,18.875754183687185,14.092658822192597,14.537661415765996,6.336509323135739,18.062191159957756,14.30833492582633,14.461219252452773,18.90305495629905,17.854705288081547,18.834803024899568,19.001337737753836,10.710093095530462,16.301291326961117,16.839116547414857,18.889404570097263,19.00133773780591,19.001337737779874,19.001337737753836,19.00133773780591,19.001337737701764,19.001337738274557,19.001337738274557,19.001337738274557,19.001337737831946,19.00133773712897,19.001337737753836,19.001337737753836,19.00133773712897,19.001337738274557,19.00133773785798,19.001337737779874,19.001337737701764,19.001337738274557,19.001337737753836,19.001337737753836,19.001337737701764,19.001337737753836,19.001337737701764,19.00133773780591,19.001337737831946,19.00133773780591,19.001337738274557,19.001337737753836],"valid_loss":[2.276482757646832,2.27179455784479,2.301317300266415,2.3893201291738495,2.333407026318908,2.419253038993589,2.25643262327077,2.270037955826944,2.2850405218078618,2.2939699899131965,15.35672678871033,2.265263260219603,3.204961941496004,2.275573460950114,2.2591728462517193,2.275164018102606,2.275326226409737,2.2654468816511786,2.310571682847276,2.275191592774418,2.2817107679646744,2.263069147494642,2.2652294030564826,2.265023807664511,2.2639694043331087,2.265615457659086,2.263636162579865,2.264776773640739,2.265138219780104,2.2664087263846358,2.265375519655414,2.2635062706226727,2.2659092606742863,2.2637249060769857,2.2662860195363828,2.2647415723537434,2.2644766622674193,2.2650120300900234,2.2637929515882362,2.264594849173529,2.2656319921427865,2.2649759416703352,2.264917553553284,2.264827704253232,2.2643116744757252,2.2649729459694306,2.2650092964744637,2.26458501472771,2.2645602899224015,2.2648559347274717]}