{"train_acc":[24.27650977394343,34.76575297586546,39.548978923228134,44.05372938735394,47.67391066943322,49.0826689963962,50.049142732335916,50.038222125150156,50.51053838593426,50.92825161078956,51.35142513923774,50.5269192967129,50.930981762586,50.93371191438244,52.05853445451567,52.08310582068363,51.63263077427105,52.2523752320629,52.24964508026646,52.89669105602272,53.00589712788031,53.549197335371844,53.6829747733974,53.96418040843071,54.86786065305231,54.90608277820247,55.446652833897566,56.137381238396856,56.101889265043134,56.95096647373594,57.507917440209674,57.99388445997597,59.49000764442503,59.45451567107131,61.0216228022278,61.73419242109861,62.558698263623455,63.336791525608824,64.49437588729933,64.9230097193404,66.09151468821666,66.98700447744895,67.44293982745441,68.60325434094136,69.14382439663645,69.95740963197554,70.27137708856613,71.00578792180845,71.29245386043463,71.42896145025664],"train_loss":[2.106665378368303,1.8426980093549508,1.7291881741167248,1.623702563598477,1.5150383028047267,1.487424063008204,1.4637646201110712,1.4598892998250146,1.4443210602275303,1.433444893593167,1.427633241989004,1.4423426842473408,1.4360220710614422,1.4443616047558518,1.4119805942082153,1.4134938674188147,1.4200090945020856,1.406916490793098,1.4048440582408281,1.3879954055548887,1.392904320996805,1.3807299853126282,1.3742134170630125,1.3541147774635633,1.3363495239904775,1.3366546713005343,1.3181023745996614,1.3094709277790915,1.3110482678658657,1.286157171005269,1.276918902581496,1.2548297754708266,1.2276825066072081,1.215590850838514,1.1837162621692758,1.1631488749081877,1.1357804505445166,1.119323430030617,1.096302092146949,1.079106736732542,1.0478225753038384,1.0253271913833073,1.0062836238399817,0.9732831496266515,0.9652730171839535,0.9436794876974197,0.9322114748192938,0.9162149555274098,0.9125306397998673,0.9014024924109749],"valid_acc":[26.63736383770903,33.4461765260667,40.97845969124239,42.33257801180152,37.464850255158076,41.49171421530401,44.36648557122924,42.53460372855653,50.13786890137749,42.04591989932487,41.51082475602817,49.12774031473848,44.29004340791602,39.63253160095673,50.189740369964895,56.53443992381671,50.44636763251643,45.051734964932635,54.50872259809922,47.85279423428511,54.033689152569885,52.91708755326533,56.73100548714286,53.6869693403992,48.48344208224406,60.23096453660881,59.354609735767944,59.33003904093799,56.35152474835866,57.506347429319824,59.70678970235686,60.77424991252222,62.32493379520984,60.91621392802103,67.59398291034121,63.591689646066676,63.10027573801167,67.21177209106735,70.12476453208595,69.72617325195273,69.5186873773948,72.36342788355113,73.27800376542373,75.27642032227855,74.14889841236709,74.78500641359868,76.76431242962519,76.52406563064078,76.59231756383676,76.84894482513855],"valid_loss":[2.0614097095205604,1.96176758504473,1.6839868313700768,1.6697749662218342,1.8077432498542907,1.680949236235626,1.570164758634657,1.8536205132732897,1.4449343456286379,1.7433654769847056,1.6996769682579778,1.5045714181329157,1.6502785078544329,1.7649655650922098,1.445614458679577,1.2883422512456024,1.460377851924549,1.573964083867439,1.34280524389493,1.538008592625977,1.3394780825161354,1.387812604853144,1.2671557293043938,1.3159834870822424,1.5031830273694131,1.1753931774476414,1.2122866560341492,1.217719937585431,1.3037293098274823,1.2726076509329698,1.207242104608104,1.1641677125782746,1.1378903602879438,1.1719979517823529,0.981719985774741,1.0755261790889425,1.0893072242926098,0.9822289587668417,0.9008754800577259,0.9070023307213441,0.9329473626008604,0.8348083338868579,0.8044863369584054,0.760415296252352,0.7737440146816434,0.7705655608219103,0.7198990519436218,0.7215723605670027,0.7133788973391634,0.7040955846222897]}