{"train_acc":[20.440646499945398,25.240253358086708,31.05547668450366,34.17057988424156,34.77394343125478,35.19165665611008,34.77121327945834,35.85781369444141,35.44556077317899,35.98340067707765,35.98340067707765,35.66397291689418,36.08168614174948,34.629245386043465,34.099595937534126,34.14600851807361,35.298132576171234,36.99082668996396,37.28295293218303,37.85901496123184,38.16752211422955,38.68079065196025,38.70809216992465,39.04663099268319,40.911324669651634,43.77525390411707,45.678169706235664,46.813912853554655,47.6793709730261,48.274544064649994,49.12635142513924,49.65327072185214,50.66069673473845,50.9719340395326,52.10221688325871,53.358086709621055,53.68024462160096,54.39827454406465,55.162717047067815,56.27388882821885,56.69979250846347,57.40417167194496,58.30239161297368,59.43813476029267,60.02511739652725,60.64759200611554,61.013432346838485,61.62498634924102,62.38942885224419,62.06454078846784],"train_loss":[2.2092981409581323,2.083347929556375,1.9418107831375273,1.8680696609539145,1.839301064921295,1.836201611220791,1.8577928159699582,1.8350629046115081,1.8403705652199862,1.8232990628938508,1.8251863421604364,1.8366320781784833,1.8275392497875966,1.865638730384591,1.8711298468905244,1.8756260115389247,1.848720511494993,1.8030317112440573,1.8106514964937395,1.789917676042909,1.7807451580319849,1.7684929652337464,1.7615978397942402,1.7605325841377744,1.7227327117391897,1.6442984697195697,1.5943338210710052,1.5620334407733076,1.5417821207355826,1.5254646471471809,1.4919927334230878,1.4788650126778509,1.4583460631635599,1.4413140929394888,1.4198384089957838,1.3844970234606586,1.3818277294906294,1.3598000227630405,1.3327081254492736,1.316480705997654,1.305223348555482,1.2802549026881267,1.2611599887342995,1.231127241103816,1.2140527618130548,1.1988202812396453,1.180145718885507,1.171257818761944,1.157754789237647,1.1578831377281456],"valid_acc":[21.84061808938779,26.934942258761783,29.04802205829526,32.42785770832108,33.074886018545335,36.99527696612986,29.75511207008815,30.429441154017788,31.494171284891152,33.78743618475645,36.509323213768845,38.11733872099823,34.65833083107494,37.341996778404685,32.12208905496404,37.2136831475455,33.73829479415924,32.905621228924566,38.586912010026445,35.05419203405113,36.711348930445745,40.18127712941377,39.43323595984867,42.17150345271458,46.689781320498945,46.19017718243083,50.29348330536926,51.30088181412221,51.330912665661565,50.77670698065134,49.78022878078692,54.38586911978366,53.76341150475387,42.362608861622505,57.23606977931678,57.72475360906916,57.71656337957677,58.78402358703438,60.34016762591068,60.68961751471769,64.18957656470435,61.36121652211515,65.10961259995375,66.3053864426446,67.56122198383184,68.24647137597307,68.47033771014063,68.10177728050532,67.80146877948363,70.1711758421935],"valid_loss":[2.165694650682934,2.0466146054427092,2.0157606290193804,1.9073450833639585,1.8991847383734823,1.7864415892225807,1.9228264055874598,2.041784647524596,1.9560080499482937,1.950869972070106,1.819137477709427,1.803425933372939,1.875039337535934,1.78724801005334,1.9205843789489807,1.8335553077662188,1.8774769928574533,1.8656291489636414,1.7931434853910284,1.8558166110221712,1.7703344398063108,1.7615460409390786,1.7404458489372858,1.6894346595139191,1.558566905050203,1.5567318090900046,1.458789004763767,1.4418494006515985,1.3950397799350844,1.4324153444066563,1.4608584011166352,1.3239519759508585,1.355887366101439,1.633816542914818,1.259201175287037,1.2345754298698033,1.2509367549743877,1.2306445251372573,1.1851933281220337,1.152390636348904,1.0898321930972719,1.145946816136755,1.0606667214225058,1.009501796454267,0.9746403652006983,0.9542430846709161,0.9472767774116047,0.9635692100702729,0.9697950732444688,0.9065562680373012]}