{"train_acc":[34.176,41.332,44.78,45.868,46.252,46.152,45.792,45.512,45.948,46.152,45.876,46.524,46.512,46.876,47.064,46.22,47.256,47.168,47.464,47.656,48.06,48.484,48.564,49.184,49.248,49.112,50.228,49.992,51.092,51.9,52.2,52.752,53.976,53.876,54.74,55.864,56.612,57.452,58.652,58.892,59.992,61.38,61.988,63.028,63.804,64.588,65.728,66.328,66.288,66.972],"train_loss":[1.7811820588302612,1.5903154549407958,1.5145993850326538,1.4940113040161134,1.4927099869537352,1.4935108770370484,1.4991464826202392,1.4968476028442383,1.4880910259628295,1.494137746734619,1.4943771706771851,1.4855523294830322,1.4828620863342286,1.4886613684844971,1.477347080078125,1.4958488876724243,1.4695020804214478,1.4828824377822876,1.4663863892745972,1.4587634102630616,1.450255258026123,1.4479814464950562,1.439222705078125,1.430555454788208,1.4193122985458373,1.4230035591125487,1.399480172729492,1.3967219760513305,1.378582520980835,1.3644582387542725,1.347806328353882,1.3363271681976319,1.3086800791168214,1.306037338104248,1.27977109916687,1.2662857361984252,1.2398931451034545,1.2155160667037963,1.191084605140686,1.177178578491211,1.158504403076172,1.1174910062789918,1.094231129283905,1.0703296350097655,1.0522920655441284,1.025804372367859,1.0011917698669432,0.9843988105773925,0.9746222333526612,0.9582566095733642],"valid_acc":[30.512,36.772,36.664,41.292,29.144,40.928,45.824,43.584,44.236,45.84,36.316,45.648,45.856,50.76,42.664,43.724,43.452,44.496,38.1,48.512,46.528,43.62,48.552,46.3,50.492,48.12,48.488,51.908,50.212,52.108,54.644,54.436,51.52,56.376,53.832,57.952,56.308,58.408,60.38,62.296,63.268,64.08,64.64,64.904,67.38,69.056,68.8,69.808,70.364,70.6],"valid_loss":[1.980192356414795,1.7543118716812134,1.924712882080078,1.8279927719116211,2.17305965675354,1.6725980578231812,1.525921064453125,1.6043799608612062,1.499562855796814,1.49526138256073,1.7279297427368163,1.5201814948654175,1.5341945874404908,1.3907049301910401,1.5768681107330322,1.642994483947754,1.6025772797393798,1.5253799691009522,1.9075643504333497,1.419723353614807,1.4542550856399536,1.5976881633758544,1.4669356464004517,1.4897088195419312,1.368483483543396,1.4346684929656983,1.4574835885620117,1.3385660662078858,1.370254554672241,1.3181969021987916,1.2714879546737672,1.2735414820861817,1.3080358965682983,1.2329206795501708,1.3262784189224244,1.1939166868591309,1.2977861110305786,1.1747645445251464,1.1352087125778199,1.058111561870575,1.032591953392029,1.0158408422851561,1.0036826429748535,0.9894481930160522,0.9205748051452637,0.8911994519424439,0.8849158348083496,0.8627618977928162,0.8583910597801209,0.84235009349823]}