{"train_acc":[39.108,52.848,57.512,60.136,61.436,63.328,64.184,65.328,65.876,66.244,67.008,66.94,67.396,67.548,67.364,67.932,67.82,68.528,68.312,68.528,68.708,68.844,68.912,68.544,69.128,69.088,69.792,69.928,70.564,70.748,70.548,71.064,71.808,71.48,72.048,72.396,72.924,73.216,73.448,73.888,74.336,74.796,74.888,75.98,76.244,75.892,76.08,76.656,76.836,76.704],"train_loss":[1.6515356252670288,1.3025060248947145,1.19581527507782,1.1245923514556884,1.091573850479126,1.0469521215820312,1.0204559477424622,0.9943717943954468,0.9775977107238769,0.9722301877975464,0.95982890625,0.9571327004814147,0.9458568170166015,0.9481287041854859,0.9367754100608826,0.9377489280891419,0.928373788986206,0.9323831109619141,0.9237980709457397,0.916657185974121,0.9167523663711548,0.9085745357131958,0.906193130531311,0.9149173719406128,0.9064327362823487,0.9045114180183411,0.8867132061386108,0.8903514820289612,0.8753770106315613,0.8641794219779968,0.8630392707443237,0.8540306437683105,0.8444997137641906,0.84533206407547,0.8284164544773102,0.8250993480110168,0.8054106484413147,0.7925961909484863,0.7907282220458984,0.7820012986946105,0.7637753210449219,0.7571208004760742,0.7453936839675903,0.7312026086616517,0.7266652338027955,0.7304453323745728,0.7215883420944214,0.710386381893158,0.7083054418563843,0.7107051348686219],"valid_acc":[46.404,51.516,51.984,60.824,62.828,61.632,65.82,66.612,67.52,67.192,68.74,70.016,67.628,67.996,69.088,69.716,71.696,70.756,71.088,71.124,71.772,73.744,71.596,70.7,74.04,74.56,74.756,73.624,74.88,74.716,75.156,75.212,76.408,76.96,75.816,77.588,77.58,77.024,77.888,79.484,79.508,79.944,79.956,80.584,80.852,81.132,81.2,80.728,81.236,82.08],"valid_loss":[1.5091642203140259,1.3517987714004516,1.3501390961074828,1.1033569109725951,1.0592358525466918,1.1298340209579467,0.9562494739532471,0.9479126089096069,0.9309846751785278,0.9341688220596314,0.9078962107658386,0.8449150639724732,0.9202110006332398,0.9137536519241333,0.8860291297531128,0.8777772354507446,0.808405376663208,0.8479441449737549,0.8338210358428955,0.8106594129943848,0.8466345973587036,0.7512513721847535,0.817839515991211,0.8469288854217529,0.7501007765197754,0.7319536904335022,0.7295775197982788,0.7520764985847473,0.7168394335746765,0.7227707116699219,0.7083724749946594,0.7152503807640076,0.675907966375351,0.6631238628578187,0.6916460411834717,0.6485010757255554,0.6536220310878754,0.6518507355499268,0.64740510181427,0.5899593124961853,0.5887610120964051,0.5830477198600769,0.5881845237922668,0.5643399614524841,0.5497817916679383,0.5501823161697388,0.5391307396316528,0.5627628842926026,0.5457065840911866,0.5246267728042603]}