{"train_acc":[38.424,51.624,57.452,60.716,62.476,63.964,64.404,65.368,66.168,66.112,67.004,66.672,67.532,67.684,67.604,67.784,67.668,67.84,68.472,68.18,68.372,68.996,68.864,69.528,69.68,69.708,69.872,70.128,70.252,70.132,70.94,70.92,71.088,71.82,71.848,71.888,72.864,73.148,73.572,73.964,74.308,74.38,75.388,75.284,76.0,75.904,76.616,76.884,76.456,76.44],"train_loss":[1.6704611181640625,1.337032026939392,1.190120871772766,1.1155263105392457,1.0634863238143921,1.02612416431427,1.0185035908126832,0.9956587145805359,0.9803878016471863,0.9722794708251953,0.9537905205535888,0.9599519128036499,0.9401920838165283,0.9364337587738037,0.9351564826393127,0.933522096118927,0.9357875339126587,0.9343327625656128,0.9295865914916992,0.9250649703216552,0.9158916479492187,0.9087553853607178,0.9162733667564392,0.8974925882339477,0.8862842921638489,0.8901948237037659,0.8897104640579223,0.8825493138122559,0.8810205187988281,0.8724032385063172,0.8641459288215637,0.8630638479995728,0.8546462991333008,0.8364716045379639,0.8374866758346557,0.8306887135124207,0.8048776253890991,0.8026331387710571,0.7898163978195191,0.7886540710449219,0.7634480946540833,0.7621605680465698,0.7407154476165771,0.7423678923988343,0.7261519929695129,0.72005387342453,0.716828507900238,0.6985109244632721,0.708889419412613,0.7199138518714905],"valid_acc":[48.268,52.392,57.212,59.316,63.6,66.164,63.912,66.472,68.592,67.68,67.728,66.652,68.532,69.164,68.856,70.008,68.98,71.928,70.308,72.26,70.244,71.156,72.008,73.076,71.276,74.456,73.72,74.252,74.4,74.26,75.188,74.68,75.084,73.716,76.068,76.38,77.448,78.264,78.748,78.364,79.32,80.016,79.88,80.448,80.428,81.224,81.02,81.384,81.3,81.532],"valid_loss":[1.4320575235366821,1.3449292964935302,1.1909556552886962,1.127501624069214,1.0266955881118773,0.9599103966140747,1.0278659343338012,0.9642041176605225,0.8878046995544434,0.9159993778800964,0.9152562844276428,0.9627153556060791,0.8806742270278931,0.8786501934051514,0.9064193435287475,0.8534941583251953,0.8894301714897156,0.8040813896942138,0.8506973188400269,0.7894166186618805,0.8470717079925537,0.8476221068763733,0.7995648455047607,0.7634802499580383,0.8252427933502198,0.7353951694488525,0.7517700361824036,0.7400707051277161,0.7468012620925903,0.7408097663116455,0.7124060345077514,0.7348165413665771,0.7098623454666138,0.7677562095069885,0.6903062197494507,0.681986581916809,0.6449849781608582,0.625009425868988,0.6125498480415345,0.6180742203521729,0.6023328155899048,0.5832363328361512,0.5777825908088684,0.5620670479774476,0.5642617409133911,0.5500599116897583,0.5545763009738922,0.541203225440979,0.5464813216018677,0.5342752497768402]}