{"train_acc":[22.484,20.872,20.44,20.052,19.7,19.384,18.856,18.816,18.548,18.332,18.432,17.596,18.268,18.528,17.484,17.532,17.332,17.376,17.248,17.136,17.32,16.18,16.4,16.964,16.612,16.22,17.22,16.756,16.588,16.724,16.048,16.712,15.924,17.004,16.6,16.648,16.636,17.424,16.736,17.44,17.084,17.088,17.28,17.54,17.404,17.596,17.376,17.804,17.392,17.48],"train_loss":[2.05913655960083,2.080266279258728,2.098685814361572,2.1100601693725585,2.125920005264282,2.1305924886322023,2.1347731388854982,2.149096091461182,2.1643444468688964,2.1641270951843263,2.1734072770690918,2.1899665400695802,2.1673161585998537,2.16583375541687,2.1843714155578615,2.1850491748046874,2.2039678063964843,2.1871412734985354,2.1946608120727538,2.202446299972534,2.2050930261993407,2.224569030609131,2.2260625342559814,2.2119967584228517,2.21735835609436,2.2200676977539064,2.218159709396362,2.2192246276855467,2.220774852218628,2.214649056777954,2.216980679092407,2.212724962310791,2.211347846069336,2.204784073562622,2.2034245068359377,2.2007977882385252,2.2012433880615236,2.1871539895629883,2.1879744996643065,2.181366342086792,2.1816515161132815,2.175764131851196,2.1745798706054686,2.168971602935791,2.167844474029541,2.1704738899230955,2.169105734405518,2.170499891204834,2.1739533894348146,2.1715952866363524],"valid_acc":[15.356,20.26,13.804,14.868,18.508,16.704,12.916,13.74,16.64,11.016,15.504,16.716,14.636,17.616,18.416,13.508,17.672,16.46,20.216,15.532,15.624,15.312,18.696,18.172,19.424,18.584,16.7,17.796,17.592,15.404,12.908,15.132,17.132,17.596,17.92,19.124,18.244,16.348,18.288,19.02,18.544,19.28,19.4,19.096,19.648,19.388,19.216,19.4,19.284,17.428],"valid_loss":[2.400061305847168,2.1376845749664306,2.5068606099700927,2.3471960190582277,2.3326521588897706,2.259832341003418,2.6467952253723146,2.5416225793457032,2.1918454848480224,2.306163862533569,3.0830830715179443,2.1972765870666504,2.752717352142334,2.159087534942627,2.319245326538086,2.3932650958251953,2.199692234725952,2.2589689703369142,2.175938786468506,2.234356343154907,2.283343045806885,2.174632268218994,2.228291555633545,2.141439755401611,2.1129207530212404,2.2068766554260253,2.223225676422119,2.142887125244141,2.126063923339844,2.40182939453125,2.234629590301514,2.2294722201538084,2.168751882019043,2.1676926710510256,2.0965314416503906,2.1291780561828615,2.146777331085205,2.231566625213623,2.1202005195617675,2.1258483363342284,2.116480044708252,2.0930929566955565,2.1012983226013184,2.091677755661011,2.108215846710205,2.1012362704849243,2.1186239809417726,2.1174875172424317,2.0908842486572268,2.156496009750366]}