{"train_acc":[12.62,16.256,19.456,23.28,26.36,28.4,30.116,31.06,32.152,33.688,35.104,35.824,36.64,38.724,39.368,40.232,40.604,41.14,42.452,43.296,43.792,44.52,44.676,45.744,45.832,47.908,47.656,49.156,50.084,49.5,50.396,50.164,51.544,52.224,52.5,52.336,53.628,53.136,53.904,54.12,55.692,56.308,54.804,56.072,54.996,55.48,56.616,55.976,57.188],"train_loss":[2.3353379444885256,2.2596907709121705,2.1011270892333984,1.992175209274292,1.9327422509384156,1.8726346646118164,1.8406438038635253,1.8147226877593994,1.774741724090576,1.7408441663360597,1.721140267906189,1.7078439023590088,1.691646865196228,1.6303352380752563,1.6188655059814454,1.6030217332077026,1.592206933479309,1.585150586013794,1.5531637784957886,1.536360682144165,1.5150923771286011,1.4989026264572143,1.4856258390808106,1.4643103398895263,1.4768917110443116,1.4140606763458252,1.422006953125,1.389353830947876,1.3662778789138794,1.3787033910369872,1.3635995043182374,1.3637466009521484,1.3345883992385865,1.31694139087677,1.306307014541626,1.3161461861038208,1.2775014715194701,1.2857739707756042,1.2686694979095459,1.2679213639450073,1.2252232163619996,1.195694253578186,1.2562085216903687,1.2163902044677735,1.2445919597625732,1.2189855936050416,1.1930216854858398,1.2132211630630494,1.1926959276962281],"valid_acc":[8.59375,17.5,18.125,22.03125,25.3125,9.6875,9.0625,30.9375,11.71875,34.0625,33.75,23.28125,18.59375,10.0,38.28125,47.96875,44.375,32.03125,41.5625,33.4375,42.96875,40.625,41.25,46.40625,11.25,42.1875,43.28125,54.375,53.4375,47.65625,52.8125,37.8125,46.875,31.09375,44.0625,46.71875,40.78125,58.125,11.71875,45.616883116883116,38.4375,53.75,48.59375,49.84375,47.65625,48.125,41.71875,15.15625,45.625],"valid_loss":[2.5418829679489137,5.011143493652344,2.1798100233078004,3.44993314743042,2.788772773742676,2.3936798334121705,2.38065927028656,4.326927495002747,2.50132360458374,1.8202222824096679,1.9948854088783263,2.091530919075012,2.193614864349365,2.424120855331421,1.6513433694839477,1.8243903398513794,1.5407684564590454,14.230821895599366,1.5809664130210876,1.8147249460220336,1.5155631065368653,2.04856733083725,1.8157236337661744,2.6775299668312074,2.1529351472854614,1.5469223260879517,1.9220106244087218,1.2189582109451294,1.279090130329132,2.380162250995636,1.3378090262413025,13.647736549377441,2.021021568775177,1.826789426803589,1.545528769493103,3.418724870681763,19.334810161590575,3.1903305888175963,2.5075213432312013,1.4838381541239751,13.85921277999878,1.8092553257942199,5.437699818611145,1.3542152881622314,1.6035909414291383,2.218916594982147,12.317389965057373,2.291287565231323,8.349243402481079]}