{"train_acc":[27.636,28.944,30.104,28.732,27.564,27.904,26.992,25.916,25.296,25.256,24.492,24.256,23.556,24.172,23.556,22.832,23.208,23.06,22.932,21.512,21.624,21.604,22.196,21.204,21.408,21.444,21.044,21.404,21.46,21.02,21.904,21.964,22.352,22.424,22.088,22.62,22.332,22.376,22.72,23.076,22.628,23.18,23.624,23.232,23.572,23.536,24.324,23.892,23.456,23.46],"train_loss":[1.9236067514419555,1.876215578994751,1.872466919555664,1.8916772242736817,1.9205186459350585,1.9100814567565918,1.939280489807129,1.9710240480041503,1.9806382509613036,1.9846752849960327,2.0064869230651854,1.9967991221618653,2.0126482276153563,2.006507613372803,2.0280893813705445,2.029162853050232,2.024335672607422,2.0276766939544677,2.034849830055237,2.057496328964233,2.062783549118042,2.0709609855651854,2.060451203689575,2.070519797668457,2.0696607610702515,2.0685918734359743,2.0814868270111084,2.068990451583862,2.0713611708068846,2.0734463246917723,2.0614636849975585,2.060937468109131,2.059505475463867,2.056809220046997,2.058694603424072,2.0602687106323243,2.05314095413208,2.0577192460632325,2.0487174059295654,2.0484656378936767,2.0413386571502685,2.045818653564453,2.040534569015503,2.042953642921448,2.0391751417541504,2.0365740161895753,2.0347820919799804,2.0327896170043944,2.0437568267440795,2.043674337463379],"valid_acc":[30.108,25.628,18.712,21.652,17.944,24.028,24.64,20.06,24.364,24.14,22.876,27.1,21.164,20.452,21.244,24.64,22.464,25.392,27.028,23.236,23.5,22.348,20.384,21.532,21.428,21.92,25.112,24.58,23.044,25.036,25.444,23.8,24.848,27.54,25.424,25.404,25.156,26.556,24.96,26.924,25.056,26.328,24.72,28.416,26.344,29.04,27.796,29.192,28.436,25.004],"valid_loss":[1.8811400309753419,1.9670128372192384,2.758378135986328,2.2549945483398437,2.4073163795471193,2.1682874923324587,2.0669824712371825,2.311586618270874,1.981537805480957,2.0133375912094116,2.2292083006286623,1.9338256604385375,2.140208466796875,2.34459170715332,2.181780788497925,1.9938095333099366,1.9925971780395508,1.9792333154296875,1.9290533743286133,1.952239376487732,1.9558628509902953,2.066394075012207,2.0028222957611086,2.0658551573181154,1.9878568965148926,2.040275274658203,1.9520102139282227,1.9422725722885132,2.0095523526382446,1.9501136187744141,1.9237092182159423,2.011104036102295,1.9654562952041625,1.9579228307724,1.9696162631988525,1.9448133852767944,1.9963255794525145,1.9626352452087403,1.9685622762298585,1.9280408780288696,1.923426748085022,1.937160073776245,1.9469361312866211,1.9175532233428956,1.9111377086639405,1.897773217124939,1.8981968935775757,1.8966186973571777,1.8959297586059571,1.929272157058716]}