{"train_acc":[1.152,1.32,2.244,3.12,3.42,4.348,4.72,4.984,5.676,5.816,6.22,6.656,6.976,7.672,7.876,8.24,8.66,9.076,9.204,9.616,9.828,10.244,10.796,11.068,11.248,12.536,12.608,13.46,13.696,13.484,14.46,14.884,15.392,15.656,16.32,16.196,16.948,16.868,17.084,17.368,18.544,18.84,18.508,18.444,18.34,19.076,19.728,19.396,19.56],"train_loss":[4.693456595458985,4.678204216003418,4.513609948730469,4.398217862701416,4.324487223358155,4.251595053253173,4.222499932556152,4.194776589813232,4.1578071144104,4.114717056274414,4.0987617347717284,4.08244896484375,4.058745089874267,4.014260126800537,3.9948539130401612,3.9777518464660644,3.9647832567596435,3.944030289154053,3.91737567855835,3.8893192193603516,3.871443483276367,3.8458207388305663,3.8273238091278077,3.8034769787597655,3.7858887452697756,3.730926948928833,3.713778527908325,3.660877640914917,3.637820504684448,3.6500524633789064,3.6101616053009034,3.5912859896850584,3.5623291705322266,3.5484828968811035,3.527660470504761,3.5205276934051515,3.4858948011779787,3.4719392475891113,3.4515752296447753,3.4496611176300047,3.3927207791137697,3.3488962128448487,3.409159533996582,3.3886912004852294,3.40232690536499,3.3603660203552246,3.338780532836914,3.3574029022216796,3.331067943572998],"valid_acc":[0.46875,1.40625,1.25,3.28125,4.0625,0.9375,0.78125,3.75,0.46875,5.78125,7.34375,3.28125,0.9375,1.25,7.65625,6.875,8.28125,2.96875,10.625,6.09375,10.3125,3.59375,11.09375,6.71875,2.34375,7.34375,9.21875,11.25,12.65625,9.0625,13.28125,9.0625,12.34375,6.09375,12.5,7.03125,6.40625,11.09375,1.25,8.116883116883116,7.1875,12.5,10.15625,19.53125,7.34375,8.75,6.71875,1.09375,4.53125],"valid_loss":[4.690488004684449,24.34198389053345,4.60675311088562,5.927670049667358,5.544949531555176,4.631009864807129,4.691630506515503,8.44878625869751,4.753801012039185,4.2407067775726315,4.190275526046753,4.228990125656128,4.624532461166382,4.809797048568726,3.9098735570907595,5.797850513458252,4.00249330997467,22.383969116210938,3.7538766622543336,4.008493876457214,3.7919248580932616,5.502052640914917,3.707876372337341,10.151423931121826,4.655435943603516,3.968928599357605,4.414716053009033,3.929802393913269,3.7665392637252806,6.273565196990967,3.698537826538086,19.026683807373047,4.461836457252502,4.085366582870483,3.6691075801849364,7.248254299163818,57.9097900390625,11.600752830505371,4.835541772842407,3.814277478626796,31.239344787597656,3.9743568658828736,18.348998260498046,3.281345772743225,6.410660219192505,6.0041563510894775,29.535030174255372,4.658323287963867,31.875028610229492]}