{"train_acc":[40.878562848094354,68.91995194932838,72.14699137272032,74.10178005897127,74.61504859670198,74.69968330239162,75.21022168832587,75.27028502784755,75.34399912635142,75.32761821557278,75.22660259910451,74.92355574969969,74.74063557933822,74.8088893742492,75.0273015179644,74.96450802664629,74.74609588293109,74.98088893742492,74.63142950748062,74.3502238724473,74.79250846347057,74.51676313203014,74.34476356885443,74.15365294310364,74.57136616795894,73.91066943322049,74.18368461286448,73.83422518292016,73.47384514579011,73.69771759309818,73.0970841978814,73.22813148411052,73.08070328710276,72.6520694550617,72.63022824069019,71.8848968002621,71.57365949546795,71.39346947690292,70.7628044119253,70.03385388227585,69.57518838047396,68.32750900950093,66.60205307415092,64.99672381784427,63.29856940045867,60.41825925521459,57.61439336027083,53.6693240144152,49.78977831167413,45.487059080484876],"train_loss":[1.6827645585749678,0.9323846065309405,0.8402150692514838,0.796020107393222,0.7827846288641975,0.7803232209109916,0.7698751326418084,0.7663648758273569,0.7629549958774379,0.7694406953651571,0.772293044097353,0.782463834693732,0.7907240975042403,0.7844298558098736,0.7816717475864243,0.7876971720724865,0.797189680720516,0.7888856905834818,0.8011634280174674,0.8109361083828831,0.8026402275010568,0.8084208220520095,0.819937857319281,0.8249170270056734,0.8150676663062244,0.8352494077923596,0.8341790198420572,0.833540366090931,0.8511441231385789,0.847286922560387,0.8612777281109522,0.8706593526376964,0.8743585637007085,0.8856917554027482,0.8915083946926021,0.9066263964255069,0.9201600681398455,0.925943671420267,0.9489932450207219,0.973189752331282,0.9791046793288743,1.0118510025719492,1.0557518559563455,1.098157242212257,1.1456025303275847,1.2171854192517764,1.2845614193646269,1.3804832149101316,1.4826729963918537,1.5801251036274364],"valid_acc":[64.17046602273047,69.36853312740467,73.95506292786429,73.91138169064386,77.4632122074475,77.51235359929444,74.17073903149803,78.76545906145003,78.11297059769277,78.59073411569265,75.58491905175119,78.75726883029134,76.29473914070111,78.2112533770126,77.94097572919657,75.72415299415458,79.68003494519724,78.3614076274193,77.69526877568978,77.85634333514123,79.12855933885413,76.28108875272888,79.07395779363041,80.40350541712048,79.61997324649258,80.77752600356933,81.55013787015142,81.00412241624781,81.70848235067537,81.96510961051915,81.53648748217918,82.33093996455959,81.30716099057321,81.10240519702566,81.19795790012574,82.32820988958957,82.71042070615567,82.45379344131298,83.16088345091883,82.83054410335671,83.50214311127489,83.45573179616842,83.62226651180855,83.98263670757741,84.27475497348293,84.2283436627505,84.26656474274081,83.90073439036668,83.9553359376733,83.89527423521945],"valid_loss":[1.0525166007920412,0.9384507236236885,0.7934566868354245,0.7853269357184507,0.6859128492503179,0.6836786599416217,0.7933193909200568,0.6709163142468121,0.6795142748737358,0.661962055703366,0.7473974331203285,0.6547957984446087,0.7309685774096049,0.6627334422032726,0.6887607545855785,0.7343984954434409,0.6264214860077829,0.6654753210279084,0.6815828956551124,0.6753504747902329,0.6460908428857646,0.7495496608043316,0.6421417685790008,0.6174461561825941,0.6251643906419688,0.5880955012243182,0.5692138666179615,0.5911821185942054,0.5638645401379541,0.5567587946035303,0.5710154112930129,0.5452689530946832,0.5917805636159201,0.5837390882609474,0.5836076860829267,0.5458821606706344,0.537680794614458,0.5450960108484278,0.5217359001773715,0.5483852740851227,0.5230752974492319,0.5211458053532304,0.5152409608521655,0.5076901830154944,0.49397239041903174,0.4916553047590582,0.4937394908237927,0.5037839628633799,0.49574223560437697,0.4953945985463045]}