{"train_acc":[32.53521895817408,65.79392814240472,71.98318226493393,73.8287648793273,74.49765206945506,74.84711149939936,75.29758654581195,75.68253794910997,75.42317352844819,75.32761821557278,75.13104728622912,75.29212624221907,75.09282516107896,75.13104728622912,74.72152451676313,74.55225510538386,74.75701649011685,74.59047723053402,74.3911761493939,74.49492191765862,74.03898656765317,74.35568417604019,73.94889155837065,73.97073277274217,74.38571584580103,73.90247897783117,73.76324123621274,73.67314622693021,73.3564486185432,73.32095664518947,73.23359178770339,73.16260784099596,72.64387899967238,72.68483127661898,72.43092715955007,72.0568963634378,71.6937861745113,71.05493065414437,70.82559790324342,70.21404390084089,68.96090422627498,68.06268428524626,66.50376760947908,64.8411051654472,62.4931746205089,60.027847548323685,57.33045757344108,53.369007316806815,49.73790542754177,45.323249972698484],"train_loss":[1.8991001396834284,1.0116288906376838,0.8503019472611996,0.7981630856714564,0.7799141128029093,0.7717881625404496,0.766724786715983,0.7605778470796517,0.768154355913866,0.769589377540525,0.770545699092073,0.769328786098659,0.7798924759653597,0.7851812426500007,0.7927646121955847,0.8005375591990234,0.7888273234266868,0.7968844913415699,0.8017231768963964,0.8071943209384016,0.816238829502961,0.8132169014686084,0.8229209471962214,0.8233501901008995,0.8233405588833645,0.8293979493267505,0.8446128020070975,0.8453348427343749,0.8529396852812184,0.8512875541948629,0.8631722798992664,0.8723422576275353,0.8794897225625106,0.8885101499523127,0.8948299519240082,0.9081129266976972,0.9221353903795234,0.9343568780503706,0.9372543365306777,0.967316277457778,0.9941210541204945,1.0281263218119219,1.0648636642574574,1.1108803752599434,1.170000575001979,1.2231357543505188,1.2890179945910434,1.3893112241408183,1.479086645229865,1.5877376728811885],"valid_acc":[54.18384340131028,65.22154576828727,73.11692920868003,73.72300636003858,76.80253351024037,77.07827131362019,79.2159218112121,74.85052826849203,78.44604002355752,74.4055256770015,78.0337983544106,78.15938191175779,77.7198394720819,78.12116082843488,78.39962870803446,79.02208632296012,78.83917114916837,78.44330994733777,78.09386005478157,79.92847197367404,80.11684730740365,78.99205547579481,79.9939938279425,79.19681126767605,78.80095006813663,79.6145130919702,79.52442054235104,80.60553113819748,79.7810478026114,81.32354145684808,80.97136148807213,81.71394250519775,82.06339239254673,81.30170083605084,82.51931529454001,82.8441944886212,80.79390646547014,82.93155696368692,82.89879603551124,83.3574490147657,83.45846187238817,83.73692975407063,82.93974719442903,84.00993747914784,84.02904802101759,84.28021513071305,84.14644134397761,84.00720740563584,83.53490403840914,83.5267138045427],"valid_loss":[1.4285264769510815,1.0120444693115336,0.8194258647243092,0.7886200337074889,0.7030848968432255,0.7087099621508057,0.639655473042434,0.7962367538282498,0.6611677418331761,0.780795403199757,0.6863183873386243,0.6735323842651197,0.696716580193642,0.6710415983731208,0.6569295584799119,0.6479951031212139,0.6397454737372095,0.6741907626366862,0.6626911122957935,0.6206497517579532,0.6118240585253336,0.6505383816192112,0.6190658501668255,0.6403440840870005,0.645851454680387,0.6323472347201331,0.6311391508417505,0.6083620917176618,0.6287253691274719,0.5839257523958128,0.5891714963053384,0.5669797041939232,0.5547102046099448,0.5826887820585116,0.543718687969694,0.5362283376238329,0.5908347989964854,0.5338435885283243,0.5376583244558497,0.5221890174085344,0.5246677108176325,0.513698116313842,0.5445822443363658,0.49898366329401717,0.5079540568094341,0.49009470708371056,0.4969638080066309,0.49604517819628957,0.5015641570623359,0.5111108855144889]}