{"train_acc":[38.944,51.964,58.336,61.656,64.224,65.464,66.812,67.956,68.708,69.144,69.264,69.508,69.436,69.84,69.94,70.268,70.672,69.912,70.5,70.652,70.452,70.668,70.792,70.736,70.824,70.76,70.572,70.536,70.472,70.712,70.712,70.548,70.332,70.444,70.168,70.652,70.852,70.152,70.36,70.004,69.652,70.38,70.08,69.208,69.076,69.1,67.892,67.568,66.72,65.564],"train_loss":[1.656858275756836,1.3346817677307128,1.1694044850540162,1.0825169315719605,1.020680224494934,0.9848373402404785,0.9496635953521728,0.9284381503486633,0.9062896427345276,0.9029651655197144,0.8860443894767761,0.8850177486801147,0.8801937149429321,0.8781377118682862,0.8778966579437256,0.8670100085830689,0.8684978143501282,0.8717506357574463,0.866718599357605,0.8579388302230835,0.8716409530639648,0.8622144884109497,0.8697164092826843,0.8719356743812561,0.8667665392494202,0.8652513454437256,0.8747496480560303,0.8793409395217896,0.8830312815856933,0.8701107307815552,0.8730313387298584,0.8828205638885498,0.8836369156646728,0.8894734658813477,0.8853015864944458,0.8923075146484375,0.8838076951408387,0.9021403625679016,0.8999097954940796,0.9112230983352662,0.9206096063232422,0.9053317136001587,0.9201933530807496,0.941051394996643,0.9572298123168945,0.9572113578605652,0.9884371400642395,1.00387272813797,1.0180157919311523,1.050292541847229],"valid_acc":[47.024,55.256,59.4,62.14,65.348,66.956,69.252,70.508,71.32,70.292,70.852,73.092,71.58,73.932,73.788,74.232,74.34,75.296,74.68,74.98,75.436,75.64,75.016,77.06,76.88,75.816,76.22,76.7,77.22,78.048,77.54,76.8,77.692,78.248,77.812,78.62,78.532,78.336,78.712,79.772,79.276,79.876,80.004,80.032,80.148,80.008,79.812,79.728,79.992,80.008],"valid_loss":[1.4819141376495362,1.2227860160446167,1.1840894703292846,1.0847328495788575,0.9813427843856811,0.9335465702056884,0.877154388961792,0.8333212444877625,0.8205439168548584,0.8409443267250061,0.8292105270385742,0.7746076216506959,0.8034434401893615,0.7481564528274536,0.7666959260368347,0.7357364637565613,0.732463489818573,0.7127733450508118,0.7225340634727478,0.7128042572212219,0.7237055120277405,0.7012054227638245,0.7252757804489136,0.659339238243103,0.6597481394958497,0.6869319808578491,0.6915903221130371,0.6644519923400879,0.6592610376739502,0.6336726874160766,0.6479803587532044,0.6727976952171326,0.6376624307060241,0.6219679152965546,0.632821327829361,0.6076844085979461,0.6257317434120179,0.6354222699832917,0.6246439943122863,0.591334124507904,0.5977923908996582,0.5834208527183533,0.5793756985282897,0.5804708061599732,0.5788240967559815,0.5818075757789611,0.588999432182312,0.5848384225463867,0.58149837682724,0.581110377445221]}