{"train_acc":[40.272,54.76,59.24,62.556,64.508,65.908,66.98,67.748,68.56,68.704,69.3,69.736,70.108,69.644,70.192,70.436,70.176,70.448,70.888,70.688,71.1,70.576,70.896,70.476,70.5,70.984,70.728,70.436,71.112,70.588,70.924,71.22,71.284,70.892,71.044,71.02,70.44,70.616,70.788,70.596,70.04,70.624,69.292,69.76,69.096,68.676,68.096,67.792,67.204,65.84],"train_loss":[1.6274137127304078,1.2620882223510743,1.1419651597213745,1.0637903652572631,1.0187229458999634,0.97244205783844,0.9516413776779175,0.917660373878479,0.907606201171875,0.900474312133789,0.889053548412323,0.8773471496200561,0.870864950504303,0.8745582927513122,0.8611353818702697,0.8636577813529969,0.8692097750091553,0.874323436088562,0.858844546508789,0.8645047233581543,0.8500422941207886,0.8654012733650207,0.8579551968765259,0.870238242778778,0.869288364982605,0.8745696684455871,0.8619642231178284,0.8726903528022766,0.8688272243881225,0.8746800464820862,0.8667018745613098,0.8706202186965942,0.8719304234313965,0.8755495723724365,0.8830159413528442,0.881340987739563,0.884929807510376,0.8834207407951356,0.891002374382019,0.8936386956596375,0.9078271554374695,0.9032150963973999,0.9256619801712036,0.9243782194137573,0.9410838884353637,0.957139870262146,0.9773822884750366,0.9905295520591736,1.0214164781188966,1.0476327747344971],"valid_acc":[50.404,59.424,57.108,62.912,66.888,65.928,68.22,70.292,70.16,70.284,72.62,70.556,72.88,72.972,72.708,73.296,74.428,75.816,74.736,74.936,75.228,76.568,75.608,74.32,75.82,76.652,76.812,77.816,76.896,76.408,77.828,77.904,77.704,78.68,78.056,78.996,78.552,78.816,78.72,78.52,79.48,79.632,79.74,79.744,79.732,79.94,80.128,79.86,79.64,80.028],"valid_loss":[1.3579410174560547,1.1366244290924072,1.2020813311767578,1.035664903678894,0.945831075553894,0.952724621334076,0.9114809811019897,0.8416876059722901,0.8550754611587524,0.8465031670951844,0.7991152547454834,0.8480581176185608,0.7795150648117065,0.771020385684967,0.7817172220230103,0.7671216200637817,0.7377598113632202,0.699878971233368,0.7231719868087768,0.7165745532608032,0.7293804060745239,0.676879405593872,0.702616480178833,0.7308704739952088,0.692170639705658,0.6752559414482117,0.6637617991828918,0.6404646595001221,0.6646201880264282,0.6748165383815765,0.6374061085510254,0.6313013737678528,0.6392478443145752,0.6218238111972809,0.6295140593338012,0.6017125461578369,0.6103823126983643,0.6147315325546264,0.6179941331672668,0.6098169865608215,0.5889554962539673,0.5949737101554871,0.5875209576797485,0.5814935474967956,0.5805409770774841,0.5872491179466247,0.5750253068161011,0.5780624904727936,0.5833298550796508,0.5793669897270203]}