{"train_acc":[40.36,52.48,56.332,59.456,61.608,62.724,63.388,64.036,64.892,64.896,64.976,65.136,65.152,65.792,65.38,65.112,65.428,65.216,65.484,65.536,65.856,65.54,65.896,65.396,65.376,65.488,65.524,64.968,65.524,66.008,65.508,66.024,65.836,65.624,66.272,66.084,66.78,66.492,66.64,66.704,66.604,67.268,67.256,67.3,67.12,66.984,66.188,66.492,65.468,64.78],"train_loss":[1.6350043370056153,1.3334624476242065,1.2209756902885438,1.1418336895370484,1.102035889930725,1.0692850853729248,1.0475315058517456,1.0371912687683105,1.0161532038497925,1.0226569402885437,1.01290906665802,1.007970845451355,1.0054762064743041,1.0052881451416016,1.0123597283172607,1.0077990872192384,1.0041178435516358,1.016017785797119,1.0028962524032592,1.0111920403671264,1.003166489830017,1.013066493358612,1.0080772587776183,1.0238061645889283,1.0177443858718873,1.0204524869537352,1.02045340965271,1.0253621196365357,1.0253035754585267,1.0154541517829896,1.016805831012726,1.0142799320602418,1.017785160331726,1.0108288872528075,1.0104991468811035,1.0122601387023926,1.0029846714019774,1.0048546333312989,1.0058083031082152,1.0100343635177613,1.005145973186493,0.9927556321716309,0.9931270328140259,1.0041818022155762,1.006319990673065,1.0180575374031067,1.0279869941711426,1.0306028634262085,1.0578695895004273,1.0753576893997192],"valid_acc":[47.684,54.46,55.876,61.956,63.344,65.452,61.932,68.124,67.04,68.5,66.892,66.62,66.628,67.688,69.412,66.944,68.288,68.648,68.512,68.568,70.188,71.26,71.212,71.02,71.092,71.972,71.948,72.504,71.088,73.148,73.492,73.324,73.24,75.04,74.42,75.388,75.384,75.344,74.86,76.376,76.996,76.82,76.616,77.116,77.932,77.772,77.884,77.636,78.376,78.148],"valid_loss":[1.4406507502365111,1.2781415101242066,1.2325669049835206,1.089347134552002,1.0270988256645202,0.9829562454223633,1.0752962417602538,0.9059328494071961,0.9262601184082031,0.9182587469863892,0.9426875979995728,0.9441718747711182,0.9783458673858643,0.9301034092330933,0.8838550692558289,0.9408826020812988,0.9153123554229736,0.9106323531341552,0.8879543275260925,0.8863076979064941,0.8707573697662353,0.8185950947380066,0.8197732936477661,0.8292362785720825,0.8362577425575256,0.8171617375183106,0.805009956817627,0.7924820559310913,0.8314292430496216,0.766838406867981,0.7542165929412842,0.7603703267288208,0.7616547890853882,0.7165573991584778,0.7378682314682007,0.7119237882614136,0.700110120677948,0.7083018602752685,0.720824064617157,0.6807229490852356,0.6652199543762207,0.6707440149307251,0.6652139844131469,0.6569073055648804,0.6355472127723694,0.642712285232544,0.6347660202789307,0.6442975537872314,0.6239927445602417,0.6271890817451478]}