{"train_acc":[39.54,51.964,57.392,59.608,61.836,62.996,63.7,64.06,64.816,64.828,64.58,65.372,65.728,65.2,65.692,65.564,65.44,65.844,65.768,65.664,65.184,65.38,65.748,65.432,66.148,65.592,65.444,65.68,65.624,65.496,65.776,65.844,66.048,66.276,66.612,66.584,66.856,66.832,67.252,66.652,66.976,67.436,67.336,67.596,67.304,67.14,66.772,66.308,65.84,65.08],"train_loss":[1.64042911693573,1.3309785067367554,1.1978206356811523,1.140489898109436,1.0883736738967895,1.0601457417678832,1.0431267390441894,1.0360868179512024,1.0140440725326538,1.0209551336288452,1.0159976019096375,1.0109687451171876,1.002102527885437,1.0149414965820311,1.000552719039917,1.0043628093338013,1.0074549143981935,1.0049302490234375,1.0069744205856324,1.006408920135498,1.0196479536819458,1.0059771954727172,1.015098729095459,1.0227857755661012,1.0031892414474488,1.0153612771987914,1.0181748442459106,1.0138977928352355,1.0206975421905518,1.0198365814971924,1.0092629792785643,1.0231179460144042,1.0123809833526611,0.9986870008659363,0.9986975354385376,1.0059442708587647,1.0020666312789916,1.0044751088714599,0.9990253872680664,1.0041357696914672,0.9970999697685242,0.9856756060409546,0.9918486738204956,1.000085298690796,1.0022841991233826,1.0028500787162782,1.022045925426483,1.0326545488357544,1.0460361718559266,1.0707762999343873],"valid_acc":[47.02,56.64,56.492,58.804,59.12,64.932,61.16,63.404,66.056,68.036,67.268,67.668,68.344,68.952,68.42,68.484,70.56,66.04,69.792,70.896,70.756,69.584,70.816,72.84,72.508,70.064,72.12,72.208,71.932,72.668,73.4,72.724,73.448,74.196,74.78,75.164,73.752,74.916,75.308,76.856,76.472,76.84,77.164,76.824,77.844,77.752,77.792,77.716,77.816,78.252],"valid_loss":[1.4615416910552979,1.232420682220459,1.2176655457305907,1.1772537767791749,1.1891069625091553,0.9968518687057495,1.1014668517303468,1.0434325090026855,0.9607334893608094,0.916163478088379,0.9457504043960572,0.9305264347839356,0.8918856670570373,0.8961793649673462,0.9153277311515808,0.8973448266220093,0.8418170896530152,0.965790475769043,0.8545765767288208,0.8278681110000611,0.836120728263855,0.8749384838867188,0.8342253741455078,0.7815346254730224,0.7918783988761902,0.8493418040275573,0.8124396456336975,0.7996438459205627,0.7855088949775696,0.7806729940986633,0.7687968754959107,0.7810595594406128,0.7519325699806213,0.736307980003357,0.7213879697036744,0.7072954023075104,0.7620792526054382,0.7240765685272217,0.706033383846283,0.6667004227256775,0.6802162392044068,0.6669930561828613,0.6556462603759765,0.6625652071762085,0.6414587367630005,0.6430540033340454,0.6443316869735718,0.6362490015983582,0.635678786277771,0.6314235540390014]}