{"train_acc":[17.027956754395543,17.243638746314296,17.1753849514033,17.290051326853774,17.243638746314296,17.486622256197446,17.249099049907176,17.535764988533362,17.81970077536311,17.770558043027194,17.688653489133994,17.494812711586764,17.483892104401004,17.63132030140876,17.511193622365404,17.97804957955662,17.78693895380583,17.84154198973463,17.920716391831387,17.82789123075243,17.991700338538823,18.01627170470678,18.03538276728186,18.562302063994757,18.840777547231625,18.840777547231625,18.840777547231625,18.840777547231625,18.840777547231625,18.840777547231625,18.840777547231625,18.840777547231625,18.840777547231625,18.840777547231625,18.840777547231625,18.840777547231625,18.840777547231625,18.840777547231625,18.840777547231625,18.840777547231625,18.840777547231625,18.840777547231625,18.840777547231625,18.840777547231625,18.840777547231625,18.840777547231625,18.840777547231625,18.840777547231625,18.840777547231625,18.840777547231625],"train_loss":[2.273763331911821,2.2724976085010047,2.271991143831197,2.2727382496297133,2.272493842492474,2.271145939605653,2.2723550421058762,2.271878994954938,2.270416149864476,2.2714579647202098,2.2713708622403264,2.271582495584308,2.2720144323299216,2.270819549387663,2.2720956342819414,2.2695782259586688,2.2708302068830095,2.2699438029792587,2.2712467610608207,2.2718688645476894,2.2699135793561145,2.2695486481251956,2.269502602329652,2.26667319427766,2.2656629459428594,2.2654676364995745,2.2657131535316695,2.26558982533139,2.2655435365087615,2.265438156251865,2.2654488624099094,2.265515359374677,2.2654619682976884,2.2653870513583163,2.2656615490448373,2.2652626807244176,2.265580145906801,2.265436127077248,2.2655882495868878,2.2651634666484113,2.2656333963071935,2.265328442098741,2.265315473789183,2.2653600851937754,2.2656392822544738,2.2652748836054086,2.2652291407996006,2.265389118468487,2.265412519393926,2.2655616680893873],"valid_acc":[9.560730568623022,19.001337738274557,17.035682109699565,14.392967320871039,17.811024051902564,14.99085424114899,18.477162903606033,15.973682055098019,18.832072947560274,19.001337737753836,18.389800431300134,18.99860766101337,19.001337737701764,14.180021294394349,17.335990608456115,17.497065166866115,12.023260258265308,15.520489229767097,9.459717709985158,17.027491877994112,14.89530153695539,18.578175762269932,19.001337737779874,19.001337737753836,19.001337737753836,19.001337737701764,19.00133773712897,19.001337737779874,19.00133773712897,19.001337738274557,19.001337738274557,19.00133773780591,19.00133773712897,19.001337737779874,19.001337737753836,19.001337737779874,19.001337737779874,19.001337737701764,19.001337737779874,19.00133773780591,19.001337737831946,19.001337737701764,19.00133773780591,19.001337737753836,19.001337737779874,19.001337737831946,19.00133773780591,19.001337737779874,19.001337737701764,19.001337737831946],"valid_loss":[4.205225667560607,2.3259530857247293,2.2834942276021075,2.599882594711602,2.261439244594656,2.2906319390917402,2.548196928308918,2.2691424801893207,2.268232342957923,2.269655728373345,2.2633598661692202,2.2588604204731957,2.260001866093477,2.2824843026043276,2.271085377898627,2.284488674060091,2.3521916522366326,2.2917720965591357,2.327519389503779,2.277477341379866,2.284575319312292,2.2622402389179253,2.2665618523947617,2.2648180916670673,2.2652124463983014,2.2667887431696703,2.264128664045051,2.2646152915375026,2.2653301229848983,2.2641541942298686,2.2648175445911667,2.265218819208652,2.264013837578809,2.265718391634244,2.262859742156983,2.265084501117189,2.2650294671002285,2.2644766048319025,2.262805847366728,2.265078136156706,2.263274132705847,2.264395327977992,2.26467560535209,2.2649795058162243,2.2647044679489725,2.2648319232121787,2.2651379708494717,2.265157781832829,2.265079929083427,2.2646198391559627]}