{"train_acc":[17.082559790324343,17.59582832805504,17.14535328164246,17.56033635470132,17.533034836736924,17.563066506497762,17.81151031997379,17.778748498416512,17.644971060390958,17.489352407993884,17.568526810090642,17.920716391831387,17.696843944523316,17.658621819373156,17.732335917877034,17.770558043027194,18.11182701758218,17.893414873866988,17.666812274762478,17.972589275963745,18.0244621600961,18.625095555312875,18.840777547231625,18.840777547231625,18.840777547231625,18.840777547231625,18.840777547231625,18.840777547231625,18.840777547231625,18.840777547231625,18.840777547231625,18.840777547231625,18.840777547231625,18.840777547231625,18.840777547231625,18.840777547231625,18.840777547231625,18.840777547231625,18.840777547231625,18.840777547231625,18.840777547231625,18.840777547231625,18.840777547231625,18.840777547231625,18.840777547231625,18.840777547231625,18.840777547231625,18.840777547231625,18.840777547231625,18.840777547231625],"train_loss":[2.274475140408604,2.2714992057968595,2.272584359458639,2.2708684099128025,2.2723333940529935,2.2710234613232156,2.269959657020648,2.2708607390156814,2.2697073756392196,2.2718331648999586,2.2711959802467803,2.2692977339859235,2.269114726493488,2.2696012341977467,2.270468499341021,2.269881731351807,2.269250454751115,2.269317873703466,2.26991877387129,2.269870549736552,2.268514742454978,2.266666699200462,2.2657785863221256,2.2656505533840976,2.265444608029937,2.265454097412241,2.265826374835891,2.2650344831604774,2.2655358864410458,2.265788801557127,2.2653701737078826,2.2656500688660963,2.2655543153093567,2.2655720017655936,2.265527630654227,2.265229065969962,2.2654006388219434,2.265377990827428,2.265426125005172,2.265751410900173,2.2650956004366574,2.2654702149716424,2.265726584227986,2.265144548210968,2.2655130128380354,2.2652572055330076,2.265427966819289,2.2658071268772577,2.265218497181845,2.265299832285837],"valid_acc":[14.352016161979279,17.906576756070127,11.368041715528479,18.624587075762175,18.821152638515528,15.261131890006451,19.001337737779874,18.610936689430204,16.5633787435143,10.871167654018574,19.00133773780591,19.001337737779874,18.520844139863122,19.001337737753836,19.00133773780591,17.458844085209506,13.344617652575426,8.007316606955836,19.00952796995397,17.404242539907667,12.020530180978087,19.001337737779874,19.001337737779874,19.001337737779874,19.001337737753836,19.001337738274557,19.00133773780591,19.001337737779874,19.001337737753836,19.001337737753836,19.001337737779874,19.001337738274557,19.00133773785798,19.001337738274557,19.001337737779874,19.001337737753836,19.001337738274557,19.00133773780591,19.001337737779874,19.00133773712897,19.001337737779874,19.001337738274557,19.001337737701764,19.001337738274557,19.001337738274557,19.001337738274557,19.001337737701764,19.001337737753836,19.00133773780591,19.001337738274557],"valid_loss":[2.282171404206485,2.2666312875213683,2.4928512907675193,2.2684947144972507,2.263593194759977,2.269504918764165,2.271945120573675,2.270520224937425,2.329529097860726,2.361865541540456,2.2662804639975054,2.2626797733027257,2.2850816336482356,2.265086713243772,2.265474040136801,2.265534949206991,2.3273546050731286,2.296632685289391,2.2633584567534517,2.2698797421001187,2.3074332875608436,2.2660135311187215,2.264867058803722,2.264043058997964,2.2641831942905637,2.266063905165176,2.2609923168906594,2.2684027094191275,2.266634462682226,2.265081801244344,2.267247433282158,2.26551797667984,2.2649368394351637,2.2634456431323167,2.2634465287744456,2.2651269936100094,2.2653981145754987,2.264868598126341,2.26507985044806,2.2641965942686912,2.265304615770382,2.265365678980471,2.26407842534698,2.2648230250681247,2.264827250412411,2.2652975827054402,2.2650209111349047,2.2642269979065714,2.26463224703708,2.2646143197225714]}