{"train_acc":[60.12,46.412,40.424,37.316,34.400000000000006,33.28,32.132000000000005,31.456000000000003,30.400000000000006,30.292,29.695999999999998,28.976,28.763999999999996,28.659999999999997,28.480000000000004,28.287999999999997,27.915999999999997,28.036,27.760000000000005,28.007999999999996,27.352000000000004,27.852000000000004,27.884,27.768,27.879999999999995,27.652,27.616,27.836,27.456000000000003,28.075999999999993,28.504000000000005,28.019999999999996,28.688000000000002,28.227999999999994,28.236000000000004,28.768,29.024,28.708,29.799999999999997,29.584000000000003,29.555999999999997,30.159999999999997,31.168000000000006,31.476,31.924000000000007,32.036,33.36,34.572,35.68000000000001,36.704],"train_loss":[1.62617638130188,1.2862729833221436,1.1431807739639281,1.054093510246277,0.9905988874053955,0.9496162721061706,0.9213651495742798,0.9037945043563843,0.8815457080459594,0.8707407774734497,0.854597856464386,0.8405094895935059,0.8386163978004456,0.827089815940857,0.8263581715774536,0.8271935456848144,0.8189069073677063,0.8231539285087586,0.8172217756652832,0.8225495676994323,0.8152233918380737,0.8181231155014038,0.8177840307235718,0.8237402666854858,0.8233689437103271,0.8269531104660034,0.8254676096916199,0.831434266872406,0.826803564453125,0.8280575494766236,0.8460433997726441,0.8399916932868957,0.8538101730155945,0.8410177674484253,0.857529675693512,0.8658274292945862,0.8773484605026245,0.880897484703064,0.8958419470214843,0.9002416093826294,0.9011100465393066,0.9109970444107056,0.9458461870574951,0.9607269881439209,0.9771255395507813,0.9867645282363892,1.022544533252716,1.050027367515564,1.0851501997375488,1.1230875845336914],"valid_acc":[49.956,44.992,37.928,37.216,32.172,32.68000000000001,31.036,29.384,27.212000000000003,28.007999999999996,26.232,25.412000000000006,25.531999999999996,24.78,25.164,24.391999999999996,24.620000000000005,23.888000000000005,23.976,23.840000000000003,22.951999999999998,23.495999999999995,22.036,22.232,22.144000000000005,21.891999999999996,21.823999999999998,21.703999999999994,21.575999999999993,21.700000000000003,21.319999999999993,21.708,20.616,21.195999999999998,21.156000000000006,20.676000000000002,20.964,20.944000000000003,20.968000000000004,20.555999999999997,20.536,20.555999999999997,20.476,20.608000000000004,20.504000000000005,20.292,20.323999999999998,20.58,20.811999999999998,20.659999999999997],"valid_loss":[1.3841047790145875,1.2632069680404663,1.0678790048980713,1.0749248729705811,0.9129194412040711,0.9174144818878174,0.8709080152511597,0.8409544018554688,0.7818412247657776,0.7961728517913819,0.7559358179092407,0.7368879520606995,0.7395091606140136,0.7168710338020324,0.7221595621681214,0.6964102078437805,0.7150699515533447,0.6957271487998963,0.699201941833496,0.6775872379302978,0.6550402783584595,0.6864805358505249,0.6408332159423829,0.6439112197494506,0.6401342916297913,0.6325657200241089,0.6285710375595093,0.626039827041626,0.6195366173362732,0.6364906154251099,0.6130321925735474,0.6263589514541626,0.6000733415031433,0.6137815479660034,0.6126763261795044,0.5977394053459167,0.6063371906471252,0.6030238763046265,0.6038886882400513,0.5970708573150635,0.5995543983078003,0.6016209893035889,0.5927746751022339,0.6095420112800598,0.5956181958007812,0.5919059295272827,0.5917261488914489,0.5993463802528382,0.6068990208816528,0.5995303826236725]}