{"train_acc":[60.624,46.296,41.204,37.696,35.976,33.668000000000006,32.900000000000006,32.07599999999999,30.988,30.659999999999997,29.632000000000005,28.983999999999995,29.135999999999996,28.995999999999995,28.900000000000006,28.599999999999994,28.464,28.451999999999998,28.343999999999994,27.680000000000007,27.664,27.528000000000006,28.031999999999996,28.244,27.775999999999996,28.343999999999994,28.031999999999996,28.251999999999995,27.540000000000006,28.439999999999998,27.992000000000004,28.427999999999997,28.587999999999994,28.676000000000002,28.592,29.063999999999993,29.123999999999995,29.451999999999998,29.203999999999994,29.804000000000002,30.348,30.400000000000006,30.828000000000003,32.028000000000006,32.099999999999994,33.3,33.623999999999995,34.519999999999996,35.668000000000006,36.54],"train_loss":[1.640106406440735,1.2862848572540284,1.1425364263153077,1.0714073859786988,1.0155104298019408,0.9629611087799073,0.9387331198883057,0.9211089324188232,0.8886045736694336,0.8806736251831054,0.8595117047309876,0.8473187174224853,0.8407456824493408,0.8347479265403748,0.8460998322677612,0.8337211650085449,0.8356689967536927,0.8269339449501037,0.8266436825942993,0.81450109582901,0.8213136061096191,0.8129444213485718,0.8312287508773804,0.8318912746620178,0.82191580286026,0.8339188722038269,0.8327822679519653,0.8327553131866455,0.8246939448738099,0.8503190810394287,0.8366369521903991,0.8465708072662353,0.8546576993942261,0.8620291320419311,0.8611766542434692,0.8697167295837402,0.883391074256897,0.8838099417114258,0.8972236572265625,0.9046948220634461,0.9102715703201294,0.9310684611511231,0.9408592306137085,0.9716751456451416,0.9805532291030884,1.0118765685844422,1.0200070949172975,1.0604917711639403,1.095124882183075,1.1109367922210693],"valid_acc":[51.552,41.588,39.848,34.92400000000001,33.07599999999999,32.087999999999994,31.939999999999998,30.191999999999993,28.248000000000005,27.668000000000006,26.5,27.191999999999993,25.524,26.340000000000003,25.092,24.744,25.575999999999993,24.304000000000002,24.323999999999998,23.563999999999993,23.444000000000003,22.884,22.748000000000005,23.552000000000007,22.567999999999998,23.384,22.376000000000005,22.28,21.855999999999995,21.36,22.272000000000006,21.232,22.135999999999996,21.552000000000007,21.623999999999995,21.355999999999995,20.775999999999996,22.135999999999996,20.896,20.959999999999994,20.903999999999996,20.912000000000006,20.495999999999995,20.703999999999994,20.412000000000006,21.028000000000006,20.896,21.019999999999996,21.055999999999997,21.147999999999996],"valid_loss":[1.4035474843597413,1.1667124207687378,1.1124632035064697,0.9812921897125244,0.9274383365249633,0.9206293639945984,0.9034652514457703,0.8466401498222351,0.819163459186554,0.7855274188804626,0.7554414556503296,0.7800677389717102,0.7330613028717041,0.7580632896614075,0.7125947247123718,0.7053237495803834,0.7376362717247009,0.6929124541091919,0.698433857460022,0.6788817934036255,0.6785723249816894,0.6575059954261779,0.659116605796814,0.6785321229553223,0.6520913399505616,0.6737721329116821,0.6412573401737213,0.6383590706253052,0.6305234222412109,0.6241140046691894,0.6402474593353271,0.6160019923210144,0.6343293375778198,0.6218047556686401,0.6267075882339478,0.6211177818489074,0.604996564540863,0.6413789130210876,0.6042684137344361,0.6083529676437378,0.6018562852287292,0.6038499275779724,0.5941533395195008,0.6044524698448182,0.5972773397827148,0.6073117226600647,0.6158079999351501,0.6094925056362153,0.6098882104492187,0.6060590797615051]}