{"train_acc":[36.984,48.328,53.0,54.544,56.216,56.732,57.408,58.1,57.552,58.136,58.9,58.988,58.992,59.14,58.848,59.316,59.312,59.036,59.82,59.568,59.764,60.064,60.516,60.028,60.624,60.704,61.216,61.484,61.968,61.676,62.372,62.248,62.952,63.384,63.952,64.22,65.136,65.7,66.024,66.884,67.472,67.84,68.612,69.268,69.904,70.192,70.668,70.928,70.824,70.868],"train_loss":[1.7060511837768555,1.4176975832748413,1.3153314571380614,1.2754401050567628,1.235870065498352,1.227482442779541,1.2068381955337524,1.1949734685134887,1.198785295829773,1.1934742621612549,1.1810175241088867,1.1823159592437744,1.1776214650726318,1.1655916540908813,1.1784790328598023,1.1624393898391723,1.1648015084457397,1.173502317352295,1.1649115982818603,1.1684210599517821,1.1609423628997804,1.1535905151748658,1.1494950648498534,1.1650288720321655,1.138962955055237,1.1391291840934754,1.1314074398040772,1.1289713388442992,1.119962438774109,1.1208552270126342,1.1070125955581664,1.1064741577911377,1.091494098930359,1.076010408821106,1.0712033423614502,1.0511926313018798,1.0360567994308472,1.0274433465194701,1.0104096741867066,0.9934855560684204,0.9678473900604248,0.9570504421806335,0.9436305196380615,0.9319037420272828,0.9166058270072936,0.8993508974838257,0.894474396648407,0.8773145639801025,0.8847857358169555,0.8890790881156921],"valid_acc":[44.548,50.72,54.688,50.764,57.072,57.872,55.804,57.096,61.3,54.688,60.512,55.32,59.944,59.208,60.876,62.416,56.412,61.5,63.272,60.78,61.656,60.856,64.172,64.32,59.968,64.252,67.38,65.916,64.36,67.452,66.704,64.656,68.208,66.732,70.356,69.14,69.04,70.932,72.316,73.68,73.852,74.396,74.756,74.844,75.936,75.888,76.648,76.616,77.456,77.46],"valid_loss":[1.522314031639099,1.3935302850341797,1.2568092010116576,1.3743146443557739,1.2170166940689087,1.1824483135604857,1.2351765212631225,1.2409864946365357,1.090740231742859,1.2575030892944337,1.1291201750564575,1.2683320991134643,1.1258065395736694,1.1418951515197755,1.1080086045074462,1.0636474757766723,1.231864872303009,1.0756769905281067,1.0367613553237915,1.1120017456817628,1.0850285796928405,1.144643298072815,1.0212255311584473,1.0233819073867798,1.1192165803909302,1.030665779876709,0.9231083947372436,0.9694087983322144,1.0391152488708497,0.9116930917167664,0.9585563037109375,1.012748983631134,0.9030968629837036,0.9345704767227173,0.8574426664924621,0.8634301313972473,0.8767700584030151,0.8333534631919861,0.8001881903076172,0.7515431577682495,0.7503696792030334,0.736199351272583,0.7147802328872681,0.7201420883274079,0.6906907811164856,0.6941864847755432,0.6767111484909057,0.6674801197052002,0.6535700488853454,0.6498888600730895]}