{"train_acc":[37.768,48.364,52.652,54.872,57.2,58.272,57.984,58.964,59.308,59.076,59.636,59.284,59.136,59.344,59.592,59.264,59.916,59.836,59.584,59.944,60.172,60.032,59.972,60.42,60.868,60.676,60.992,61.396,61.888,62.052,62.576,62.536,62.9,63.484,63.932,64.512,65.484,65.696,66.12,67.184,67.34,67.964,68.288,69.596,69.796,70.132,70.824,70.94,71.02,71.212],"train_loss":[1.6846691054916383,1.414989327583313,1.3228594443130492,1.2654800228118896,1.2160056912612915,1.1924786218070984,1.1907254039764403,1.1760585478591918,1.1650370213508605,1.161558882446289,1.1598614236068725,1.1691057659149169,1.1679477156066895,1.1626275182724,1.160393010635376,1.1646124630355834,1.1556098849487304,1.1619246457672119,1.1605251790618896,1.1552196457290649,1.153661355857849,1.1589489893341065,1.157833241920471,1.1484791134643555,1.1284578916168213,1.1495457411193848,1.1308918687820435,1.1270391180801391,1.1183204139328002,1.106030077018738,1.0989689286804198,1.0985986265945435,1.0907127562332153,1.0700906401252746,1.0615730205917357,1.0492179996490478,1.0319697613525391,1.01849620552063,1.0090471342849732,0.9893755511474609,0.9728098262023925,0.9608334367370606,0.9375553273391724,0.9245740752983094,0.911649959564209,0.9006398983192444,0.8846820845031739,0.8876860885238648,0.8790252189445495,0.8785461291122436],"valid_acc":[39.732,44.032,47.036,54.372,53.648,56.364,56.748,54.06,59.764,57.756,58.636,58.152,61.472,64.012,58.6,60.68,58.96,63.464,62.936,62.436,62.42,60.592,61.768,60.348,66.24,61.244,65.336,62.388,67.036,65.088,67.888,67.192,69.44,70.34,69.692,69.892,71.2,71.956,71.528,73.42,73.664,75.032,75.008,75.556,75.9,76.24,76.432,76.936,76.864,76.976],"valid_loss":[1.7148080492401123,1.5379400371551513,1.4735719541168213,1.2817485500335692,1.3353756775665284,1.2311262979888915,1.2020469868850707,1.3069804431533814,1.1402423721504211,1.2090550188064575,1.1975558966064452,1.184524525604248,1.0799384275436401,1.042161530265808,1.1756132189178468,1.1229271101760865,1.1758783798408508,1.0424784342575073,1.0690105424118042,1.0517068143844603,1.069873511543274,1.118305363960266,1.1016018797683715,1.1953808069610596,0.9578382975769043,1.1040787872695923,0.9959962342834473,1.1114275326728822,0.9352631590270996,0.9938413711547851,0.9457578414535522,0.944246796131134,0.8704097614860534,0.8547229670524598,0.8707981822013855,0.8545573177909851,0.84183287815094,0.811299089717865,0.8233592998695374,0.7600970312309265,0.7576238925743103,0.7182900131225586,0.7187443659973145,0.7017668775177002,0.6925773442459107,0.6860593828392029,0.6693095038223267,0.6600101680755616,0.6631636592674255,0.6621504635810852]}