{"train_acc":[1.244,1.5,1.984,2.724,3.448,3.988,4.612,5.02,5.456,6.028,6.416,6.688,7.256,7.616,8.02,8.444,8.928,9.256,9.96,10.096,10.368,10.776,11.292,11.708,12.284,12.664,12.956,13.584,14.204,14.336,14.904,15.224,15.64,16.452,16.468,16.928,17.872,17.712,18.496,18.536,19.336,18.872,19.176,19.436,20.108,21.024,20.76,20.9,21.112],"train_loss":[4.680478016052246,4.6921559855651855,4.6195888070678714,4.509026761627197,4.4028553805541994,4.333309327087402,4.264150942687988,4.211783196716309,4.163912116699219,4.114096999969482,4.089154517364502,4.059903592529297,4.031320873947143,4.00505345489502,3.981397500305176,3.953186104888916,3.9281487547302247,3.9061571356964113,3.8786099682617188,3.8690310003662107,3.8318313617706297,3.806949766693115,3.7897097850036623,3.761864986038208,3.733974505157471,3.6942009532165527,3.6692267725372316,3.6548893725585936,3.611844093551636,3.610698328857422,3.556614942703247,3.565947543258667,3.537062738189697,3.4871765257263183,3.4718944731140136,3.464542012863159,3.413258313751221,3.410700319213867,3.3700129560852052,3.3645485765075684,3.338388125457764,3.3347135902404785,3.323490196685791,3.322957454986572,3.283056653594971,3.2546164149475096,3.2589221045684815,3.24463549118042,3.2585361083984377],"valid_acc":[1.40625,2.1875,1.5625,2.03125,1.25,1.71875,3.4375,4.6875,4.84375,0.9375,0.78125,7.65625,8.4375,4.0625,1.40625,5.625,1.40625,4.0625,4.53125,3.59375,11.71875,1.09375,5.3125,13.28125,4.84375,5.625,1.40625,2.8125,9.53125,9.84375,2.8125,13.28125,8.28125,12.03125,5.9375,7.65625,5.0,2.65625,7.5,8.279220779220779,0.625,6.25,11.09375,6.09375,2.96875,20.46875,12.34375,7.65625,11.5625],"valid_loss":[5.1913567066192625,6.129130029678345,4.677092885971069,4.572070503234864,16.62648763656616,4.704474306106567,4.260877084732056,4.1767679929733275,4.302566862106323,4.652878761291504,4.8416823387146,3.9772552728652952,4.111819720268249,4.204351186752319,4.860595560073852,4.120058608055115,4.797584438323975,17.013045978546142,8.235700654983521,46.76164627075195,3.796602201461792,5.402844524383545,4.748831653594971,3.7296630144119263,7.7153246879577635,4.62873067855835,4.980929946899414,4.711641788482666,3.800924825668335,3.9373045682907106,4.538514137268066,3.605572485923767,4.279820823669434,3.889389228820801,4.489489555358887,3.942010450363159,7.471870088577271,5.0204442024230955,4.425593328475952,3.894714070604993,5.809586000442505,4.076031374931335,4.2212365627288815,11.905993556976318,5.389651441574097,3.349156928062439,3.5858565092086794,6.780083036422729,4.040388894081116]}