{"train_acc":[30.78519165665611,60.81140111390193,65.76116632084744,67.41017800589712,67.94255760620291,68.04630337446763,68.01354155291034,67.89341487386699,67.5384951403298,68.15277929452877,67.22179753194277,66.97335371846674,67.23817844272142,67.1480834334389,67.04433766517418,67.08802009391722,66.89417931636999,66.76586218193732,67.43201922026864,66.72217975319428,66.73856066397292,67.0661788795457,67.34192421098614,66.7303702085836,67.36649557715408,67.26821011248225,67.60947908703724,67.96712897237086,68.34115976848312,68.16643005351098,68.96090422627498,68.66877798405591,69.10287211968985,69.63798187179208,70.03931418586873,70.06115540024025,70.84197881402206,71.24331112809872,71.63645298678607,71.73746860325434,71.9258490772087,72.88140220596266,72.61384732991154,73.77689199519493,73.45473408321503,73.65676531615158,73.28546467183575,73.94070110298132,73.13257617123512,73.25543300207491],"train_loss":[1.9403664185202276,1.160087379641677,1.0233306648221692,0.984112902559593,0.9768509274358583,0.9757937548709148,0.9738520478348265,0.979422032715934,0.9924535230933104,0.9791220477396215,0.998922228214326,1.0058726109348688,1.0085263763229646,1.0085413128550922,1.0071222662170654,1.0159642612281892,1.0142476586674816,1.0215307878096629,1.0123085167986787,1.0256755885448312,1.0291092416351508,1.022649593562607,1.0126009883611915,1.0288718495812104,1.0101597672455485,1.0151224676224684,1.0052849244860513,0.9990684828852493,0.9975262477927246,0.9902908781398341,0.9823167283579006,0.9791938594117414,0.9753468296693717,0.9625955982813346,0.9578883121585668,0.9565100847561703,0.9294473752192278,0.9232923575555235,0.917182082547701,0.9109786072516267,0.902014381300743,0.8815455688742345,0.8882493621542475,0.8662171293531324,0.8738631929218138,0.8624163920655188,0.8734626869479941,0.8694658266465659,0.8842234894205314,0.8945356990047271],"valid_acc":[49.78295885794396,60.10265090356259,63.973900460549906,66.71489803192672,68.15910890236538,70.55065658149843,62.86548909125846,69.50230691549399,70.4660241891094,67.88610117791303,62.79996723928115,72.34704742102545,72.45352043421173,66.28354582288881,66.73673865095351,74.00693439749314,69.94184935329528,71.23590597738885,69.98280051117165,73.57285211025675,70.39777225549685,73.22067214460513,69.82718611061662,68.86619891134637,73.99328401118721,72.75655901030757,73.99874416570958,71.19222474016843,73.32168500326902,75.37743317927615,74.26902181456704,75.4265745737267,76.57047694241464,76.2073766673017,75.51666711959666,78.93199377709016,78.86920199904142,77.11922247524575,79.41794752749847,80.25608124730758,81.03961341897693,80.91129979103378,81.29351060801646,81.55559802134118,81.9050479134808,82.33913019634315,82.45106336405179,83.05168036151282,82.83054410231527,83.34106855119859],"valid_loss":[1.4574868385750577,1.23517697128032,1.0740419300817936,0.9932280420563809,0.9700450743962123,0.9036219562280415,1.107721715803479,0.9092462135736621,0.8954166117534352,0.9725251582041885,1.1139148236421068,0.8373775968693793,0.8324830462850639,0.9951099807225618,1.008035209558465,0.7740940657599675,0.9132997544080165,0.8575737905911085,0.8984586833807509,0.7889199971342338,0.9033645535931741,0.8404068222352863,0.917999337616715,0.9253430214774785,0.8013874079268624,0.8248875508593766,0.7937509861611178,0.8677075626259175,0.8044418614643395,0.7516218605876024,0.7805852587638523,0.745809016900038,0.7158667223632325,0.7188787831243164,0.7435837066412109,0.6410391252033183,0.648966007357932,0.6962621161853683,0.6257590448300809,0.6041767510823904,0.5844946485495351,0.5860934263495615,0.5732434944924059,0.5687775012934484,0.5585335855900064,0.5489785445582978,0.5509407158352474,0.5305375289023956,0.5284861487283139,0.514302995638979]}