{"train_acc":[29.41738560663973,60.666703068690616,65.65742055258272,67.00338538822758,67.46478104182593,67.36922572895052,67.41836846128645,67.61766954242655,67.83335153434531,67.27094026427869,67.50573331877253,67.38560663972918,67.63951075679807,67.29278147865021,67.25182920170361,66.80408430708748,66.80681445888392,66.97608387026318,66.76586218193732,67.00884569182047,67.32554330020749,67.24090859451786,67.48116195260457,67.64224090859452,67.88249426668122,67.688653489134,68.11728732117506,68.30839794692585,68.4285246259692,68.61144479633067,69.31309380801572,69.30490335262641,69.73353718466747,69.56153762149175,70.47886862509556,70.94299443049033,70.91569291252594,71.1805176367806,71.84940482690837,72.46368898110735,72.63022824069019,73.12984601943869,73.63219394998362,73.67314622693021,73.97892322813148,74.04990717483892,74.28470022933276,73.68679698591242,73.3974008954898,73.34279785956099],"train_loss":[1.962061067615337,1.1596082645406678,1.0258965204347101,0.994949171568377,0.9808611273830656,0.9870291022841973,0.9865652216409014,0.9860742145768286,0.9883193087731437,1.0078404919085993,0.9898902108943448,1.0003935518100218,1.0032329789035457,1.0115236437475628,1.01521524559453,1.0190178757087756,1.0176600788219456,1.012011749132291,1.0221419685322006,1.0171789438870062,1.0104327828287623,1.0074231102956854,1.0132345847327389,1.0053276285875752,1.0084788723453835,1.0098915266993265,1.001275846807668,0.9938673435164107,0.989029835298148,0.9833049890684407,0.9715632171991208,0.9642928285969519,0.9662510266832042,0.9608268622319954,0.9463152753430656,0.9284287104378026,0.9334968871732876,0.9178659958233801,0.9050967517450568,0.8952029240994497,0.8906492758776223,0.8778823449893642,0.8684300564126155,0.863678193592252,0.8554028175837142,0.8539518080737193,0.8493022047250932,0.8634295542062832,0.8746806307300882,0.8852455964043656],"valid_acc":[50.80946790762936,62.15020884945246,66.85959212666546,67.4984302041168,69.78077479384385,66.72308826193984,68.71058451016648,66.0323787175674,68.71331458471992,60.146332139741574,66.54563323996271,67.0152065288868,68.92080045927784,64.11040432527554,70.68443036896288,71.29869775106353,72.25695487036485,70.10292391066385,70.91921701342491,66.85140189529848,71.42701138296417,70.1575254592202,72.1149908538246,70.44145349334214,71.44885200105365,69.83264626243125,73.68478527734052,71.56897540262874,71.93207567628366,74.6403123204221,74.91332004820705,70.65166944245351,77.31032788019618,74.2144202660107,77.81266209896225,77.06462092773084,78.08566982570576,78.42692948335407,79.70460563929818,80.015834446032,80.29703240664196,81.31535122339821,80.6956236846923,82.13164432615928,82.22173687411212,82.75410194170979,82.61759807771318,82.64216877400115,82.99161866176672,83.02983974404819],"valid_loss":[1.3961131143454086,1.1447757982355673,0.9645600343577845,0.9727897219085886,0.9199767730534752,1.0082628761945165,0.9467811376200563,1.0360420145408251,0.9377331997562663,1.1960866999517459,1.0618952067524707,0.9922006705794113,0.9397925679730355,1.0845967152217033,0.8813650166312412,0.872933860243859,0.8485339702326158,0.9230054111226731,0.8834425966600167,0.998097387628189,0.8668785813240165,0.8900797884773898,0.8414107903062364,0.8779721596700598,0.8573970158210326,0.9646675205402551,0.8055099372427145,0.8980251725050854,0.8525115004198704,0.7730512896432621,0.7650070523691072,0.905978082370568,0.6973351387359374,0.7866264514474754,0.678547546031151,0.6972132221923231,0.6620953092183491,0.6751246439346065,0.6222441232542255,0.6264712021160407,0.6062775272320216,0.5738746713196122,0.5923440053173397,0.5497303494263731,0.5586626723898095,0.538583617018828,0.536051834987388,0.5417698631228626,0.5267700726657747,0.5268415334756552]}