{"train_acc":[55.924,41.188,36.404,33.348,31.944000000000003,31.768,30.971999999999994,29.763999999999996,29.323999999999998,28.715999999999994,28.664,28.043999999999997,27.787999999999997,27.787999999999997,27.104,26.796000000000006,26.331999999999994,25.903999999999996,25.92,24.971999999999994,24.808000000000007,24.372,24.200000000000003,23.260000000000005,23.492000000000004,22.451999999999998,22.08,21.396,20.867999999999995,20.596000000000004,19.671999999999997,19.299999999999997,18.951999999999998,18.256,17.596000000000004,16.540000000000006,16.016000000000005,15.183999999999997,14.323999999999998,13.403999999999996,13.087999999999994,11.975999999999999,11.135999999999996,10.463999999999999,9.732,8.555999999999997,8.116,7.7960000000000065,7.103999999999999,6.584000000000003],"train_loss":[1.526506565170288,1.1554454878997802,1.0386781582450866,0.9615686724853516,0.9303028438949585,0.9077623167037964,0.8917578356933594,0.8631873580360413,0.851644960193634,0.8362210383605957,0.8336583411979676,0.810067123336792,0.8067636269378662,0.7942517462539673,0.7874382648849487,0.7763106518173217,0.763689935760498,0.752171969833374,0.7473342158126831,0.7326376208305359,0.7220570940208435,0.7053909558677673,0.6961254006004334,0.6789813662719727,0.6798731717300415,0.6561754794883728,0.6359271037292481,0.6256096523475647,0.607584278755188,0.5949830364227295,0.5800952635002137,0.5615161874580383,0.5474165843963623,0.5303312996864319,0.5105600658416748,0.4827952592277527,0.4683866109848022,0.4440940640258789,0.42119621603012086,0.39533610814094544,0.3801515577888489,0.35144746377944946,0.3240620384025574,0.30481621717453,0.2820039419555664,0.2522626450920105,0.23670343257904053,0.2230412640595436,0.20800702994346618,0.19003623561859131],"valid_acc":[47.624,45.576,41.996,33.744,34.087999999999994,33.64,32.611999999999995,34.34,31.236000000000004,29.756,32.084,27.604,28.144000000000005,29.36,26.507999999999996,26.263999999999996,29.683999999999997,28.628,26.992000000000004,25.504000000000005,26.063999999999993,26.748000000000005,25.483999999999995,25.64,22.128,23.724000000000004,22.751999999999995,21.843999999999994,20.944000000000003,21.652,21.748000000000005,21.144000000000005,21.168000000000006,19.592,19.159999999999997,17.736000000000004,18.22,17.867999999999995,17.504000000000005,16.572000000000003,15.843999999999994,15.703999999999994,14.591999999999999,14.772000000000006,14.335999999999999,13.811999999999998,14.340000000000003,13.372,13.5,12.896],"valid_loss":[1.3011107942199707,1.3010031563949584,1.2290172801589965,1.0029255828857422,1.0015638619613647,0.9641817253494263,0.935310499534607,1.0217745656204225,0.8784682177925109,0.8622809845161438,0.9217522133636474,0.7923800147819519,0.8171148213577271,0.8576571514129638,0.7654853631019592,0.764210214176178,0.8861312441825867,0.8277132162666321,0.789034170293808,0.7465541080856323,0.7608514490127564,0.7768182290840149,0.7410793445968628,0.7465381660270691,0.6402529218292237,0.7000158305358887,0.6616434744644165,0.6309506274795532,0.6082103882408142,0.6237702070999146,0.6390418021583557,0.604535673084259,0.6179931597900391,0.5737123998641968,0.5599960242843628,0.519853273525238,0.5324181656074524,0.5277730739784241,0.5084589393043518,0.48347711895942685,0.46475374705314637,0.4624320189285278,0.4338424094104767,0.43866561265945436,0.42283501029014586,0.4106616847515106,0.4386358801841736,0.4031989234638214,0.40675690702438355,0.39652841113090515]}