{"train_acc":[57.844,42.276,37.116,33.611999999999995,31.840000000000003,31.120000000000005,30.116,29.959999999999994,28.811999999999998,28.848,28.427999999999997,27.772000000000006,27.471999999999994,27.400000000000006,26.86,26.299999999999997,26.495999999999995,25.548000000000002,25.072000000000003,24.739999999999995,24.391999999999996,23.608000000000004,23.611999999999995,22.976,22.924000000000007,22.304000000000002,21.251999999999995,21.024,20.912000000000006,20.147999999999996,19.647999999999996,18.872,18.396,18.024,16.924000000000007,16.64,15.540000000000006,14.920000000000002,14.256,13.319999999999993,12.680000000000007,11.664000000000001,10.843999999999994,10.055999999999997,9.287999999999997,8.444000000000003,7.8559999999999945,7.132000000000005,6.888000000000005,6.236000000000004],"train_loss":[1.5763430274200438,1.1893440195846559,1.0492245001983642,0.9664214215278626,0.9156380839538574,0.8970802143478394,0.8728709101867675,0.8591701200675964,0.8368775240898132,0.8345191609191894,0.8150657253837585,0.8088430592727661,0.8027227639007568,0.7945512141990662,0.7743324508094788,0.7676484656906128,0.7642805748176574,0.7428865958213806,0.7313216502761841,0.7229684504318238,0.7154971668434144,0.6956541389846802,0.6865917464637756,0.6708457730865478,0.6663899760437012,0.6501650324821472,0.6214477978134155,0.6145494602012634,0.6012676756477356,0.584141468925476,0.5708969926071167,0.5479006238937378,0.5347695238876343,0.5216291716480255,0.5007276876735687,0.47704822902679445,0.45677209562301635,0.4333248281288147,0.41829213156700135,0.3881580270576477,0.3661027360725403,0.34244092593193054,0.310164365940094,0.290047707195282,0.26987364242553713,0.24595263898849487,0.22517933915138244,0.20854444049835205,0.19583504526138307,0.1808750670194626],"valid_acc":[47.984,38.796,36.452,35.464,34.58,39.02,35.05200000000001,29.188000000000002,30.244,33.156000000000006,31.067999999999998,31.811999999999998,30.447999999999993,27.836,30.063999999999993,29.316000000000003,26.819999999999993,25.804000000000002,27.42,26.652,25.947999999999993,28.903999999999996,23.263999999999996,25.263999999999996,24.372,22.592,25.864000000000004,21.507999999999996,21.572000000000003,21.132000000000005,21.144000000000005,23.180000000000007,20.864000000000004,19.016000000000005,18.156000000000006,20.64,18.436000000000007,18.831999999999994,16.676000000000002,17.108000000000004,16.200000000000003,15.748000000000005,14.739999999999995,14.444000000000003,13.628,13.703999999999994,12.915999999999997,13.227999999999994,12.980000000000004,13.299999999999997],"valid_loss":[1.3602393003845215,1.0845401979064941,1.057139456501007,1.0240220528030395,0.9847867094421386,1.1471759867858886,0.9981536634635926,0.8476920230484009,0.871001924495697,0.9825718634033204,0.9042158681106567,0.9295444752883911,0.8783545246315002,0.7955048372077942,0.8719666940689087,0.8600070858764648,0.7732449071407318,0.7426675967788696,0.7885941081809997,0.7828387182998657,0.7463251047897339,0.82470816488266,0.6769302330970765,0.7393192068862915,0.7152521055221558,0.6596207943916321,0.7726812607192993,0.637031235294342,0.6343696538162231,0.6283838286781311,0.6163391343688965,0.6753230088615417,0.6037550126838684,0.5502615089321137,0.5272937577915192,0.5922522290992737,0.5290951856136322,0.5475235732650757,0.4856300819587708,0.4931417651939392,0.47702244497299195,0.45953096893310547,0.43039657497406003,0.43267107206344607,0.3993396879386902,0.40400819403648375,0.38916995950222016,0.395982815527916,0.3873060158824921,0.41049697872161867]}