{"train_acc":[53.85224418477667,22.168832587091842,19.108332423282732,17.841541989734623,17.090750245713664,17.23817844272142,16.970623566670312,17.098940701102975,16.839576280441193,16.277165010374574,16.410942448400135,15.922245276837387,16.05875286665939,15.793928142404724,15.269738997488261,15.417167194496017,15.155072622037778,15.146882166648467,14.811073495686358,14.764660915146877,14.434312547777651,14.40428087801682,13.852790215135968,13.661679589385173,13.415965927705585,13.13749044446871,12.755269192967134,12.626952058534457,12.334825816315387,12.277492628590153,11.652287867205416,11.45844708965818,11.390193294747192,10.72949656000874,10.43464016599323,10.137053620181277,10.022387244730808,9.539150376760944,9.23337337555968,8.924866222561974,8.643660587528672,8.067598558479858,7.592552145899319,7.232172108769248,6.904553893196464,6.680681445888396,6.505951730916237,6.101889265043141,5.861635906956423,5.6677951294092],"train_loss":[1.5296107486852122,0.696492779706651,0.6079272159657078,0.5691000795642973,0.5491362370016065,0.5517148538956909,0.5416384584663918,0.5442103416661684,0.5355888723454856,0.5244793149143168,0.5225333819564311,0.513635098794226,0.5106156460970943,0.5064605126881346,0.498696179568045,0.5002880273225123,0.48673696874387534,0.4895472104624654,0.47723832824116413,0.47345308411573106,0.46474375195725587,0.4589275643432897,0.4502988761398513,0.44345681937719594,0.4362363062357166,0.4277174935612184,0.4224858843005744,0.4107859140109245,0.4007153129543789,0.4003025569714117,0.38362007244869756,0.37507625467211997,0.37210874022049223,0.35369734240857953,0.34618224155581306,0.33660379377621624,0.3271869364049844,0.31496688933485495,0.3074281658715682,0.29632901615049556,0.28215013900880564,0.2726943342852595,0.2557235196179095,0.2491252204472238,0.23443691045016563,0.2303561835006763,0.22014131263977343,0.211313709950257,0.20109554863973933,0.19654948752468246],"valid_acc":[27.453656937866498,23.317589888210406,21.917060252180292,20.153430343536698,19.915913621813473,18.070381393876275,17.6117284129555,18.10314232101051,19.023178355322614,16.29310109413612,16.01190313623391,17.617188564770117,17.05206257378741,16.118376151086494,18.223265717170108,17.431543313717185,16.658931447135103,14.876190998288081,14.417538015700998,16.612520133694943,17.01111141382816,15.561440389804446,15.60785170053687,14.548581726945699,16.148407001376114,15.788036800816613,12.440962077977119,14.559502034949006,12.637527642032268,12.689399109369944,12.307188294470151,10.90119850329279,11.12779491867903,10.390674054409473,10.748314178332663,10.562668925613423,9.055666274730726,9.162139286875558,9.6890442009923,9.134838515305134,9.009254961290551,8.373146960475552,8.261213792350318,7.767069806409268,7.4531109213728115,7.36028829553392,6.931666167193939,6.986267709709921,6.945316550792128,6.576756120531954],"valid_loss":[0.8263998687317748,0.7246452368344919,0.6956523995622864,0.6306115478938684,0.6263950871482015,0.5776045693057595,0.5659127943414042,0.5813064683391355,0.6009536767745344,0.5149832730815102,0.5110371812558486,0.5771422874052384,0.5478644163053528,0.519557979051967,0.5740224226087567,0.5465460374913529,0.5397802159027859,0.4837429173999195,0.4758100740257829,0.535513241592446,0.5298212245600975,0.5055489468834559,0.5079410868914539,0.47050007906901026,0.532658608145124,0.5105344021462564,0.40627960868906166,0.46736898056988035,0.42041272580389305,0.41829531167850026,0.40459048796101676,0.3632541075501409,0.36357178908851256,0.34339800138722026,0.35662377458564604,0.3473195759229934,0.3026411295426937,0.3100247258030749,0.3224179220167365,0.3040833191934911,0.30131034084117403,0.2826123028979775,0.2791294205079807,0.2648031854609827,0.25916587034688215,0.2534303297125355,0.24168566083071022,0.2453189024101614,0.23973384626068775,0.23376153883377762]}