{"train_acc":[50.17199956317571,20.951184885879655,18.843507699028066,17.661351971169594,17.306432237632407,17.025226602599105,16.823195369662557,16.664846565469034,16.53652943103637,16.525608823850604,16.020530741509234,16.053292563066506,15.67107131156493,16.009610134323466,15.387135524735172,15.570055695096642,15.029485639401557,15.138691711259142,14.988533362454959,14.707327727421642,14.374249208255975,14.445233154963418,14.071202358851153,13.74631429507481,13.424156383094896,13.132030140875827,13.044665283389762,12.676094790870366,12.54504750464126,12.201048378289826,11.810636671398925,11.40930435732227,11.169050999235552,10.931527792945289,10.516544719886426,10.00327618215573,9.784864038440531,9.380801572567435,9.004040624658728,8.832041061483025,8.384296166866875,7.925630665064972,7.734520039314191,7.404171671944965,6.953696625532373,6.56055476684503,6.374904444687118,6.230206399475804,5.831604237195592,5.5777001201266785],"train_loss":[1.43970420973861,0.6631404196147225,0.5944142927050239,0.5653727707142157,0.5551658726498798,0.5482807930242004,0.5351580918922271,0.5335375404493301,0.5265387697512501,0.5277383521002323,0.5191867247905692,0.514774129385379,0.5089049569459361,0.5089866584847298,0.5005014701820141,0.49621262419649487,0.4870104859577486,0.4862230119453164,0.4809305360448195,0.4721684866275956,0.4682193315320756,0.4607050320499912,0.4508814006845308,0.4485717276578076,0.4353035172156479,0.42760375620848334,0.42224622921637994,0.41373428641493515,0.40529094572162033,0.3962987227979883,0.3875032920751221,0.37645983457747567,0.3660399442717825,0.3570014170336518,0.3475210884974697,0.3347552798129435,0.3258854940369281,0.3119685010929822,0.30387551330645896,0.29713669417661337,0.2819989297888458,0.2697597341147185,0.2602200144782876,0.2496572967484045,0.23717406296086935,0.22701917990815942,0.21612722887422134,0.21014031757023627,0.1997548294396748,0.19721764417875148],"valid_acc":[25.326926754109962,20.186191271295797,19.484561413504565,21.608561524373968,18.900324880235516,19.15968221838193,16.79816538912192,20.333615442150148,17.483414779388568,20.287204127251954,16.672581836148794,20.841409812314254,15.394905675205763,15.078216714574438,17.7728029696992,17.89838652642152,16.050124218931956,15.902700045786446,18.701029240168907,14.231892763606623,15.113707718969863,15.345764284504398,14.783368368699982,17.289579296552063,14.01348658375315,14.215512298373199,14.089928744358616,12.828633050731895,12.484643314780968,13.825111251689833,11.684730678919621,12.298998061020285,12.285347675755787,11.619208824026288,10.297851429195447,12.121543040709469,9.994812854245183,9.413306396571016,10.409784595654358,9.047476042947167,8.575172677386774,8.291244643264818,8.42228835013546,7.685167491281419,7.562314013486585,7.171912963470604,7.038139179338771,6.830653306238872,6.969887246142804,6.582216275054321],"valid_loss":[0.8044584065740013,0.652213160161249,0.6187089220575815,0.6610394224376824,0.5931780177010323,0.6115610507041043,0.5412003977129698,0.649605185560722,0.5651040423505153,0.6590210709158125,0.5337248448690413,0.6568409529298974,0.49474826785041787,0.47976356984460583,0.5661141272730784,0.5688438993267196,0.526075704651209,0.5166567170435109,0.5888955824398715,0.46265221088526665,0.49017630215098495,0.5082274420875053,0.4735974899419855,0.5537006389584125,0.45318166484977,0.4632424088910703,0.45181754021944137,0.4217168430740624,0.4105345845904292,0.4527054167774406,0.37818008471735864,0.40771351263194333,0.40715184001554977,0.38917139692868113,0.34390740493150923,0.3989187626643544,0.33779866832980143,0.3184928501881133,0.34995338580523033,0.3078429990791891,0.2934827586258272,0.28467297076824216,0.2879612786073598,0.26164943963649695,0.2608189122428091,0.25126984141163516,0.24548593184863243,0.24185897162695535,0.24090105417794777,0.23445664685012152]}