{"train_acc":[34.704,41.88,43.932,43.932,43.84,43.416,43.28,43.512,42.776,42.512,42.872,42.048,41.96,41.384,40.748,40.928,40.572,41.28,40.24,40.452,40.332,40.656,40.04,40.54,40.584,40.356,40.528,40.132,40.356,41.124,41.232,40.792,41.408,41.692,42.184,42.284,42.296,42.964,43.44,44.1,44.364,44.62,45.504,45.912,46.024,45.988,46.46,46.152,46.356,45.868],"train_loss":[1.75937859790802,1.5872922248077392,1.5353567864227295,1.5402542614746093,1.5493181244277954,1.5556585010147095,1.5659154230499268,1.5678377727508546,1.5765923737335206,1.5925731280517579,1.5834713570404053,1.5963722073364257,1.6099771826934814,1.6334756316375731,1.6409815530776977,1.6429525555419922,1.6416034589385986,1.6376279663467408,1.6566008951187134,1.6474456484222413,1.6535490418243408,1.652855147857666,1.6624958122253417,1.650766650314331,1.653628866043091,1.660203715286255,1.6634660216522217,1.6615473774337768,1.6531314233779908,1.652600303955078,1.6461839392089843,1.6605787936782836,1.6333540971755982,1.6318904386138915,1.6216478542709352,1.627322178955078,1.620800400314331,1.6196869689941407,1.6004464168548584,1.6018030596542359,1.5889771858596802,1.5776745575332642,1.5750904564666748,1.567818572692871,1.5619798620224,1.565513725013733,1.5629608702850342,1.565196381072998,1.5611000422286987,1.5852813995361328],"valid_acc":[32.352,28.876,42.088,42.756,37.344,44.672,36.76,29.848,43.384,42.648,42.032,37.144,40.676,44.608,44.296,40.892,40.492,37.296,44.496,35.384,40.612,43.112,45.684,45.512,48.828,41.916,46.596,43.108,47.332,43.988,46.296,49.224,48.048,48.044,47.116,50.444,47.212,52.456,51.556,53.14,54.116,53.648,54.396,54.036,55.916,55.888,55.856,57.8,57.544,55.976],"valid_loss":[1.8003034264373778,2.0585422953033445,1.632826891746521,1.6164556697845458,1.7820813878250121,1.5404496070480347,1.8635961669540406,2.14272798828125,1.5537266365814209,1.625903123474121,1.5945647609710694,1.6940745304107665,1.5673726712417602,1.5460558638381958,1.5338017283248901,1.5826537060546875,1.7159036124038696,1.7152121435546874,1.5083993674087524,1.7748064889526367,1.645665051574707,1.5332871950149536,1.5411039010620118,1.4633302085113526,1.396335298347473,1.5559389844512939,1.454093028640747,1.5596869004058838,1.4316350356292724,1.5290551956176759,1.478211008682251,1.4014828421020509,1.4345459302902221,1.4262962479782104,1.4159255281448364,1.3515289246749878,1.4858826951217652,1.3207081302261352,1.3464101613616943,1.3095664554977418,1.2785782543563842,1.296795824356079,1.2605650897979737,1.2667003309249878,1.2409511960220336,1.2332591537857056,1.2269505954742432,1.2025673406600952,1.212951704826355,1.2306368535614014]}