{"train_acc":[57.008,39.132,31.836,27.372,25.123999999999995,23.099999999999994,21.808000000000007,20.292,19.852000000000004,19.043999999999997,17.816000000000003,17.388000000000005,16.872,16.040000000000006,15.792000000000002,14.879999999999995,14.471999999999994,14.275999999999996,14.016000000000005,13.536000000000001,13.168000000000006,12.480000000000004,11.988,11.536000000000001,11.543999999999997,10.780000000000001,10.052000000000007,9.707999999999998,9.308000000000007,8.852000000000004,8.623999999999995,7.936000000000007,7.623999999999995,7.055999999999997,6.563999999999993,6.084000000000003,5.6200000000000045,5.0,4.1440000000000055,4.191999999999993,3.852000000000004,3.4200000000000017,2.823999999999998,2.719999999999999,2.3799999999999955,1.9680000000000035,1.8799999999999955,1.715999999999994,1.6039999999999992,1.5040000000000049],"train_loss":[1.5509092290496826,1.095057628479004,0.9065750074958802,0.7812353542327881,0.7197252113342285,0.6592597359275818,0.6285281921386718,0.5920343621635437,0.5664232648086548,0.5447823794746399,0.5132995057582855,0.4991381567955017,0.4850895413589478,0.46470777753829956,0.45275722452163697,0.43328547492980957,0.42210181645393374,0.41448773962020874,0.40319879377365114,0.38630683093070983,0.3749297787284851,0.3582017770576477,0.34663132732391355,0.3322267590904236,0.32557780570983885,0.3091792933273315,0.2907946412086487,0.2818008334779739,0.26792315587997434,0.25398093750953676,0.24732263588905334,0.22705306176185608,0.2153934184885025,0.20225847739219666,0.1885010735797882,0.17275645223617553,0.15946804088115693,0.14241156803131103,0.1249205612397194,0.1193332358789444,0.10965689366340638,0.09700253430843353,0.08425697008609771,0.07903899001836777,0.06979202778816224,0.06044341215133667,0.05703702227652073,0.05425417530179024,0.050747672517299655,0.048862550505399706],"valid_acc":[44.996,34.896,30.28,27.287999999999997,24.488,23.116,23.516000000000005,22.299999999999997,21.635999999999996,20.739999999999995,19.647999999999996,19.427999999999997,20.444000000000003,19.424000000000007,17.867999999999995,18.116,17.903999999999996,18.552000000000007,16.980000000000004,17.075999999999993,17.623999999999995,17.355999999999995,17.572000000000003,16.391999999999996,15.335999999999999,15.847999999999999,15.384,15.691999999999993,15.611999999999995,15.200000000000003,14.611999999999995,14.251999999999995,13.864000000000004,14.067999999999998,13.352000000000004,13.135999999999996,13.091999999999999,12.912000000000006,12.951999999999998,12.635999999999996,12.396,12.427999999999997,12.128,12.391999999999996,11.915999999999997,11.744,11.719999999999999,11.867999999999995,11.748000000000005,11.579999999999998],"valid_loss":[1.246976203842163,0.9864229349517822,0.8640779044914245,0.7956267442512512,0.6973385583877564,0.6699082318115235,0.6787417007446289,0.6554992068386077,0.6318749529266358,0.5998208987998962,0.5743031064510346,0.5703932676315308,0.6017657541847229,0.5767116227293014,0.5256816709899902,0.530266875743866,0.5277887935638428,0.5498429357147216,0.5051221852016449,0.4962993279647827,0.5186172898006439,0.524858583946228,0.5245726383590699,0.4986037632751465,0.45626836107254026,0.4713961790847778,0.467318654050827,0.47017153754234314,0.48904503791809084,0.4723136555480957,0.44815097751617433,0.44762460865020753,0.43018206676483156,0.4498815411281586,0.4182715973854065,0.41218274702072144,0.43191840282440186,0.42216532132148743,0.4415882709503174,0.43529142404079435,0.4241531899642944,0.4366634764480591,0.42787038897037505,0.43482531248092654,0.4185635793972015,0.4262276443576813,0.43777440671920775,0.42847240657806396,0.4426067738056183,0.431116577796936]}