{"train_acc":[54.192,36.5,29.608000000000004,25.555999999999997,23.451999999999998,21.432000000000002,19.939999999999998,18.891999999999996,17.879999999999995,17.0,15.587999999999994,14.975999999999999,14.691999999999993,14.016000000000005,13.055999999999997,12.587999999999994,11.936000000000007,11.727999999999994,11.328000000000003,10.760000000000005,10.668000000000006,10.14,9.616,9.224000000000004,9.0,8.379999999999995,7.900000000000006,7.347999999999999,7.367999999999995,6.647999999999996,6.284000000000006,6.299999999999997,5.799999999999997,5.640000000000001,5.007999999999996,4.676000000000002,4.4680000000000035,4.055999999999997,3.852000000000004,3.5,3.3559999999999945,3.1599999999999966,2.932000000000002,2.676000000000002,2.8119999999999976,2.347999999999999,2.4000000000000057,2.343999999999994,2.195999999999998,2.1599999999999966],"train_loss":[1.4838584888458253,1.0317214894485474,0.8486289828872681,0.7410478483963012,0.6771656860733032,0.6181772637939453,0.5744337727546692,0.5421351468658447,0.5203764992427826,0.48993903705596925,0.45291273110389707,0.43782500465393065,0.42301332626342775,0.40221685813903807,0.3845070395851135,0.3645312511634827,0.3482423733329773,0.33667482009887695,0.32730484338760374,0.3128444273471832,0.3026928917884827,0.28953493492126464,0.2734911856555939,0.26073241005897524,0.2544195839214325,0.24265320439815521,0.22240143432855605,0.20997001990318298,0.20774307213306428,0.19021275856018066,0.17896450477600098,0.17664996942520142,0.16629094764232635,0.15999925840854645,0.14141695179462432,0.13368799951076507,0.12400326594352722,0.11587186240196228,0.10736280240893364,0.10262095640182495,0.09781555772900581,0.0907543810749054,0.08531626204013824,0.0793856185221672,0.07897922273159028,0.072391747071743,0.06924927463471889,0.06985359519839286,0.06784583191394807,0.06663363753318786],"valid_acc":[42.232,34.43600000000001,27.912000000000006,25.555999999999997,23.007999999999996,22.436000000000007,23.024,20.872,19.683999999999997,19.415999999999997,17.828000000000003,19.120000000000005,18.22,18.784000000000006,16.528000000000006,17.396,16.840000000000003,16.72,16.227999999999994,16.108000000000004,15.543999999999997,15.587999999999994,16.659999999999997,15.64,14.963999999999999,14.540000000000006,14.560000000000002,15.040000000000006,14.628,14.751999999999995,14.575999999999993,14.475999999999999,14.055999999999997,14.468000000000004,13.215999999999994,13.804000000000002,13.676000000000002,13.451999999999998,13.488,13.268,13.040000000000006,13.116,12.796000000000006,13.028000000000006,12.900000000000006,12.843999999999994,13.372,13.007999999999996,12.891999999999996,12.787999999999997],"valid_loss":[1.1817187312698365,0.9967107228088379,0.8019485010910035,0.7441360145950318,0.6699920100784301,0.6514032953071595,0.6642692948150635,0.6173114709472656,0.5777670907497406,0.5727599619865418,0.5264519006156921,0.560585507593155,0.5342049582624435,0.553618080406189,0.5000565308570862,0.5250281189918518,0.5007306755447388,0.5045717115592957,0.4942850410270691,0.490274709072113,0.4602360350894928,0.47940343254089357,0.5100838522338867,0.48324021812438966,0.4604154367828369,0.4449569689178467,0.4647466599655151,0.47967549263000486,0.45740929805755615,0.47793881831169127,0.47877768909454343,0.4751169391441345,0.4670397435951233,0.4908588207817078,0.436795243062973,0.4630160488605499,0.4720939587020874,0.46439287473678587,0.4766350195503235,0.4664745749759674,0.47234105160713197,0.476861220035553,0.4689381939983368,0.47815388134002684,0.4664834118461609,0.47749696772098543,0.48624962442398073,0.4815543307876587,0.4777993604183197,0.4745881057834625]}