{"train_acc":[32.19394998361909,65.57278584689308,71.71016708528994,73.62127334279786,74.36387463142951,74.44850933711915,74.63142950748062,74.80342907065634,74.67238178442722,74.93993666047832,75.06552364311456,75.05460303592879,74.82527028502784,74.41028721196899,74.71333406137381,74.88260347275309,74.40482690837611,74.6914928470023,74.61504859670198,74.42120781915474,73.94070110298132,74.11270066615704,74.3775253904117,74.000764442503,73.70863820028394,73.56121000327619,73.3974008954898,73.86425685268101,73.56394015507263,73.48203560117942,72.99060827782024,72.5974664191329,72.65479960685815,72.11968985475592,72.48826034727531,71.57638964726439,71.61461177241455,70.68909031342143,70.57988424156383,69.9683302391613,68.94998361908922,68.16916020530742,66.4764660915147,64.85748607622584,62.74707873757781,60.2817516653926,56.93731571475374,53.6420224964508,49.60139783771978,45.34782133886644],"train_loss":[1.903315958867912,1.0202536317111495,0.8553673597133041,0.8103708445316347,0.790264716097084,0.7827687732801305,0.7818977690698591,0.7783125194253991,0.7834468369428229,0.7749358921888367,0.7803329769877922,0.785662685007433,0.7875469829156903,0.7958432966488294,0.7911843671293072,0.7897465230791905,0.8024679861097886,0.7953160676461999,0.8023030824753425,0.8086749973340861,0.8184037295519896,0.8231693079238038,0.8181013863485324,0.8303997863636952,0.8398611443108107,0.8419085401979429,0.8500640693418555,0.8465826517631878,0.8611836625041173,0.8539159257651234,0.8726766345229383,0.8799897083369642,0.8882117004286219,0.8976960911609674,0.8948436028392109,0.9167146654163918,0.9150513733814569,0.9404783845273275,0.956078582941555,0.9729837123465301,0.9959832215082624,1.0140529614004152,1.0587135732623054,1.1085951552844613,1.1580587083808822,1.2125166429889584,1.2955204473385922,1.3858059195434864,1.4870022199970674,1.5841999158883207],"valid_acc":[57.73840399652068,68.06355619718241,70.03194190249786,75.23819923958051,76.1718856660306,77.39496027904215,76.27016844535044,78.14846160208819,77.23934587244678,76.65237926358286,78.5443228055851,77.73075978112665,79.45616860748876,77.54511452632453,79.72371618075135,77.13287285884392,79.07395779092266,77.13833301440775,80.23697070689585,80.55638974374692,80.27519178584471,79.91482159007585,80.0786262263719,79.30328428086233,78.19760299278954,80.04313522239305,80.98228179982463,79.9257418991206,80.97955172089713,81.4682355510661,80.53727920291861,81.29624068361134,81.65661088271283,82.34459035149038,81.48188593799689,82.66673946664407,82.84419448966264,82.59029730603861,83.54582434578758,82.84965464543475,83.32741816655896,83.79699145381673,83.85159300174821,83.88981408069706,84.01266755640903,84.01812771363915,84.14644134220715,83.64410712885659,84.0072074045944,83.77788091569617],"valid_loss":[1.2370534740465078,0.9648220314987754,0.8956663298819717,0.7544701301305285,0.7185485800021618,0.6786850945645063,0.7109876098359174,0.6629945532318584,0.7002712867893892,0.7120657969209121,0.6630566026450486,0.6746474291552925,0.6352646426837032,0.6820373984684851,0.6206864617296505,0.7033271213161548,0.6432018587938082,0.704919416300283,0.6104866304035421,0.6010952063022608,0.6168570182303212,0.6226339368784521,0.6137469243468255,0.6440987145712941,0.6762811697244728,0.6486139042299559,0.5882190077534413,0.6230338102961684,0.5886328424408667,0.5765493675204362,0.5975707157188852,0.5771428577795349,0.576816626935168,0.5475057630314509,0.5760641137385707,0.5412307464684929,0.5379895652726742,0.5562998548655731,0.5302732689955262,0.5327235225989506,0.5175646439244718,0.5098108361669449,0.51702289846956,0.5013326496242217,0.5003636047610611,0.5113032033351739,0.5044265059590154,0.5028362607431306,0.4991601984446014,0.4919024050913499]}