{"train_acc":[34.796,41.64,44.032,44.896,45.04,45.308,45.104,45.78,45.296,45.64,45.488,45.936,45.76,46.248,46.28,46.38,46.796,46.536,46.444,47.376,47.54,47.92,47.988,48.916,48.956,48.812,50.076,49.692,50.844,51.268,51.712,52.548,53.828,53.648,54.288,54.988,56.204,56.988,57.984,58.584,59.952,60.348,61.56,62.64,63.332,63.748,64.304,65.076,65.924,65.744],"train_loss":[1.7759297555923461,1.5908224280929566,1.5449312841796874,1.5135580266952515,1.5153129891204833,1.5090731481170654,1.5144114183807373,1.5020063822174072,1.5136879769134521,1.5123769995880127,1.508233232536316,1.500843589706421,1.50191243019104,1.4964424143981934,1.4931460034561157,1.4931926310348511,1.4846333923339843,1.4893312242889405,1.4825740980911255,1.4700386548995972,1.4648348378753662,1.4530567626571655,1.4586346043777465,1.4321348511505128,1.4332650424194335,1.4354306914901733,1.403151675491333,1.3961062590789795,1.3851003017807006,1.3726074417114258,1.360212215538025,1.3368610485458374,1.3187343186950684,1.3126762320709229,1.2969064493560791,1.2700231356430054,1.2509646379089356,1.2290351462554931,1.199713881263733,1.1830610612869263,1.1541312235641479,1.1397672312927245,1.1029838500976563,1.088169663772583,1.0644320461273193,1.046833982849121,1.0290379956817628,1.009056962413788,0.9937329665374756,0.9959809316635132],"valid_acc":[35.664,27.72,36.54,44.82,39.004,36.46,36.428,35.696,40.28,31.044,42.592,49.184,43.368,37.664,44.312,41.928,48.68,47.688,48.128,42.14,48.204,48.868,37.908,43.072,47.068,51.824,48.06,48.516,47.924,51.636,54.384,49.752,55.928,52.024,56.18,57.496,54.248,58.684,61.076,60.88,60.824,63.46,64.096,64.524,63.78,67.536,68.4,67.772,68.072,69.248],"valid_loss":[1.8499590005111695,2.289609857635498,1.808840206298828,1.5319891388702394,1.7885062173461914,1.8255622748565674,1.847507764930725,1.8534803285980224,1.5624273431777953,2.3965143070220947,1.5761707858276368,1.4186428052520752,1.5256026696014404,1.7586026509857178,1.5360044049072266,1.583818125076294,1.4423212525939941,1.449607308883667,1.4577770153045655,1.5953738593673705,1.4173578165054321,1.4243300866699218,1.7025329134368896,1.567287338409424,1.4591204251098633,1.3841914936828614,1.423862361869812,1.4590147663116455,1.4080049402999877,1.3425618367767334,1.2854522739410401,1.4256739149093627,1.2744469739532471,1.4434530373764038,1.210307011604309,1.1865491884613037,1.265018656539917,1.1507023929214477,1.1013360312652587,1.0809232661437989,1.085829305305481,1.0340726652717591,1.016505879535675,0.9976427983474732,1.000688750038147,0.9149978048706054,0.9035174309921264,0.9029563068008423,0.9146669890594482,0.8732618522262573]}