{"train_acc":[33.172,42.404,44.428,45.264,45.728,46.068,45.58,45.648,45.828,45.624,45.56,45.74,46.356,46.424,46.388,46.392,46.988,46.948,47.452,47.176,47.804,48.092,48.436,48.84,49.528,50.372,50.132,51.016,51.624,52.172,52.544,52.652,53.736,54.548,55.076,55.984,57.788,57.804,59.228,59.644,60.992,62.264,63.516,63.86,64.832,65.984,67.056,67.492,67.604,68.176],"train_loss":[1.7923100539398193,1.5714245008087158,1.5271411000823976,1.506472092514038,1.5082801752090453,1.50208586063385,1.5053879135131836,1.497073877182007,1.4964875229644776,1.508601618309021,1.502213391609192,1.499119246902466,1.4854569246673583,1.4861670602798462,1.4923334300613402,1.4881301676177978,1.4789233317947388,1.4765165741348267,1.4599992608261108,1.4633018877410888,1.4506297343826293,1.4499199212265015,1.4324126430130004,1.4352782706451417,1.4163158433532714,1.3942552862548827,1.3927743706512452,1.372488486175537,1.369303722305298,1.3492992835235595,1.3425454335403442,1.3306321364212037,1.3155129596710204,1.2898264532089234,1.2735183639907837,1.2497564308929443,1.2167144509124757,1.2044381833267213,1.1636562523269653,1.1555010976409912,1.1183578849792482,1.091765410232544,1.065368613243103,1.0458131009101868,1.016714820022583,0.987216308631897,0.9669858576202393,0.9604076279449463,0.9451009603118896,0.9381753731155396],"valid_acc":[25.836,36.364,42.848,39.18,44.088,41.06,36.464,40.816,41.176,33.932,41.356,42.132,41.464,29.404,40.516,47.46,37.996,49.088,48.88,47.2,47.22,48.108,50.076,51.456,50.368,50.688,49.62,52.508,50.432,54.136,52.476,53.42,53.34,56.32,57.872,54.22,58.968,59.3,61.568,60.696,63.94,64.456,64.672,68.004,68.764,67.768,70.14,69.088,70.676,70.596],"valid_loss":[2.206846538696289,1.7616548983383178,1.5965085404205321,1.6586563794708251,1.5562134818267823,1.6507222394561767,1.856126357498169,1.5950527499389648,1.5807947424316406,1.911875500717163,1.6397622609329223,1.6754877558135985,1.668599460067749,2.171737660446167,1.6675012935638427,1.4597443544769286,1.6486462217712403,1.4418188873291016,1.420647551574707,1.4935349352645875,1.440708004989624,1.4366279149627685,1.398938236885071,1.3603373528289795,1.355355874710083,1.3601429474258422,1.3685294397735597,1.3323209333419799,1.3750114096450805,1.2603168538665772,1.331972688331604,1.3076216108703613,1.2953265460968018,1.208443412399292,1.1839296893310547,1.2496561679458618,1.160490447998047,1.1515376735687255,1.0874557240104676,1.1151910194778443,1.0197191958236695,1.0226858065986633,0.9856303615951538,0.9070384853363037,0.8884995116043091,0.9145988223075867,0.8512910402107239,0.8819956763267517,0.8398860499382019,0.8304292805671691]}