{"train_acc":[38.568,52.004,58.256,60.724,63.148,64.68,65.736,66.92,67.636,68.144,68.984,69.076,70.012,69.912,69.784,70.0,71.108,71.008,71.288,71.512,71.776,72.248,72.236,72.736,73.016,73.452,73.08,74.084,74.744,75.168,75.38,75.824,75.64,76.852,76.912,77.26,77.844,78.384,78.624,78.968,80.016,80.444,81.02,81.12,81.672,82.536,82.748,82.828,83.172,83.436],"train_loss":[1.6664887942886353,1.3132337690353393,1.1786260037612915,1.1080254750442504,1.052612650680542,1.0151395836639405,0.9825524424362183,0.9506995097732543,0.9314073951530456,0.9207982457160949,0.895662490234375,0.896772746963501,0.8776365452957153,0.8669933003997803,0.8716782969284058,0.8653031995773316,0.8479127865600586,0.8444407697868347,0.8345412446594238,0.8275426364898681,0.8228804280662536,0.8082117268180847,0.8042973339653016,0.7991664603042603,0.7893083184814453,0.7685794607162476,0.771297314453125,0.7523842917060852,0.7452045287418365,0.7302764626312256,0.7230177457237243,0.7141935587501526,0.7075171608352662,0.6829671183395386,0.6792840955162048,0.6680301773071289,0.6577714553451538,0.6339076502609253,0.6290938646125793,0.6194593685340881,0.5852866001701355,0.5758156554222107,0.5613076470565795,0.5509663524246216,0.5393354823493958,0.5154141704177857,0.5092223285198212,0.4984107177066803,0.4948290463066101,0.49228154689788817],"valid_acc":[45.652,50.664,58.308,60.704,63.06,63.796,64.84,65.552,66.136,70.92,68.104,67.552,71.14,68.436,72.224,72.256,69.228,73.148,71.004,73.412,74.2,69.952,70.788,75.296,75.12,73.108,74.884,74.384,76.38,75.424,75.184,78.092,78.208,77.536,79.068,77.316,79.776,81.168,81.256,81.436,81.88,81.644,82.684,83.008,82.704,83.296,83.612,83.808,84.164,84.248],"valid_loss":[1.5059387097930907,1.4078911469650268,1.167828698539734,1.1364163363647461,1.0409315704154969,1.0197607557296753,0.9970507861328125,0.9800000152587891,1.0051912538528442,0.8362552587509156,0.9193354312515258,0.9283010422515869,0.8195298907852173,0.9096703800964355,0.7888046020317078,0.7955489185905457,0.8842315001678467,0.7701848889541626,0.8325959416770935,0.7707919170761108,0.7323326517868042,0.8819043892478943,0.8501776751708985,0.7163909239578247,0.7198248100471497,0.7841950279617309,0.7228526053237915,0.7525694902992248,0.6846495427513123,0.7035080587959289,0.7393342841720582,0.6300607249927521,0.6276594564437866,0.6547865321159363,0.6008823008346558,0.6418909008026124,0.5896759341812133,0.5460707662391663,0.5460142426872253,0.5338838466072082,0.5279979183197021,0.5337275322914123,0.5016551892852783,0.49513963384628296,0.5000898189258576,0.4859499880027771,0.47837081743240356,0.46857736534118655,0.4520150378608704,0.459629939365387]}