{"train_acc":[39.816,53.964,58.94,61.948,63.572,64.196,66.196,66.712,67.296,67.476,68.116,69.192,68.78,69.112,69.564,70.004,70.612,70.556,71.18,71.512,71.42,71.78,71.728,72.492,73.096,73.1,73.612,73.196,74.192,74.556,74.8,75.22,75.692,76.26,76.532,76.584,77.76,78.18,78.412,78.968,79.312,80.156,80.664,80.88,81.644,81.916,82.46,82.728,82.828,83.312],"train_loss":[1.6374039583587647,1.2842977719306945,1.1571494217300415,1.0780035724258423,1.0428029574394226,1.011493270111084,0.9708670088958741,0.9537853412055969,0.9368520937347412,0.9304010871887207,0.919679061756134,0.8931316508674622,0.894581604423523,0.8845230765342712,0.8832177628707886,0.8689518012619019,0.8541578015327453,0.8529717800331116,0.8435942219161987,0.8296868447494506,0.8272459229278565,0.8178226258468628,0.8129844433021546,0.8044259962463379,0.7896844839096069,0.7859442596435546,0.7679522850036621,0.7709483573532104,0.7550563565063476,0.743017737159729,0.7313741849517822,0.7266554880142212,0.7163722913932801,0.6962215946769714,0.6887376656532288,0.6778997526931763,0.6568917663574219,0.6398354397773742,0.631942552318573,0.6150008448410034,0.6070522110939026,0.5857928842926026,0.5709154985237122,0.5552882975578308,0.5436718387031555,0.5331088861370087,0.522461021270752,0.5129646377372742,0.5030834029579163,0.49570393243789673],"valid_acc":[47.9,55.08,57.056,63.052,64.468,62.904,66.092,67.364,64.388,68.984,69.488,69.828,68.0,70.016,70.524,71.368,72.516,71.584,72.568,73.336,74.036,74.444,71.492,73.22,74.108,74.72,75.924,75.784,75.092,75.604,77.424,77.396,77.116,78.296,78.24,78.124,79.084,79.432,80.56,81.332,81.092,81.932,82.284,82.756,83.12,83.208,83.556,83.348,83.756,84.132],"valid_loss":[1.422796680870056,1.2737702630233765,1.223085294380188,1.0437472150993348,1.035846717414856,1.049022942237854,0.9560674434661866,0.9358854293060302,1.024423854446411,0.8919071665573121,0.8706025769042969,0.8735790419387818,0.9082908696365356,0.8514705346298218,0.8480816070175171,0.8194159650802613,0.79147995803833,0.812871933631897,0.7775081124305725,0.7653739727973938,0.752909939994812,0.7303792643737793,0.8067382989883423,0.7686502762031555,0.7394766610908509,0.7254195234680175,0.6975338167190551,0.7029373203468323,0.720554697265625,0.7049571052455902,0.6366439762878418,0.6547995775032044,0.6681827116584778,0.6236289476966858,0.6277001177597046,0.6346655695533753,0.611088080663681,0.5937977224159241,0.5630454241752625,0.5357391011428833,0.5494859862327576,0.5297990608406067,0.5159285422706604,0.5086048178672791,0.484456098651886,0.4867397181892395,0.4822459979438782,0.4815808008003235,0.4714595538330078,0.46732234650611876]}